,10-Year Treasury Yield,2-Year Treasury Yield,Federal Funds Effective Rate,1-Month Treasury Yield,3-Month Treasury Yield,5-Year Treasury Yield,20-Year Treasury Yield,30-Year Treasury Yield,15-Year Mortgage Rate,30-Year Mortgage Rate
2003-07-27 00:00:00+00:00,4.22,1.52,1.03,0.92,0.93,3.1,5.15,5.31,5.27,5.94
2003-08-03 00:00:00+00:00,4.44,1.85,1.0,0.91,0.95,3.37,5.42,5.47,5.44,6.14
2003-08-10 00:00:00+00:00,4.27,1.72,0.96,0.91,0.96,3.17,5.29,5.4,5.66,6.34
2003-08-17 00:00:00+00:00,4.55,1.85,1.39,0.92,0.95,3.42,5.49,5.57,5.58,6.24
2003-08-24 00:00:00+00:00,4.48,1.97,0.99,0.96,0.98,3.47,5.37,5.4,5.6,6.28
2003-08-31 00:00:00+00:00,4.45,1.95,1.01,0.98,0.98,3.46,5.33,5.3,5.66,6.32
2003-09-07 00:00:00+00:00,4.35,1.72,0.96,0.95,0.96,3.28,5.29,5.32,5.77,6.44
2003-09-14 00:00:00+00:00,4.27,1.66,1.02,0.91,0.96,3.15,5.22,5.33,5.46,6.16
2003-09-21 00:00:00+00:00,4.17,1.7,0.99,0.88,0.95,3.11,5.12,5.2,5.3,6.01
2003-09-28 00:00:00+00:00,4.04,1.6,1.03,0.87,0.94,2.95,4.98,5.11,5.3,5.98
2003-10-05 00:00:00+00:00,4.21,1.65,0.99,0.87,0.94,3.12,5.15,5.23,5.1,5.77
2003-10-12 00:00:00+00:00,4.29,1.65,1.0,0.89,0.92,3.15,5.23,5.34,5.26,5.95
2003-10-19 00:00:00+00:00,4.41,1.9,0.98,0.9,0.93,3.33,5.32,5.37,5.36,6.05
2003-10-26 00:00:00+00:00,4.24,1.76,1.01,0.92,0.95,3.13,5.14,5.27,5.39,6.05
2003-11-02 00:00:00+00:00,4.33,1.85,1.03,0.96,0.96,3.27,5.2,5.28,5.26,5.94
2003-11-09 00:00:00+00:00,4.48,2.04,0.98,0.95,0.96,3.47,5.33,5.38,5.31,5.98
2003-11-16 00:00:00+00:00,4.22,1.84,0.98,0.92,0.95,3.19,5.1,5.21,5.39,6.03
2003-11-23 00:00:00+00:00,4.15,1.84,0.98,0.93,0.94,3.15,5.05,5.13,5.17,5.83
2003-11-30 00:00:00+00:00,4.34,2.06,1.01,0.96,0.93,3.38,5.2,5.23,5.22,5.89
2003-12-07 00:00:00+00:00,4.23,1.88,0.98,0.93,0.92,3.23,5.09,5.2,5.36,6.02
2003-12-14 00:00:00+00:00,4.26,1.84,0.99,0.88,0.91,3.23,5.12,5.23,5.24,5.88
2003-12-21 00:00:00+00:00,4.15,1.82,0.98,0.87,0.88,3.16,4.99,5.11,5.14,5.82
2003-12-28 00:00:00+00:00,4.17,1.82,0.97,0.76,0.87,3.17,4.99,5.15,5.13,5.81
2004-01-04 00:00:00+00:00,4.38,1.94,1.01,0.88,0.93,3.36,5.21,5.3,5.15,5.85
2004-01-11 00:00:00+00:00,4.11,1.68,0.99,0.87,0.87,3.05,4.98,5.14,5.17,5.87
2004-01-18 00:00:00+00:00,4.04,1.7,0.98,0.8,0.89,3.03,4.9,5.04,4.97,5.66
2004-01-25 00:00:00+00:00,4.09,1.71,1.0,0.79,0.9,3.06,4.95,5.08,4.95,5.64
2004-02-01 00:00:00+00:00,4.16,1.84,1.03,0.85,0.92,3.17,5.0,5.11,4.97,5.68
2004-02-08 00:00:00+00:00,4.12,1.77,0.99,0.89,0.93,3.12,4.95,5.08,5.03,5.72
2004-02-15 00:00:00+00:00,4.05,1.7,1.01,0.9,0.92,3.01,4.92,5.08,4.96,5.66
2004-02-22 00:00:00+00:00,4.1,1.75,0.99,0.93,0.94,3.08,4.96,5.09,4.87,5.58
2004-02-29 00:00:00+00:00,3.99,1.66,1.04,0.95,0.96,3.01,4.85,5.01,4.89,5.58
2004-03-07 00:00:00+00:00,3.85,1.57,1.0,0.95,0.94,2.81,4.73,4.91,4.88,5.59
2004-03-14 00:00:00+00:00,3.78,1.54,0.99,0.96,0.96,2.73,4.68,4.89,4.69,5.41
2004-03-21 00:00:00+00:00,3.8,1.56,0.99,0.93,0.94,2.75,4.68,4.89,4.69,5.38
2004-03-28 00:00:00+00:00,3.85,1.59,1.0,0.94,0.95,2.81,4.75,4.91,4.7,5.4
2004-04-04 00:00:00+00:00,4.15,1.86,1.0,0.93,0.95,3.15,4.97,5.13,4.84,5.52
2004-04-11 00:00:00+00:00,4.21,1.88,1.01,0.93,0.93,3.22,5.04,5.17,5.12,5.79
2004-04-18 00:00:00+00:00,4.37,2.03,0.99,0.91,0.94,3.39,5.2,5.31,5.23,5.89
2004-04-25 00:00:00+00:00,4.48,2.29,0.99,0.87,0.98,3.58,5.27,5.38,5.25,5.94
2004-05-02 00:00:00+00:00,4.53,2.31,1.03,0.83,0.98,3.63,5.31,5.39,5.35,6.01
2004-05-09 00:00:00+00:00,4.79,2.64,0.99,0.9,1.07,3.96,5.53,5.53,5.47,6.12
2004-05-16 00:00:00+00:00,4.79,2.59,1.02,0.87,0.99,3.92,5.54,5.59,5.72,6.34
2004-05-23 00:00:00+00:00,4.76,2.6,0.99,0.91,1.03,3.91,5.5,5.53,5.67,6.3
2004-05-30 00:00:00+00:00,4.66,2.54,1.02,0.94,1.08,3.81,5.39,5.42,5.69,6.32
2004-06-06 00:00:00+00:00,4.78,2.7,0.99,0.96,1.21,3.97,5.51,5.54,5.63,6.28
2004-06-13 00:00:00+00:00,4.81,2.81,1.0,1.02,1.3,4.0,5.52,5.51,5.67,6.3
2004-06-20 00:00:00+00:00,4.72,2.81,1.0,1.03,1.29,3.94,5.43,5.46,5.7,6.32
2004-06-27 00:00:00+00:00,4.66,2.74,1.05,1.1,1.31,3.85,5.37,5.41,5.64,6.25
2004-07-04 00:00:00+00:00,4.48,2.54,1.25,1.07,1.3,3.62,5.22,5.3,5.62,6.21
2004-07-11 00:00:00+00:00,4.49,2.55,1.24,1.14,1.28,3.64,5.23,5.31,5.42,6.01
2004-07-18 00:00:00+00:00,4.38,2.54,1.24,1.15,1.35,3.56,5.14,5.22,5.4,6.0
2004-07-25 00:00:00+00:00,4.45,2.69,1.25,1.23,1.38,3.69,5.2,5.27,5.39,5.98
2004-08-01 00:00:00+00:00,4.5,2.68,1.29,1.27,1.45,3.71,5.24,5.31,5.49,6.08
2004-08-08 00:00:00+00:00,4.24,2.4,1.32,1.36,1.44,3.4,5.04,5.13,5.4,5.99
2004-08-15 00:00:00+00:00,4.22,2.47,1.48,1.32,1.44,3.42,5.02,5.11,5.24,5.85
2004-08-22 00:00:00+00:00,4.24,2.46,1.5,1.34,1.49,3.42,5.03,5.14,5.19,5.81
2004-08-29 00:00:00+00:00,4.23,2.48,1.52,1.43,1.56,3.43,5.02,5.1,5.21,5.82
2004-09-05 00:00:00+00:00,4.3,2.61,1.48,1.49,1.65,3.52,5.07,5.14,5.15,5.77
2004-09-12 00:00:00+00:00,4.19,2.5,1.48,1.6,1.66,3.4,4.97,5.05,5.22,5.83
2004-09-19 00:00:00+00:00,4.14,2.53,1.58,1.58,1.71,3.35,4.91,4.99,5.13,5.75
2004-09-26 00:00:00+00:00,4.04,2.62,1.76,1.53,1.73,3.33,4.78,4.87,5.1,5.7
2004-10-03 00:00:00+00:00,4.21,2.63,1.86,1.52,1.71,3.44,4.95,5.06,5.12,5.72
2004-10-10 00:00:00+00:00,4.15,2.61,1.71,1.56,1.71,3.39,4.91,4.98,5.24,5.82
2004-10-17 00:00:00+00:00,4.07,2.53,1.79,1.59,1.76,3.31,4.84,4.92,5.14,5.74
2004-10-24 00:00:00+00:00,4.0,2.55,1.72,1.65,1.85,3.26,4.75,4.87,5.07,5.69
2004-10-31 00:00:00+00:00,4.05,2.56,1.79,1.73,1.91,3.3,4.79,4.87,5.01,5.64
2004-11-07 00:00:00+00:00,4.21,2.8,1.76,1.86,2.03,3.51,4.92,4.99,5.08,5.7
2004-11-14 00:00:00+00:00,4.2,2.86,2.02,1.91,2.08,3.53,4.91,4.96,5.16,5.76
2004-11-21 00:00:00+00:00,4.2,2.95,1.99,1.98,2.15,3.57,4.89,4.93,5.15,5.74
2004-11-28 00:00:00+00:00,4.24,3.03,2.01,2.01,2.21,3.64,4.9,4.94,5.15,5.72
2004-12-05 00:00:00+00:00,4.27,2.94,1.98,2.06,2.21,3.61,4.95,4.99,5.23,5.81
2004-12-12 00:00:00+00:00,4.16,2.95,2.09,2.07,2.25,3.52,4.83,4.87,5.14,5.71
2004-12-19 00:00:00+00:00,4.21,3.03,2.23,1.95,2.2,3.59,4.85,4.89,5.11,5.68
2004-12-26 00:00:00+00:00,4.23,3.02,2.27,1.83,2.19,3.58,4.86,4.9,5.18,5.75
2005-01-02 00:00:00+00:00,4.24,3.08,1.97,1.89,2.22,3.63,4.85,4.86,5.23,5.81
2005-01-09 00:00:00+00:00,4.29,3.2,2.24,2.03,2.32,3.73,4.88,4.88,5.21,5.77
2005-01-16 00:00:00+00:00,4.23,3.24,2.29,2.06,2.37,3.71,4.76,4.78,5.19,5.74
2005-01-23 00:00:00+00:00,4.16,3.16,2.26,2.02,2.36,3.65,4.69,4.7,5.15,5.67
2005-01-30 00:00:00+00:00,4.16,3.25,2.48,2.12,2.46,3.69,4.66,4.64,5.14,5.66
2005-02-06 00:00:00+00:00,4.09,3.29,2.51,2.2,2.47,3.68,4.54,4.48,5.14,5.63
2005-02-13 00:00:00+00:00,4.1,3.34,2.5,2.36,2.55,3.7,4.55,4.52,5.1,5.57
2005-02-20 00:00:00+00:00,4.27,3.45,2.51,2.39,2.61,3.86,4.72,4.65,5.14,5.62
2005-02-27 00:00:00+00:00,4.27,3.54,2.54,2.5,2.74,3.91,4.72,4.61,5.22,5.69
2005-03-06 00:00:00+00:00,4.32,3.57,2.5,2.56,2.76,3.97,4.73,4.66,5.33,5.79
2005-03-13 00:00:00+00:00,4.56,3.73,2.51,2.6,2.76,4.22,4.93,4.8,5.38,5.85
2005-03-20 00:00:00+00:00,4.51,3.72,2.7,2.7,2.81,4.18,4.92,4.8,5.47,5.95
2005-03-27 00:00:00+00:00,4.6,3.88,2.8,2.7,2.84,4.3,4.97,4.84,5.56,6.01
2005-04-03 00:00:00+00:00,4.46,3.75,2.83,2.66,2.8,4.13,4.85,4.72,5.58,6.04
2005-04-10 00:00:00+00:00,4.5,3.77,2.75,2.61,2.79,4.17,4.88,4.77,5.48,5.93
2005-04-17 00:00:00+00:00,4.27,3.54,2.82,2.63,2.79,3.9,4.73,4.66,5.46,5.91
2005-04-24 00:00:00+00:00,4.26,3.62,2.74,2.64,2.93,3.92,4.68,4.6,5.36,5.8
2005-05-01 00:00:00+00:00,4.21,3.66,2.97,2.7,2.9,3.9,4.61,4.53,5.33,5.78
2005-05-08 00:00:00+00:00,4.28,3.73,2.98,2.64,2.87,3.95,4.69,4.62,5.31,5.75
2005-05-15 00:00:00+00:00,4.12,3.61,3.01,2.47,2.83,3.83,4.56,4.48,5.33,5.77
2005-05-22 00:00:00+00:00,4.13,3.69,3.01,2.66,2.9,3.88,4.52,4.44,5.27,5.71
2005-05-29 00:00:00+00:00,4.08,3.64,3.01,2.77,2.97,3.82,4.49,4.45,5.21,5.65
2005-06-05 00:00:00+00:00,3.98,3.57,2.99,2.82,3.01,3.73,4.34,4.26,5.2,5.62
2005-06-12 00:00:00+00:00,4.05,3.71,3.01,2.82,3.01,3.84,4.39,4.3,5.14,5.56
2005-06-19 00:00:00+00:00,4.09,3.72,2.99,2.79,2.99,3.88,4.44,4.35,5.22,5.63
2005-06-26 00:00:00+00:00,3.92,3.59,3.07,2.78,3.09,3.69,4.28,4.23,5.16,5.57
2005-07-03 00:00:00+00:00,4.06,3.76,3.36,3.02,3.17,3.84,4.37,4.28,5.12,5.53
2005-07-10 00:00:00+00:00,4.11,3.78,3.22,2.99,3.17,3.89,4.42,4.33,5.2,5.62
2005-07-17 00:00:00+00:00,4.18,3.86,3.32,3.04,3.26,3.98,4.47,4.39,5.25,5.66
2005-07-24 00:00:00+00:00,4.23,3.92,3.25,3.16,3.38,4.04,4.52,4.39,5.32,5.73
2005-07-31 00:00:00+00:00,4.28,4.02,3.31,3.25,3.42,4.12,4.56,4.42,5.34,5.77
2005-08-07 00:00:00+00:00,4.4,4.11,3.49,3.35,3.52,4.24,4.66,4.56,5.38,5.82
2005-08-14 00:00:00+00:00,4.24,4.05,3.55,3.32,3.52,4.11,4.52,4.42,5.47,5.89
2005-08-21 00:00:00+00:00,4.21,4.03,3.54,3.33,3.52,4.08,4.47,4.4,5.4,5.8
2005-08-28 00:00:00+00:00,4.2,4.06,3.54,3.36,3.55,4.09,4.46,4.38,5.35,5.77
2005-09-04 00:00:00+00:00,4.03,3.75,3.49,3.38,3.46,3.85,4.33,4.26,5.32,5.71
2005-09-11 00:00:00+00:00,4.14,3.88,3.49,3.32,3.49,3.94,4.45,4.36,5.3,5.71
2005-09-18 00:00:00+00:00,4.26,3.97,3.62,3.23,3.5,4.05,4.61,4.56,5.32,5.74
2005-09-25 00:00:00+00:00,4.25,4.02,3.76,3.06,3.48,4.07,4.57,4.47,5.37,5.8
2005-10-02 00:00:00+00:00,4.34,4.18,3.93,3.15,3.55,4.18,4.62,4.53,5.48,5.91
2005-10-09 00:00:00+00:00,4.35,4.18,3.73,3.35,3.63,4.23,4.62,4.53,5.54,5.98
2005-10-16 00:00:00+00:00,4.48,4.27,3.77,3.49,3.78,4.34,4.76,4.67,5.62,6.03
2005-10-23 00:00:00+00:00,4.39,4.22,3.76,3.48,3.87,4.26,4.68,4.58,5.65,6.1
2005-10-30 00:00:00+00:00,4.58,4.4,3.9,3.75,3.93,4.46,4.84,4.74,5.69,6.15
2005-11-06 00:00:00+00:00,4.66,4.47,4.0,3.8,3.98,4.56,4.95,4.84,5.85,6.31
2005-11-13 00:00:00+00:00,4.55,4.44,3.98,3.89,3.97,4.49,4.85,4.74,5.89,6.36
2005-11-20 00:00:00+00:00,4.5,4.4,4.0,3.95,4.01,4.43,4.79,4.68,5.9,6.37
2005-11-27 00:00:00+00:00,4.43,4.33,4.03,3.91,3.95,4.34,4.76,4.66,5.81,6.28
2005-12-04 00:00:00+00:00,4.52,4.43,4.0,4.0,3.99,4.45,4.81,4.68,5.81,6.26
2005-12-11 00:00:00+00:00,4.54,4.43,4.16,3.62,3.94,4.44,4.83,4.72,5.87,6.32
2005-12-18 00:00:00+00:00,4.45,4.37,4.25,3.56,3.93,4.36,4.72,4.63,5.85,6.3
2005-12-25 00:00:00+00:00,4.38,4.37,4.21,3.48,3.99,4.32,4.63,4.52,5.79,6.26
2006-01-01 00:00:00+00:00,4.39,4.41,4.09,4.01,4.08,4.35,4.61,4.51,5.76,6.22
2006-01-08 00:00:00+00:00,4.38,4.36,4.22,4.06,4.22,4.32,4.63,4.53,5.76,6.21
2006-01-15 00:00:00+00:00,4.36,4.34,4.3,4.13,4.33,4.28,4.59,4.49,5.71,6.15
2006-01-22 00:00:00+00:00,4.37,4.37,4.24,3.95,4.35,4.31,4.59,4.54,5.67,6.1
2006-01-29 00:00:00+00:00,4.52,4.51,4.42,4.19,4.45,4.45,4.75,4.7,5.7,6.12
2006-02-05 00:00:00+00:00,4.54,4.59,4.51,4.31,4.48,4.5,4.7,4.64,5.81,6.23
2006-02-12 00:00:00+00:00,4.59,4.69,4.51,4.36,4.53,4.59,4.76,4.55,5.83,6.24
2006-02-19 00:00:00+00:00,4.54,4.66,4.48,4.39,4.54,4.55,4.71,4.51,5.91,6.28
2006-02-26 00:00:00+00:00,4.58,4.74,4.48,4.45,4.6,4.64,4.71,4.52,5.89,6.26
2006-03-05 00:00:00+00:00,4.68,4.76,4.51,4.45,4.62,4.71,4.84,4.66,5.89,6.24
2006-03-12 00:00:00+00:00,4.76,4.74,4.51,4.46,4.62,4.77,4.93,4.74,6.0,6.37
2006-03-19 00:00:00+00:00,4.68,4.65,4.6,4.5,4.64,4.62,4.89,4.72,5.98,6.34
2006-03-26 00:00:00+00:00,4.67,4.72,4.69,4.66,4.65,4.66,4.87,4.7,5.97,6.32
2006-04-02 00:00:00+00:00,4.86,4.82,5.0,4.65,4.63,4.82,5.07,4.9,6.0,6.35
2006-04-09 00:00:00+00:00,4.97,4.89,4.76,4.64,4.69,4.89,5.2,5.04,6.1,6.43
2006-04-16 00:00:00+00:00,5.05,4.96,4.8,4.54,4.7,4.97,5.28,5.11,6.14,6.49
2006-04-23 00:00:00+00:00,5.01,4.9,4.74,4.58,4.75,4.92,5.25,5.1,6.17,6.53
2006-04-30 00:00:00+00:00,5.07,4.87,4.86,4.6,4.77,4.92,5.31,5.17,6.21,6.58
2006-05-07 00:00:00+00:00,5.12,4.94,4.83,4.61,4.83,4.99,5.35,5.2,6.22,6.59
2006-05-14 00:00:00+00:00,5.19,5.01,5.01,4.64,4.85,5.08,5.44,5.29,6.17,6.58
2006-05-21 00:00:00+00:00,5.05,4.96,5.0,4.75,4.82,4.96,5.28,5.14,6.2,6.6
2006-05-28 00:00:00+00:00,5.06,4.96,4.99,4.75,4.84,4.95,5.3,5.16,6.23,6.62
2006-06-04 00:00:00+00:00,5.0,4.92,4.97,4.75,4.81,4.9,5.24,5.1,6.26,6.67
2006-06-11 00:00:00+00:00,4.98,5.01,5.0,4.78,4.88,4.95,5.17,5.03,6.23,6.62
2006-06-18 00:00:00+00:00,5.13,5.16,4.94,4.63,4.88,5.1,5.31,5.17,6.25,6.63
2006-06-25 00:00:00+00:00,5.23,5.27,4.98,4.61,4.98,5.21,5.4,5.26,6.36,6.71
2006-07-02 00:00:00+00:00,5.15,5.16,5.05,4.54,5.01,5.1,5.31,5.19,6.43,6.78
2006-07-09 00:00:00+00:00,5.14,5.17,5.22,4.83,5.02,5.1,5.29,5.18,6.44,6.79
2006-07-16 00:00:00+00:00,5.07,5.08,5.26,4.87,5.06,5.02,5.23,5.11,6.37,6.74
2006-07-23 00:00:00+00:00,5.05,5.08,5.23,4.88,5.1,4.99,5.21,5.1,6.41,6.8
2006-07-30 00:00:00+00:00,5.0,4.98,5.26,4.98,5.07,4.92,5.17,5.07,6.34,6.72
2006-08-06 00:00:00+00:00,4.91,4.91,5.25,5.15,5.09,4.84,5.09,5.0,6.27,6.63
2006-08-13 00:00:00+00:00,4.97,4.96,5.24,5.12,5.07,4.91,5.18,5.09,6.2,6.55
2006-08-20 00:00:00+00:00,4.84,4.87,5.25,5.13,5.1,4.78,5.05,4.97,6.2,6.52
2006-08-27 00:00:00+00:00,4.79,4.86,5.25,5.17,5.11,4.76,5.01,4.93,6.18,6.48
2006-09-03 00:00:00+00:00,4.73,4.77,5.25,5.07,5.02,4.68,4.95,4.87,6.14,6.44
2006-09-10 00:00:00+00:00,4.78,4.8,5.23,4.83,4.93,4.71,4.99,4.92,6.16,6.47
2006-09-17 00:00:00+00:00,4.8,4.87,5.25,4.77,4.96,4.76,5.0,4.92,6.11,6.43
2006-09-24 00:00:00+00:00,4.6,4.67,5.27,4.73,4.93,4.55,4.82,4.74,6.06,6.4
2006-10-01 00:00:00+00:00,4.64,4.71,5.34,4.6,4.89,4.59,4.84,4.77,5.98,6.31
2006-10-08 00:00:00+00:00,4.7,4.74,5.22,4.76,4.95,4.64,4.92,4.84,5.98,6.3
2006-10-15 00:00:00+00:00,4.81,4.87,5.21,4.93,5.05,4.77,5.02,4.94,6.06,6.37
2006-10-22 00:00:00+00:00,4.79,4.87,5.25,5.0,5.09,4.76,4.99,4.91,6.06,6.36
2006-10-29 00:00:00+00:00,4.68,4.76,5.23,5.14,5.11,4.64,4.88,4.8,6.1,6.4
2006-11-05 00:00:00+00:00,4.72,4.82,5.25,5.18,5.09,4.7,4.9,4.81,6.02,6.31
2006-11-12 00:00:00+00:00,4.59,4.73,5.23,5.2,5.1,4.57,4.78,4.69,6.04,6.33
2006-11-19 00:00:00+00:00,4.61,4.76,5.2,5.19,5.09,4.6,4.79,4.69,5.94,6.24
2006-11-26 00:00:00+00:00,4.55,4.73,5.24,5.21,5.04,4.55,4.74,4.63,5.91,6.18
2006-12-03 00:00:00+00:00,4.43,4.52,5.27,5.21,5.03,4.39,4.64,4.54,5.87,6.14
2006-12-10 00:00:00+00:00,4.56,4.68,5.25,4.89,4.97,4.53,4.76,4.66,5.84,6.11
2006-12-17 00:00:00+00:00,4.6,4.73,5.27,4.78,4.91,4.57,4.81,4.72,5.86,6.12
2006-12-24 00:00:00+00:00,4.63,4.71,5.24,4.82,4.99,4.59,4.85,4.76,5.89,6.13
2006-12-31 00:00:00+00:00,4.71,4.82,5.17,4.75,5.02,4.7,4.91,4.81,5.93,6.18
2007-01-07 00:00:00+00:00,4.65,4.76,5.21,4.81,5.05,4.65,4.84,4.74,5.94,6.18
2007-01-14 00:00:00+00:00,4.77,4.88,5.22,4.98,5.09,4.76,4.96,4.86,5.96,6.21
2007-01-21 00:00:00+00:00,4.78,4.93,5.25,4.96,5.14,4.78,4.96,4.87,5.98,6.23
2007-01-28 00:00:00+00:00,4.88,4.99,5.26,4.94,5.13,4.87,5.07,4.98,5.98,6.25
2007-02-04 00:00:00+00:00,4.83,4.94,5.24,5.01,5.14,4.82,5.02,4.93,6.06,6.34
2007-02-11 00:00:00+00:00,4.79,4.92,5.25,5.15,5.15,4.78,4.98,4.87,6.02,6.28
2007-02-18 00:00:00+00:00,4.69,4.83,5.24,5.23,5.17,4.68,4.9,4.79,6.03,6.3
2007-02-25 00:00:00+00:00,4.68,4.82,5.24,5.25,5.18,4.67,4.89,4.79,5.97,6.22
2007-03-04 00:00:00+00:00,4.52,4.56,5.23,5.23,5.12,4.46,4.75,4.65,5.92,6.18
2007-03-11 00:00:00+00:00,4.59,4.66,5.24,5.22,5.1,4.55,4.81,4.72,5.86,6.14
2007-03-18 00:00:00+00:00,4.55,4.58,5.25,5.18,5.04,4.47,4.79,4.7,5.88,6.14
2007-03-25 00:00:00+00:00,4.62,4.6,5.24,5.24,5.08,4.52,4.88,4.8,5.9,6.16
2007-04-01 00:00:00+00:00,4.65,4.58,5.3,5.07,5.04,4.54,4.92,4.84,5.86,6.16
2007-04-08 00:00:00+00:00,4.76,4.75,5.3,5.1,5.05,4.67,5.0,4.92,5.87,6.17
2007-04-15 00:00:00+00:00,4.76,4.76,5.25,4.98,5.02,4.68,5.01,4.93,5.9,6.22
2007-04-22 00:00:00+00:00,4.68,4.64,5.25,4.93,4.99,4.57,4.93,4.85,5.89,6.17
2007-04-29 00:00:00+00:00,4.71,4.67,5.24,4.85,4.95,4.59,4.96,4.89,5.87,6.16
2007-05-06 00:00:00+00:00,4.65,4.68,5.24,4.74,4.9,4.55,4.88,4.8,5.87,6.16
2007-05-13 00:00:00+00:00,4.67,4.71,5.27,4.75,4.87,4.58,4.92,4.85,5.87,6.15
2007-05-20 00:00:00+00:00,4.81,4.82,5.24,4.78,4.84,4.74,5.03,4.96,5.92,6.21
2007-05-27 00:00:00+00:00,4.86,4.85,5.29,4.97,4.88,4.8,5.09,5.01,6.06,6.37
2007-06-03 00:00:00+00:00,4.95,4.97,5.23,4.8,4.79,4.92,5.15,5.06,6.12,6.42
2007-06-10 00:00:00+00:00,5.12,5.01,5.26,4.76,4.77,5.06,5.3,5.22,6.22,6.53
2007-06-17 00:00:00+00:00,5.16,5.05,5.26,4.46,4.56,5.1,5.34,5.26,6.43,6.74
2007-06-24 00:00:00+00:00,5.14,4.92,5.24,4.29,4.73,5.02,5.34,5.25,6.37,6.69
2007-07-01 00:00:00+00:00,5.03,4.87,5.31,4.28,4.82,4.92,5.21,5.12,6.34,6.67
2007-07-08 00:00:00+00:00,5.19,4.99,5.22,4.71,4.95,5.1,5.36,5.28,6.3,6.63
2007-07-15 00:00:00+00:00,5.11,4.94,5.25,4.72,4.97,5.01,5.27,5.19,6.39,6.73
2007-07-22 00:00:00+00:00,4.96,4.79,5.25,4.76,4.97,4.85,5.14,5.07,6.38,6.73
2007-07-29 00:00:00+00:00,4.8,4.56,5.25,4.89,4.85,4.6,5.03,4.95,6.37,6.69
2007-08-05 00:00:00+00:00,4.71,4.46,5.24,4.94,4.85,4.52,4.96,4.87,6.32,6.68
2007-08-12 00:00:00+00:00,4.81,4.47,4.68,4.38,4.57,4.59,5.11,5.03,6.25,6.59
2007-08-19 00:00:00+00:00,4.68,4.18,4.91,3.03,3.76,4.35,5.06,5.0,6.3,6.62
2007-08-26 00:00:00+00:00,4.63,4.3,5.11,4.24,4.24,4.42,4.95,4.88,6.18,6.52
2007-09-02 00:00:00+00:00,4.54,4.15,4.96,4.02,4.01,4.25,4.87,4.83,6.12,6.45
2007-09-09 00:00:00+00:00,4.38,3.9,4.86,4.03,4.07,4.03,4.73,4.7,6.15,6.46
2007-09-16 00:00:00+00:00,4.47,4.05,5.25,3.85,4.01,4.18,4.77,4.72,5.97,6.31
2007-09-23 00:00:00+00:00,4.64,4.06,4.76,3.24,3.74,4.31,4.95,4.89,5.98,6.34
2007-09-30 00:00:00+00:00,4.59,3.97,4.58,3.43,3.82,4.23,4.89,4.83,6.09,6.42
2007-10-07 00:00:00+00:00,4.65,4.08,4.77,3.58,4.0,4.33,4.94,4.87,6.03,6.37
2007-10-14 00:00:00+00:00,4.7,4.23,4.75,4.12,4.2,4.42,4.98,4.91,6.06,6.4
2007-10-21 00:00:00+00:00,4.41,3.8,4.77,3.45,3.86,4.03,4.74,4.68,6.08,6.4
2007-10-28 00:00:00+00:00,4.41,3.77,4.8,3.97,3.96,4.04,4.73,4.68,5.99,6.33
2007-11-04 00:00:00+00:00,4.31,3.66,4.28,3.73,3.61,3.93,4.65,4.61,5.91,6.26
2007-11-11 00:00:00+00:00,4.23,3.42,4.49,3.42,3.27,3.77,4.64,4.61,5.9,6.24
2007-11-18 00:00:00+00:00,4.15,3.33,4.51,3.78,3.4,3.68,4.56,4.52,5.88,6.24
2007-11-25 00:00:00+00:00,4.01,3.07,4.56,3.64,3.23,3.42,4.46,4.43,5.83,6.2
2007-12-02 00:00:00+00:00,3.97,3.04,4.66,3.63,3.15,3.41,4.44,4.4,5.73,6.1
2007-12-09 00:00:00+00:00,4.12,3.12,4.41,3.04,3.12,3.51,4.62,4.58,5.65,5.96
2007-12-16 00:00:00+00:00,4.24,3.31,4.24,2.61,2.88,3.63,4.71,4.66,5.78,6.11
2007-12-23 00:00:00+00:00,4.18,3.19,4.28,2.44,3.0,3.58,4.62,4.58,5.79,6.14
2007-12-30 00:00:00+00:00,4.11,3.12,4.01,2.57,3.18,3.52,4.56,4.51,5.79,6.17
2008-01-06 00:00:00+00:00,3.88,2.74,4.18,3.22,3.2,3.18,4.4,4.36,5.68,6.07
2008-01-13 00:00:00+00:00,3.82,2.59,4.23,3.23,3.09,3.06,4.4,4.39,5.43,5.87
2008-01-20 00:00:00+00:00,3.66,2.36,4.17,2.63,2.86,2.86,4.3,4.28,5.21,5.69
2008-01-27 00:00:00+00:00,3.61,2.23,3.6,2.07,2.3,2.81,4.3,4.28,4.95,5.48
2008-02-03 00:00:00+00:00,3.62,2.09,3.12,1.75,2.1,2.75,4.31,4.32,5.17,5.68
2008-02-10 00:00:00+00:00,3.64,1.93,3.05,2.24,2.23,2.69,4.41,4.43,5.15,5.67
2008-02-17 00:00:00+00:00,3.76,1.91,2.97,2.4,2.21,2.76,4.55,4.58,5.25,5.72
2008-02-24 00:00:00+00:00,3.79,1.98,2.97,2.33,2.2,2.81,4.55,4.58,5.64,6.04
2008-03-02 00:00:00+00:00,3.53,1.65,3.01,2.07,1.85,2.5,4.37,4.41,5.72,6.24
2008-03-09 00:00:00+00:00,3.56,1.53,2.96,1.65,1.45,2.45,4.49,4.55,5.47,6.03
2008-03-16 00:00:00+00:00,3.44,1.47,2.99,1.2,1.18,2.37,4.3,4.35,5.6,6.13
2008-03-23 00:00:00+00:00,3.34,1.59,2.08,0.37,0.63,2.36,4.15,4.17,5.27,5.87
2008-03-30 00:00:00+00:00,3.47,1.67,2.09,1.29,1.33,2.51,4.32,4.33,5.34,5.85
2008-04-06 00:00:00+00:00,3.5,1.83,2.26,1.5,1.35,2.63,4.32,4.32,5.42,5.88
2008-04-13 00:00:00+00:00,3.49,1.76,2.37,0.9,1.19,2.57,4.28,4.3,5.42,5.88
2008-04-20 00:00:00+00:00,3.77,2.19,2.32,0.9,1.35,2.95,4.52,4.51,5.4,5.88
2008-04-27 00:00:00+00:00,3.91,2.44,2.28,0.8,1.34,3.2,4.61,4.61,5.62,6.03
2008-05-04 00:00:00+00:00,3.89,2.47,1.88,1.25,1.5,3.18,4.57,4.57,5.59,6.06
2008-05-11 00:00:00+00:00,3.77,2.25,1.97,1.6,1.69,2.98,4.52,4.53,5.6,6.05
2008-05-18 00:00:00+00:00,3.85,2.47,1.91,1.85,1.84,3.12,4.57,4.58,5.6,6.01
2008-05-25 00:00:00+00:00,3.85,2.46,1.99,1.92,1.86,3.15,4.56,4.57,5.55,5.98
2008-06-01 00:00:00+00:00,4.06,2.66,1.98,1.98,1.89,3.41,4.74,4.72,5.66,6.08
2008-06-08 00:00:00+00:00,3.94,2.4,2.01,1.75,1.85,3.2,4.67,4.65,5.65,6.09
2008-06-15 00:00:00+00:00,4.27,3.05,2.02,1.86,1.99,3.73,4.86,4.79,5.93,6.32
2008-06-22 00:00:00+00:00,4.16,2.88,1.99,1.49,1.87,3.57,4.76,4.71,6.02,6.42
2008-06-29 00:00:00+00:00,3.99,2.65,1.99,1.29,1.68,3.36,4.58,4.53,6.04,6.45
2008-07-06 00:00:00+00:00,3.99,2.54,1.92,1.86,1.84,3.28,4.58,4.53,5.92,6.35
2008-07-13 00:00:00+00:00,3.96,2.59,1.97,1.38,1.62,3.27,4.57,4.52,5.91,6.37
2008-07-20 00:00:00+00:00,4.11,2.66,1.96,1.28,1.48,3.42,4.71,4.66,5.78,6.26
2008-07-27 00:00:00+00:00,4.13,2.7,2.13,1.72,1.75,3.45,4.75,4.69,6.18,6.63
2008-08-03 00:00:00+00:00,3.97,2.51,2.04,1.52,1.66,3.23,4.61,4.57,6.07,6.52
2008-08-10 00:00:00+00:00,3.94,2.51,2.01,1.63,1.7,3.21,4.58,4.55,6.1,6.52
2008-08-17 00:00:00+00:00,3.84,2.4,2.08,1.73,1.85,3.11,4.5,4.47,6.07,6.52
2008-08-24 00:00:00+00:00,3.87,2.42,2.02,1.67,1.7,3.14,4.5,4.46,6.0,6.47
2008-08-31 00:00:00+00:00,3.83,2.36,1.94,1.63,1.72,3.1,4.47,4.43,5.93,6.4
2008-09-07 00:00:00+00:00,3.66,2.23,1.97,1.53,1.68,2.91,4.31,4.27,5.9,6.35
2008-09-14 00:00:00+00:00,3.74,2.23,2.1,1.37,1.49,2.97,4.36,4.32,5.54,5.93
2008-09-21 00:00:00+00:00,3.78,2.16,1.48,0.75,0.99,3.01,4.42,4.36,5.35,5.78
2008-09-28 00:00:00+00:00,3.85,2.11,1.08,0.21,0.87,3.05,4.44,4.36,5.77,6.09
2008-10-05 00:00:00+00:00,3.63,1.6,1.1,0.15,0.51,2.64,4.26,4.11,5.78,6.1
2008-10-12 00:00:00+00:00,3.89,1.62,0.79,0.07,0.25,2.77,4.41,4.15,5.63,5.94
2008-10-19 00:00:00+00:00,3.98,1.64,0.6,0.13,0.83,2.83,4.66,4.32,6.14,6.46
2008-10-26 00:00:00+00:00,3.76,1.57,0.95,0.33,0.89,2.64,4.44,4.11,5.72,6.04
2008-11-02 00:00:00+00:00,4.01,1.56,0.22,0.12,0.46,2.8,4.74,4.35,6.19,6.46
2008-11-09 00:00:00+00:00,3.83,1.33,0.27,0.13,0.31,2.56,4.57,4.25,5.88,6.2
2008-11-16 00:00:00+00:00,3.72,1.22,0.34,0.06,0.15,2.33,4.43,4.22,5.81,6.14
2008-11-23 00:00:00+00:00,3.2,1.09,0.57,0.03,0.02,2.02,3.93,3.7,5.73,6.04
2008-11-30 00:00:00+00:00,2.93,1.0,0.52,0.02,0.01,1.93,3.71,3.45,5.74,5.97
2008-12-07 00:00:00+00:00,2.67,0.93,0.12,0.02,0.02,1.67,3.41,3.11,5.33,5.53
2008-12-14 00:00:00+00:00,2.6,0.78,0.15,0.03,0.02,1.55,3.36,3.07,5.2,5.47
2008-12-21 00:00:00+00:00,2.13,0.74,0.11,0.0,0.02,1.35,2.89,2.55,4.92,5.19
2008-12-28 00:00:00+00:00,2.16,0.89,0.09,0.01,0.03,1.51,2.91,2.61,4.91,5.14
2009-01-04 00:00:00+00:00,2.46,0.88,0.08,0.04,0.08,1.72,3.22,2.83,4.83,5.1
2009-01-11 00:00:00+00:00,2.43,0.75,0.09,0.03,0.07,1.51,3.39,3.04,4.62,5.01
2009-01-18 00:00:00+00:00,2.36,0.73,0.19,0.04,0.12,1.47,3.22,2.89,4.65,4.96
2009-01-25 00:00:00+00:00,2.65,0.83,0.18,0.03,0.11,1.64,3.65,3.32,4.8,5.12
2009-02-01 00:00:00+00:00,2.87,0.94,0.23,0.15,0.24,1.85,3.86,3.58,4.8,5.1
2009-02-08 00:00:00+00:00,3.05,0.99,0.23,0.21,0.28,1.97,3.94,3.7,4.92,5.25
2009-02-15 00:00:00+00:00,2.89,0.97,0.22,0.23,0.29,1.88,3.91,3.68,4.81,5.16
2009-02-22 00:00:00+00:00,2.78,0.96,0.2,0.19,0.27,1.81,3.82,3.56,4.68,5.04
2009-03-01 00:00:00+00:00,3.02,1.0,0.22,0.16,0.26,1.99,3.98,3.71,4.68,5.07
2009-03-08 00:00:00+00:00,2.83,0.91,0.2,0.09,0.21,1.83,3.74,3.5,4.72,5.15
2009-03-15 00:00:00+00:00,2.89,0.98,0.15,0.09,0.2,1.87,3.84,3.66,4.64,5.03
2009-03-22 00:00:00+00:00,2.65,0.89,0.18,0.09,0.22,1.66,3.67,3.65,4.61,4.98
2009-03-29 00:00:00+00:00,2.78,0.9,0.15,0.03,0.14,1.79,3.66,3.62,4.58,4.85
2009-04-05 00:00:00+00:00,2.91,0.96,0.13,0.16,0.21,1.87,3.77,3.7,4.52,4.78
2009-04-12 00:00:00+00:00,2.96,0.96,0.15,0.13,0.18,1.9,3.85,3.76,4.54,4.87
2009-04-19 00:00:00+00:00,2.98,0.99,0.13,0.04,0.14,1.91,3.91,3.79,4.48,4.82
2009-04-26 00:00:00+00:00,3.03,0.99,0.16,0.07,0.1,1.96,3.99,3.89,4.48,4.8
2009-05-03 00:00:00+00:00,3.21,0.92,0.22,0.06,0.16,2.03,4.14,4.09,4.48,4.78
2009-05-10 00:00:00+00:00,3.29,1.0,0.17,0.15,0.19,2.15,4.25,4.28,4.51,4.84
2009-05-17 00:00:00+00:00,3.14,0.88,0.17,0.11,0.17,2.01,4.07,4.09,4.52,4.86
2009-05-24 00:00:00+00:00,3.45,0.92,0.17,0.13,0.18,2.23,4.36,4.38,4.5,4.82
2009-05-31 00:00:00+00:00,3.47,0.92,0.19,0.14,0.14,2.34,4.34,4.34,4.53,4.91
2009-06-07 00:00:00+00:00,3.84,1.32,0.21,0.08,0.2,2.85,4.64,4.63,4.79,5.29
2009-06-14 00:00:00+00:00,3.81,1.3,0.17,0.08,0.19,2.81,4.63,4.65,5.06,5.59
2009-06-21 00:00:00+00:00,3.79,1.25,0.25,0.1,0.19,2.82,4.54,4.52,4.89,5.38
2009-06-28 00:00:00+00:00,3.52,1.1,0.18,0.07,0.2,2.53,4.28,4.3,4.87,5.42
2009-07-05 00:00:00+00:00,3.51,0.98,0.16,0.15,0.17,2.43,4.28,4.32,4.77,5.32
2009-07-12 00:00:00+00:00,3.32,0.91,0.15,0.15,0.18,2.22,4.16,4.2,4.69,5.2
2009-07-19 00:00:00+00:00,3.67,1.02,0.15,0.15,0.17,2.52,4.51,4.53,4.63,5.14
2009-07-26 00:00:00+00:00,3.7,1.05,0.15,0.15,0.18,2.57,4.53,4.55,4.68,5.2
2009-08-02 00:00:00+00:00,3.52,1.13,0.18,0.14,0.18,2.53,4.29,4.31,4.69,5.25
2009-08-09 00:00:00+00:00,3.89,1.32,0.17,0.14,0.19,2.84,4.59,4.61,4.63,5.22
2009-08-16 00:00:00+00:00,3.55,1.07,0.15,0.1,0.18,2.51,4.33,4.41,4.68,5.29
2009-08-23 00:00:00+00:00,3.56,1.13,0.16,0.11,0.17,2.58,4.32,4.36,4.56,5.12
2009-08-30 00:00:00+00:00,3.46,1.01,0.14,0.11,0.15,2.46,4.17,4.21,4.58,5.14
2009-09-06 00:00:00+00:00,3.45,0.94,0.15,0.09,0.14,2.36,4.21,4.27,4.54,5.08
2009-09-13 00:00:00+00:00,3.34,0.9,0.15,0.08,0.14,2.29,4.1,4.18,4.5,5.07
2009-09-20 00:00:00+00:00,3.49,1.03,0.16,0.03,0.08,2.49,4.2,4.24,4.47,5.04
2009-09-27 00:00:00+00:00,3.34,0.98,0.13,0.03,0.1,2.36,4.07,4.1,4.46,5.04
2009-10-04 00:00:00+00:00,3.24,0.88,0.13,0.04,0.1,2.22,3.98,4.01,4.36,4.94
2009-10-11 00:00:00+00:00,3.4,0.98,0.12,0.04,0.07,2.36,4.2,4.22,4.33,4.87
2009-10-18 00:00:00+00:00,3.43,0.97,0.12,0.06,0.07,2.37,4.22,4.24,4.37,4.92
2009-10-25 00:00:00+00:00,3.51,1.04,0.11,0.02,0.07,2.46,4.27,4.29,4.43,5.0
2009-11-01 00:00:00+00:00,3.41,0.9,0.11,0.01,0.05,2.31,4.19,4.23,4.46,5.03
2009-11-08 00:00:00+00:00,3.54,0.86,0.12,0.06,0.06,2.3,4.35,4.4,4.4,4.98
2009-11-15 00:00:00+00:00,3.43,0.82,0.12,0.05,0.06,2.28,4.29,4.36,4.36,4.91
2009-11-22 00:00:00+00:00,3.36,0.75,0.11,0.04,0.02,2.2,4.2,4.3,4.32,4.83
2009-11-29 00:00:00+00:00,3.21,0.68,0.12,0.06,0.03,2.03,4.07,4.21,4.29,4.78
2009-12-06 00:00:00+00:00,3.48,0.84,0.12,0.08,0.06,2.24,4.31,4.4,4.27,4.71
2009-12-13 00:00:00+00:00,3.55,0.83,0.12,0.01,0.03,2.26,4.39,4.49,4.32,4.81
2009-12-20 00:00:00+00:00,3.55,0.82,0.12,0.01,0.05,2.3,4.36,4.46,4.38,4.94
2009-12-27 00:00:00+00:00,3.82,1.0,0.11,0.02,0.05,2.57,4.6,4.68,4.45,5.05
2010-01-03 00:00:00+00:00,3.85,1.14,0.05,0.04,0.06,2.69,4.58,4.63,4.54,5.14
2010-01-10 00:00:00+00:00,3.83,0.96,0.11,0.02,0.05,2.57,4.61,4.7,4.5,5.09
2010-01-17 00:00:00+00:00,3.7,0.89,0.12,0.03,0.06,2.44,4.48,4.58,4.45,5.06
2010-01-24 00:00:00+00:00,3.62,0.84,0.11,0.02,0.06,2.37,4.38,4.5,4.4,4.99
2010-01-31 00:00:00+00:00,3.63,0.82,0.12,0.02,0.08,2.34,4.38,4.51,4.39,4.98
2010-02-07 00:00:00+00:00,3.59,0.77,0.13,0.03,0.1,2.23,4.36,4.51,4.4,5.01
2010-02-14 00:00:00+00:00,3.69,0.84,0.12,0.04,0.1,2.35,4.52,4.66,4.34,4.97
2010-02-21 00:00:00+00:00,3.78,0.95,0.13,0.06,0.11,2.48,4.58,4.71,4.33,4.93
2010-02-28 00:00:00+00:00,3.61,0.81,0.13,0.09,0.13,2.3,4.4,4.55,4.4,5.05
2010-03-07 00:00:00+00:00,3.69,0.91,0.17,0.11,0.15,2.35,4.49,4.64,4.33,4.97
2010-03-14 00:00:00+00:00,3.71,0.97,0.17,0.1,0.15,2.42,4.47,4.62,4.32,4.95
2010-03-21 00:00:00+00:00,3.7,1.02,0.18,0.13,0.16,2.48,4.41,4.58,4.33,4.96
2010-03-28 00:00:00+00:00,3.86,1.04,0.17,0.11,0.14,2.59,4.6,4.75,4.34,4.99
2010-04-04 00:00:00+00:00,3.96,1.11,0.2,0.15,0.16,2.67,4.65,4.81,4.39,5.08
2010-04-11 00:00:00+00:00,3.9,1.08,0.19,0.16,0.16,2.65,4.58,4.74,4.52,5.21
2010-04-18 00:00:00+00:00,3.79,0.98,0.21,0.15,0.16,2.49,4.5,4.67,4.4,5.07
2010-04-25 00:00:00+00:00,3.84,1.1,0.2,0.14,0.16,2.61,4.51,4.67,4.39,5.07
2010-05-02 00:00:00+00:00,3.69,0.97,0.2,0.14,0.16,2.43,4.36,4.53,4.39,5.06
2010-05-09 00:00:00+00:00,3.45,0.83,0.2,0.08,0.13,2.17,4.11,4.28,4.36,5.0
2010-05-16 00:00:00+00:00,3.44,0.79,0.2,0.15,0.16,2.16,4.13,4.32,4.3,4.93
2010-05-23 00:00:00+00:00,3.2,0.76,0.2,0.17,0.17,2.02,3.91,4.07,4.24,4.84
2010-05-30 00:00:00+00:00,3.31,0.76,0.19,0.15,0.16,2.1,4.05,4.22,4.21,4.78
2010-06-06 00:00:00+00:00,3.2,0.72,0.19,0.12,0.14,1.98,3.95,4.13,4.2,4.79
2010-06-13 00:00:00+00:00,3.24,0.75,0.18,0.04,0.08,2.03,3.97,4.15,4.17,4.72
2010-06-20 00:00:00+00:00,3.24,0.74,0.18,0.04,0.11,2.04,3.97,4.15,4.2,4.75
2010-06-27 00:00:00+00:00,3.12,0.65,0.16,0.05,0.13,1.9,3.89,4.07,4.13,4.69
2010-07-04 00:00:00+00:00,3.0,0.63,0.18,0.16,0.17,1.82,3.77,3.94,4.04,4.58
2010-07-11 00:00:00+00:00,3.07,0.63,0.18,0.16,0.16,1.85,3.85,4.04,4.07,4.57
2010-07-18 00:00:00+00:00,2.96,0.61,0.19,0.14,0.15,1.7,3.74,3.95,4.06,4.57
2010-07-25 00:00:00+00:00,3.02,0.6,0.19,0.15,0.16,1.75,3.81,4.01,4.03,4.56
2010-08-01 00:00:00+00:00,2.94,0.55,0.18,0.14,0.15,1.6,3.74,3.98,4.0,4.54
2010-08-08 00:00:00+00:00,2.86,0.5,0.18,0.14,0.15,1.51,3.71,4.0,3.95,4.49
2010-08-15 00:00:00+00:00,2.68,0.54,0.19,0.14,0.15,1.47,3.56,3.87,3.92,4.44
2010-08-22 00:00:00+00:00,2.62,0.49,0.2,0.15,0.15,1.47,3.38,3.67,3.9,4.42
2010-08-29 00:00:00+00:00,2.66,0.56,0.19,0.17,0.15,1.49,3.41,3.69,3.86,4.36
2010-09-05 00:00:00+00:00,2.72,0.52,0.19,0.15,0.14,1.49,3.49,3.79,3.83,4.32
2010-09-12 00:00:00+00:00,2.81,0.58,0.18,0.1,0.14,1.59,3.58,3.88,3.83,4.35
2010-09-19 00:00:00+00:00,2.75,0.48,0.21,0.12,0.16,1.46,3.6,3.9,3.82,4.37
2010-09-26 00:00:00+00:00,2.62,0.45,0.21,0.09,0.15,1.37,3.5,3.79,3.82,4.37
2010-10-03 00:00:00+00:00,2.54,0.42,0.2,0.15,0.16,1.26,3.4,3.71,3.75,4.32
2010-10-10 00:00:00+00:00,2.41,0.35,0.18,0.14,0.12,1.11,3.39,3.75,3.72,4.27
2010-10-17 00:00:00+00:00,2.59,0.37,0.2,0.14,0.14,1.2,3.62,3.98,3.62,4.19
2010-10-24 00:00:00+00:00,2.59,0.35,0.19,0.13,0.13,1.17,3.59,3.94,3.64,4.21
2010-10-31 00:00:00+00:00,2.63,0.34,0.2,0.14,0.12,1.17,3.64,3.99,3.66,4.23
2010-11-07 00:00:00+00:00,2.58,0.38,0.18,0.13,0.13,1.1,3.69,4.12,3.63,4.24
2010-11-14 00:00:00+00:00,2.76,0.51,0.19,0.11,0.13,1.35,3.88,4.26,3.57,4.17
2010-11-21 00:00:00+00:00,2.88,0.52,0.21,0.12,0.14,1.54,3.91,4.25,3.76,4.39
2010-11-28 00:00:00+00:00,2.87,0.51,0.2,0.16,0.16,1.53,3.88,4.21,3.77,4.4
2010-12-05 00:00:00+00:00,3.03,0.49,0.18,0.14,0.14,1.64,4.01,4.32,3.81,4.46
2010-12-12 00:00:00+00:00,3.32,0.64,0.16,0.09,0.13,1.98,4.19,4.43,3.96,4.61
2010-12-19 00:00:00+00:00,3.33,0.61,0.2,0.05,0.11,1.97,4.19,4.41,4.17,4.83
2010-12-26 00:00:00+00:00,3.41,0.67,0.19,0.07,0.14,2.09,4.26,4.47,4.15,4.81
2011-01-02 00:00:00+00:00,3.3,0.61,0.13,0.07,0.12,2.01,4.13,4.34,4.2,4.86
2011-01-09 00:00:00+00:00,3.34,0.6,0.17,0.13,0.14,1.96,4.25,4.48,4.13,4.77
2011-01-16 00:00:00+00:00,3.35,0.59,0.16,0.14,0.15,1.95,4.27,4.53,4.08,4.71
2011-01-23 00:00:00+00:00,3.44,0.63,0.17,0.15,0.16,2.04,4.33,4.57,4.05,4.74
2011-01-30 00:00:00+00:00,3.36,0.54,0.17,0.13,0.15,1.92,4.26,4.53,4.09,4.8
2011-02-06 00:00:00+00:00,3.68,0.77,0.17,0.13,0.15,2.27,4.51,4.73,4.08,4.81
2011-02-13 00:00:00+00:00,3.64,0.85,0.15,0.08,0.12,2.38,4.49,4.71,4.29,5.05
2011-02-20 00:00:00+00:00,3.59,0.78,0.15,0.08,0.1,2.3,4.46,4.7,4.27,5.0
2011-02-27 00:00:00+00:00,3.42,0.72,0.15,0.12,0.13,2.16,4.26,4.51,4.22,4.95
2011-03-06 00:00:00+00:00,3.49,0.68,0.15,0.11,0.12,2.17,4.34,4.6,4.15,4.87
2011-03-13 00:00:00+00:00,3.4,0.64,0.13,0.04,0.08,2.06,4.29,4.54,4.15,4.88
2011-03-20 00:00:00+00:00,3.28,0.61,0.15,0.06,0.07,1.96,4.17,4.43,3.97,4.76
2011-03-27 00:00:00+00:00,3.46,0.79,0.13,0.04,0.09,2.2,4.28,4.51,4.04,4.81
2011-04-03 00:00:00+00:00,3.46,0.8,0.11,0.03,0.07,2.24,4.27,4.48,4.09,4.86
2011-04-10 00:00:00+00:00,3.59,0.83,0.09,0.02,0.04,2.31,4.41,4.63,4.1,4.87
2011-04-17 00:00:00+00:00,3.43,0.71,0.12,0.04,0.07,2.14,4.25,4.47,4.13,4.91
2011-04-24 00:00:00+00:00,3.42,0.68,0.1,0.03,0.06,2.14,4.24,4.47,4.02,4.8
2011-05-01 00:00:00+00:00,3.32,0.61,0.09,0.02,0.04,1.97,4.15,4.4,3.97,4.78
2011-05-08 00:00:00+00:00,3.19,0.57,0.09,0.02,0.02,1.87,4.03,4.29,3.89,4.71
2011-05-15 00:00:00+00:00,3.18,0.57,0.09,0.01,0.03,1.86,4.03,4.32,3.82,4.63
2011-05-22 00:00:00+00:00,3.15,0.55,0.1,0.03,0.05,1.82,4.0,4.3,3.8,4.61
2011-05-29 00:00:00+00:00,3.07,0.48,0.1,0.04,0.05,1.71,3.94,4.24,3.78,4.6
2011-06-05 00:00:00+00:00,2.99,0.42,0.11,0.04,0.04,1.6,3.9,4.22,3.74,4.55
2011-06-12 00:00:00+00:00,2.99,0.41,0.09,0.02,0.05,1.58,3.87,4.18,3.68,4.49
2011-06-19 00:00:00+00:00,2.94,0.38,0.1,0.02,0.04,1.53,3.86,4.19,3.67,4.5
2011-06-26 00:00:00+00:00,2.88,0.35,0.08,0.01,0.02,1.4,3.83,4.17,3.69,4.5
2011-07-03 00:00:00+00:00,3.22,0.5,0.08,0.01,0.02,1.8,4.12,4.4,3.69,4.51
2011-07-10 00:00:00+00:00,3.03,0.4,0.07,0.03,0.03,1.57,3.97,4.27,3.75,4.6
2011-07-17 00:00:00+00:00,2.94,0.37,0.06,0.02,0.02,1.46,3.92,4.26,3.65,4.51
2011-07-24 00:00:00+00:00,2.99,0.4,0.06,0.05,0.05,1.53,3.93,4.26,3.66,4.52
2011-07-31 00:00:00+00:00,2.82,0.36,0.11,0.16,0.1,1.35,3.77,4.12,3.66,4.55
2011-08-07 00:00:00+00:00,2.58,0.28,0.08,0.01,0.01,1.23,3.49,3.82,3.54,4.39
2011-08-14 00:00:00+00:00,2.24,0.2,0.1,0.01,0.02,0.96,3.24,3.72,3.5,4.32
2011-08-21 00:00:00+00:00,2.07,0.2,0.09,0.0,0.02,0.9,2.97,3.39,3.36,4.15
2011-08-28 00:00:00+00:00,2.19,0.2,0.09,0.0,0.01,0.94,3.13,3.54,3.44,4.22
2011-09-04 00:00:00+00:00,2.02,0.2,0.08,0.02,0.02,0.88,2.92,3.32,3.39,4.22
2011-09-11 00:00:00+00:00,1.93,0.17,0.09,0.0,0.01,0.81,2.86,3.26,3.33,4.12
2011-09-18 00:00:00+00:00,2.08,0.18,0.09,0.01,0.01,0.94,2.96,3.34,3.3,4.09
2011-09-25 00:00:00+00:00,1.84,0.23,0.08,0.0,0.01,0.89,2.59,2.89,3.29,4.09
2011-10-02 00:00:00+00:00,1.92,0.25,0.06,0.02,0.02,0.96,2.66,2.9,3.28,4.01
2011-10-09 00:00:00+00:00,2.1,0.3,0.07,0.01,0.01,1.08,2.78,3.02,3.26,3.94
2011-10-16 00:00:00+00:00,2.26,0.28,0.07,0.02,0.02,1.12,2.97,3.22,3.37,4.12
2011-10-23 00:00:00+00:00,2.23,0.3,0.07,0.01,0.02,1.08,2.98,3.26,3.38,4.11
2011-10-30 00:00:00+00:00,2.34,0.28,0.07,0.02,0.01,1.13,3.09,3.36,3.38,4.1
2011-11-06 00:00:00+00:00,2.06,0.22,0.08,0.01,0.01,0.88,2.81,3.09,3.31,4.0
2011-11-13 00:00:00+00:00,2.04,0.24,0.08,0.01,0.01,0.9,2.8,3.12,3.3,3.99
2011-11-20 00:00:00+00:00,2.01,0.29,0.08,0.02,0.01,0.94,2.69,2.99,3.31,4.0
2011-11-27 00:00:00+00:00,1.97,0.28,0.07,0.02,0.02,0.93,2.62,2.92,3.3,3.98
2011-12-04 00:00:00+00:00,2.05,0.25,0.08,0.02,0.02,0.92,2.74,3.03,3.3,4.0
2011-12-11 00:00:00+00:00,2.07,0.22,0.07,0.0,0.01,0.89,2.79,3.1,3.27,3.99
2011-12-18 00:00:00+00:00,1.86,0.24,0.07,0.0,0.0,0.81,2.54,2.86,3.21,3.94
2011-12-25 00:00:00+00:00,2.03,0.28,0.08,0.0,0.01,0.97,2.73,3.05,3.21,3.91
2012-01-01 00:00:00+00:00,1.89,0.25,0.04,0.01,0.02,0.83,2.57,2.89,3.24,3.95
2012-01-08 00:00:00+00:00,1.98,0.25,0.07,0.02,0.02,0.86,2.7,3.02,3.23,3.91
2012-01-15 00:00:00+00:00,1.89,0.24,0.09,0.02,0.03,0.8,2.59,2.91,3.16,3.89
2012-01-22 00:00:00+00:00,2.05,0.26,0.09,0.03,0.05,0.91,2.78,3.1,3.17,3.88
2012-01-29 00:00:00+00:00,1.93,0.22,0.09,0.05,0.06,0.75,2.71,3.07,3.24,3.98
2012-02-05 00:00:00+00:00,1.97,0.23,0.11,0.06,0.08,0.78,2.76,3.13,3.14,3.87
2012-02-12 00:00:00+00:00,1.96,0.27,0.12,0.05,0.09,0.81,2.75,3.11,3.16,3.87
2012-02-19 00:00:00+00:00,2.01,0.29,0.09,0.03,0.09,0.88,2.8,3.16,3.16,3.87
2012-02-26 00:00:00+00:00,1.98,0.31,0.09,0.08,0.1,0.89,2.75,3.1,3.19,3.95
2012-03-04 00:00:00+00:00,1.99,0.28,0.11,0.06,0.07,0.84,2.77,3.11,3.17,3.9
2012-03-11 00:00:00+00:00,2.04,0.33,0.12,0.06,0.09,0.9,2.83,3.19,3.13,3.88
2012-03-18 00:00:00+00:00,2.31,0.37,0.15,0.07,0.09,1.13,3.08,3.41,3.16,3.92
2012-03-25 00:00:00+00:00,2.25,0.37,0.14,0.06,0.08,1.1,2.99,3.31,3.3,4.08
2012-04-01 00:00:00+00:00,2.23,0.33,0.09,0.05,0.07,1.04,3.0,3.35,3.23,3.99
2012-04-08 00:00:00+00:00,2.07,0.32,0.12,0.06,0.07,0.89,2.85,3.21,3.21,3.98
2012-04-15 00:00:00+00:00,2.02,0.27,0.15,0.07,0.09,0.86,2.77,3.14,3.11,3.88
2012-04-22 00:00:00+00:00,1.99,0.29,0.12,0.04,0.08,0.86,2.75,3.12,3.13,3.9
2012-04-29 00:00:00+00:00,1.96,0.26,0.13,0.07,0.09,0.82,2.73,3.12,3.12,3.88
2012-05-06 00:00:00+00:00,1.91,0.27,0.16,0.05,0.07,0.78,2.67,3.07,3.07,3.84
2012-05-13 00:00:00+00:00,1.84,0.27,0.15,0.07,0.1,0.75,2.59,3.02,3.05,3.83
2012-05-20 00:00:00+00:00,1.71,0.32,0.16,0.06,0.08,0.75,2.4,2.8,3.04,3.79
2012-05-27 00:00:00+00:00,1.75,0.3,0.15,0.07,0.09,0.76,2.44,2.85,3.04,3.78
2012-06-03 00:00:00+00:00,1.47,0.25,0.16,0.03,0.07,0.62,2.13,2.53,2.97,3.75
2012-06-10 00:00:00+00:00,1.65,0.28,0.17,0.04,0.09,0.71,2.36,2.77,2.94,3.67
2012-06-17 00:00:00+00:00,1.6,0.29,0.18,0.05,0.09,0.68,2.3,2.7,2.98,3.71
2012-06-24 00:00:00+00:00,1.69,0.31,0.17,0.05,0.09,0.76,2.37,2.75,2.95,3.66
2012-07-01 00:00:00+00:00,1.67,0.33,0.09,0.04,0.09,0.72,2.38,2.76,2.94,3.66
2012-07-08 00:00:00+00:00,1.57,0.27,0.17,0.06,0.08,0.64,2.28,2.66,2.89,3.62
2012-07-15 00:00:00+00:00,1.52,0.25,0.19,0.08,0.1,0.63,2.2,2.58,2.86,3.56
2012-07-22 00:00:00+00:00,1.49,0.22,0.13,0.07,0.09,0.59,2.17,2.55,2.83,3.53
2012-07-29 00:00:00+00:00,1.58,0.25,0.14,0.07,0.11,0.65,2.27,2.63,2.8,3.49
2012-08-05 00:00:00+00:00,1.6,0.24,0.14,0.03,0.09,0.67,2.3,2.65,2.83,3.55
2012-08-12 00:00:00+00:00,1.65,0.27,0.13,0.1,0.1,0.71,2.37,2.74,2.84,3.59
2012-08-19 00:00:00+00:00,1.81,0.29,0.13,0.09,0.09,0.81,2.55,2.93,2.88,3.62
2012-08-26 00:00:00+00:00,1.68,0.28,0.13,0.1,0.1,0.72,2.41,2.79,2.89,3.66
2012-09-02 00:00:00+00:00,1.57,0.22,0.13,0.09,0.09,0.59,2.29,2.68,2.86,3.59
2012-09-09 00:00:00+00:00,1.67,0.25,0.15,0.09,0.11,0.64,2.42,2.81,2.86,3.55
2012-09-16 00:00:00+00:00,1.88,0.27,0.16,0.08,0.11,0.72,2.68,3.09,2.85,3.55
2012-09-23 00:00:00+00:00,1.77,0.27,0.15,0.05,0.11,0.68,2.57,2.95,2.77,3.49
2012-09-30 00:00:00+00:00,1.65,0.23,0.09,0.06,0.1,0.62,2.42,2.82,2.73,3.4
2012-10-07 00:00:00+00:00,1.75,0.27,0.15,0.1,0.11,0.67,2.55,2.96,2.69,3.36
2012-10-14 00:00:00+00:00,1.69,0.27,0.16,0.12,0.11,0.67,2.44,2.83,2.7,3.39
2012-10-21 00:00:00+00:00,1.79,0.3,0.16,0.11,0.1,0.77,2.55,2.94,2.66,3.37
2012-10-28 00:00:00+00:00,1.78,0.3,0.16,0.12,0.12,0.76,2.53,2.92,2.72,3.41
2012-11-04 00:00:00+00:00,1.75,0.28,0.16,0.08,0.09,0.73,2.51,2.91,2.7,3.39
2012-11-11 00:00:00+00:00,1.61,0.27,0.16,0.13,0.09,0.65,2.34,2.75,2.69,3.4
2012-11-18 00:00:00+00:00,1.58,0.24,0.16,0.07,0.06,0.62,2.31,2.73,2.65,3.34
2012-11-25 00:00:00+00:00,1.7,0.29,0.16,0.16,0.1,0.7,2.42,2.83,2.63,3.31
2012-12-02 00:00:00+00:00,1.62,0.25,0.16,0.11,0.08,0.61,2.37,2.81,2.64,3.32
2012-12-09 00:00:00+00:00,1.64,0.25,0.16,0.06,0.09,0.63,2.39,2.81,2.67,3.34
2012-12-16 00:00:00+00:00,1.72,0.24,0.17,0.01,0.04,0.7,2.46,2.87,2.66,3.32
2012-12-23 00:00:00+00:00,1.77,0.26,0.17,0.02,0.06,0.75,2.52,2.93,2.65,3.37
2012-12-30 00:00:00+00:00,1.73,0.27,0.17,0.0,0.01,0.72,2.47,2.88,2.65,3.35
2013-01-06 00:00:00+00:00,1.93,0.27,0.16,0.06,0.07,0.82,2.7,3.1,2.64,3.34
2013-01-13 00:00:00+00:00,1.89,0.26,0.14,0.04,0.07,0.78,2.65,3.05,2.66,3.4
2013-01-20 00:00:00+00:00,1.87,0.26,0.14,0.04,0.08,0.77,2.63,3.03,2.66,3.38
2013-01-27 00:00:00+00:00,1.98,0.28,0.14,0.06,0.08,0.87,2.75,3.14,2.71,3.42
2013-02-03 00:00:00+00:00,2.04,0.27,0.14,0.02,0.06,0.88,2.83,3.21,2.81,3.53
2013-02-10 00:00:00+00:00,1.99,0.25,0.14,0.03,0.07,0.84,2.79,3.17,2.77,3.53
2013-02-17 00:00:00+00:00,2.01,0.29,0.16,0.09,0.1,0.87,2.8,3.18,2.77,3.53
2013-02-24 00:00:00+00:00,1.97,0.27,0.16,0.11,0.13,0.84,2.77,3.15,2.77,3.56
2013-03-03 00:00:00+00:00,1.86,0.25,0.14,0.07,0.11,0.75,2.68,3.06,2.76,3.51
2013-03-10 00:00:00+00:00,2.06,0.27,0.15,0.09,0.1,0.9,2.89,3.25,2.76,3.52
2013-03-17 00:00:00+00:00,2.01,0.25,0.16,0.07,0.09,0.84,2.85,3.22,2.79,3.63
2013-03-24 00:00:00+00:00,1.93,0.26,0.15,0.07,0.07,0.8,2.75,3.13,2.72,3.54
2013-03-31 00:00:00+00:00,1.87,0.25,0.09,0.04,0.07,0.77,2.71,3.1,2.76,3.57
2013-04-07 00:00:00+00:00,1.72,0.24,0.15,0.05,0.07,0.68,2.5,2.87,2.74,3.54
2013-04-14 00:00:00+00:00,1.75,0.22,0.15,0.05,0.06,0.7,2.54,2.92,2.65,3.43
2013-04-21 00:00:00+00:00,1.73,0.24,0.15,0.04,0.05,0.72,2.5,2.88,2.64,3.41
2013-04-28 00:00:00+00:00,1.7,0.22,0.13,0.04,0.05,0.68,2.47,2.87,2.61,3.4
2013-05-05 00:00:00+00:00,1.78,0.22,0.14,0.02,0.05,0.73,2.58,2.96,2.56,3.35
2013-05-12 00:00:00+00:00,1.9,0.26,0.12,0.02,0.04,0.82,2.7,3.1,2.61,3.42
2013-05-19 00:00:00+00:00,1.95,0.26,0.1,0.01,0.04,0.84,2.77,3.17,2.69,3.51
2013-05-26 00:00:00+00:00,2.01,0.26,0.09,0.03,0.04,0.9,2.8,3.18,2.77,3.59
2013-06-02 00:00:00+00:00,2.16,0.3,0.09,0.03,0.04,1.05,2.95,3.3,2.98,3.81
2013-06-09 00:00:00+00:00,2.17,0.32,0.09,0.04,0.04,1.1,2.98,3.33,3.03,3.91
2013-06-16 00:00:00+00:00,2.14,0.29,0.1,0.04,0.05,1.04,2.95,3.28,3.1,3.98
2013-06-23 00:00:00+00:00,2.52,0.38,0.1,0.02,0.05,1.42,3.26,3.56,3.04,3.93
2013-06-30 00:00:00+00:00,2.52,0.36,0.07,0.02,0.04,1.41,3.22,3.52,3.5,4.46
2013-07-07 00:00:00+00:00,2.73,0.4,0.1,0.03,0.04,1.6,3.41,3.68,3.39,4.29
2013-07-14 00:00:00+00:00,2.61,0.37,0.09,0.02,0.04,1.43,3.34,3.64,3.53,4.51
2013-07-21 00:00:00+00:00,2.5,0.32,0.09,0.01,0.03,1.31,3.25,3.56,3.41,4.37
2013-07-28 00:00:00+00:00,2.58,0.31,0.09,0.02,0.03,1.36,3.31,3.61,3.39,4.31
2013-08-04 00:00:00+00:00,2.63,0.3,0.09,0.02,0.04,1.36,3.39,3.69,3.43,4.39
2013-08-11 00:00:00+00:00,2.57,0.32,0.08,0.05,0.05,1.36,3.36,3.63,3.43,4.4
2013-08-18 00:00:00+00:00,2.84,0.36,0.09,0.05,0.05,1.6,3.61,3.86,3.44,4.4
2013-08-25 00:00:00+00:00,2.82,0.4,0.08,0.02,0.03,1.66,3.55,3.8,3.6,4.58
2013-09-01 00:00:00+00:00,2.78,0.39,0.07,0.02,0.03,1.62,3.46,3.7,3.54,4.51
2013-09-08 00:00:00+00:00,2.94,0.46,0.08,0.02,0.02,1.77,3.62,3.87,3.59,4.57
2013-09-15 00:00:00+00:00,2.9,0.45,0.08,0.01,0.01,1.71,3.59,3.84,3.59,4.57
2013-09-22 00:00:00+00:00,2.75,0.34,0.08,0.01,0.01,1.5,3.5,3.77,3.54,4.5
2013-09-29 00:00:00+00:00,2.64,0.34,0.08,0.03,0.02,1.4,3.4,3.68,3.37,4.32
2013-10-06 00:00:00+00:00,2.66,0.33,0.08,0.11,0.03,1.41,3.43,3.73,3.29,4.22
2013-10-13 00:00:00+00:00,2.7,0.35,0.1,0.25,0.08,1.42,3.45,3.74,3.31,4.23
2013-10-20 00:00:00+00:00,2.6,0.33,0.1,0.01,0.04,1.35,3.36,3.65,3.33,4.28
2013-10-27 00:00:00+00:00,2.53,0.32,0.08,0.02,0.04,1.3,3.3,3.6,3.24,4.13
2013-11-03 00:00:00+00:00,2.65,0.33,0.08,0.03,0.04,1.37,3.4,3.69,3.2,4.1
2013-11-10 00:00:00+00:00,2.77,0.32,0.08,0.04,0.06,1.42,3.55,3.84,3.27,4.16
2013-11-17 00:00:00+00:00,2.71,0.31,0.09,0.06,0.08,1.36,3.5,3.8,3.35,4.35
2013-11-24 00:00:00+00:00,2.75,0.31,0.09,0.02,0.07,1.37,3.54,3.84,3.27,4.22
2013-12-01 00:00:00+00:00,2.75,0.28,0.07,0.05,0.06,1.37,3.54,3.82,3.3,4.29
2013-12-08 00:00:00+00:00,2.88,0.3,0.09,0.03,0.06,1.51,3.63,3.9,3.47,4.46
2013-12-15 00:00:00+00:00,2.88,0.34,0.08,0.02,0.07,1.55,3.61,3.88,3.43,4.42
2013-12-22 00:00:00+00:00,2.89,0.37,0.09,0.02,0.07,1.66,3.57,3.82,3.51,4.47
2013-12-29 00:00:00+00:00,3.02,0.4,0.08,0.01,0.07,1.74,3.7,3.94,3.52,4.48
2014-01-05 00:00:00+00:00,3.01,0.41,0.08,0.02,0.07,1.73,3.69,3.93,3.55,4.53
2014-01-12 00:00:00+00:00,2.88,0.39,0.07,0.01,0.05,1.64,3.54,3.8,3.56,4.51
2014-01-19 00:00:00+00:00,2.84,0.4,0.07,0.01,0.05,1.64,3.5,3.75,3.45,4.41
2014-01-26 00:00:00+00:00,2.75,0.37,0.07,0.04,0.04,1.58,3.4,3.64,3.44,4.39
2014-02-02 00:00:00+00:00,2.67,0.34,0.07,0.03,0.02,1.49,3.35,3.61,3.4,4.32
2014-02-09 00:00:00+00:00,2.71,0.3,0.06,0.1,0.08,1.47,3.39,3.67,3.33,4.23
2014-02-16 00:00:00+00:00,2.75,0.32,0.06,0.01,0.02,1.53,3.41,3.69,3.33,4.28
2014-02-23 00:00:00+00:00,2.73,0.33,0.07,0.02,0.05,1.56,3.41,3.69,3.35,4.33
2014-03-02 00:00:00+00:00,2.66,0.33,0.06,0.04,0.05,1.51,3.31,3.59,3.39,4.37
2014-03-09 00:00:00+00:00,2.8,0.38,0.08,0.06,0.06,1.65,3.45,3.72,3.32,4.28
2014-03-16 00:00:00+00:00,2.65,0.36,0.08,0.05,0.05,1.55,3.3,3.59,3.38,4.37
2014-03-23 00:00:00+00:00,2.75,0.45,0.08,0.05,0.06,1.73,3.34,3.61,3.32,4.32
2014-03-30 00:00:00+00:00,2.73,0.45,0.08,0.03,0.04,1.74,3.29,3.55,3.42,4.4
2014-04-06 00:00:00+00:00,2.74,0.43,0.08,0.03,0.03,1.71,3.33,3.59,3.47,4.41
2014-04-13 00:00:00+00:00,2.63,0.37,0.09,0.04,0.04,1.58,3.22,3.48,3.38,4.34
2014-04-20 00:00:00+00:00,2.73,0.43,0.1,0.02,0.03,1.75,3.27,3.52,3.33,4.27
2014-04-27 00:00:00+00:00,2.68,0.43,0.09,0.01,0.03,1.72,3.2,3.45,3.39,4.33
2014-05-04 00:00:00+00:00,2.6,0.42,0.09,0.01,0.02,1.67,3.12,3.37,3.38,4.29
2014-05-11 00:00:00+00:00,2.62,0.4,0.08,0.02,0.03,1.63,3.18,3.47,3.32,4.21
2014-05-18 00:00:00+00:00,2.52,0.38,0.09,0.01,0.03,1.56,3.07,3.34,3.29,4.2
2014-05-25 00:00:00+00:00,2.54,0.37,0.09,0.04,0.04,1.55,3.12,3.4,3.25,4.14
2014-06-01 00:00:00+00:00,2.48,0.37,0.08,0.05,0.04,1.54,3.05,3.33,3.21,4.12
2014-06-08 00:00:00+00:00,2.6,0.41,0.09,0.02,0.04,1.66,3.17,3.44,3.23,4.14
2014-06-15 00:00:00+00:00,2.6,0.45,0.1,0.02,0.04,1.7,3.14,3.41,3.31,4.2
2014-06-22 00:00:00+00:00,2.63,0.5,0.1,0.01,0.02,1.71,3.18,3.44,3.3,4.17
2014-06-29 00:00:00+00:00,2.54,0.45,0.1,0.02,0.03,1.64,3.1,3.36,3.22,4.14
2014-07-06 00:00:00+00:00,2.65,0.52,0.09,0.01,0.01,1.74,3.21,3.47,3.22,4.12
2014-07-13 00:00:00+00:00,2.53,0.48,0.09,0.02,0.02,1.65,3.07,3.34,3.24,4.15
2014-07-20 00:00:00+00:00,2.5,0.51,0.09,0.03,0.02,1.69,3.03,3.29,3.23,4.13
2014-07-27 00:00:00+00:00,2.48,0.53,0.09,0.03,0.03,1.69,2.99,3.24,3.26,4.13
2014-08-03 00:00:00+00:00,2.52,0.47,0.09,0.01,0.03,1.67,3.03,3.29,3.23,4.12
2014-08-10 00:00:00+00:00,2.44,0.45,0.09,0.03,0.03,1.62,2.97,3.23,3.27,4.14
2014-08-17 00:00:00+00:00,2.34,0.42,0.09,0.03,0.03,1.55,2.86,3.13,3.24,4.12
2014-08-24 00:00:00+00:00,2.4,0.53,0.09,0.04,0.03,1.68,2.9,3.16,3.23,4.1
2014-08-31 00:00:00+00:00,2.35,0.48,0.07,0.02,0.03,1.63,2.83,3.09,3.25,4.1
2014-09-07 00:00:00+00:00,2.46,0.52,0.09,0.02,0.03,1.69,2.97,3.23,3.24,4.1
2014-09-14 00:00:00+00:00,2.62,0.58,0.09,0.01,0.02,1.83,3.1,3.35,3.26,4.12
2014-09-21 00:00:00+00:00,2.59,0.59,0.09,0.01,0.02,1.83,3.05,3.29,3.37,4.23
2014-09-28 00:00:00+00:00,2.54,0.59,0.09,0.01,0.01,1.8,2.99,3.22,3.36,4.2
2014-10-05 00:00:00+00:00,2.45,0.57,0.09,0.01,0.01,1.73,2.89,3.13,3.36,4.19
2014-10-12 00:00:00+00:00,2.31,0.45,0.09,0.02,0.01,1.55,2.77,3.03,3.3,4.12
2014-10-19 00:00:00+00:00,2.22,0.39,0.09,0.03,0.02,1.44,2.7,2.98,3.18,3.97
2014-10-26 00:00:00+00:00,2.29,0.41,0.09,0.02,0.01,1.52,2.77,3.05,3.08,3.92
2014-11-02 00:00:00+00:00,2.35,0.5,0.07,0.01,0.01,1.62,2.81,3.07,3.13,3.98
2014-11-09 00:00:00+00:00,2.32,0.51,0.09,0.04,0.03,1.6,2.76,3.04,3.21,4.02
2014-11-16 00:00:00+00:00,2.32,0.54,0.09,0.04,0.02,1.62,2.77,3.04,3.2,4.01
2014-11-23 00:00:00+00:00,2.31,0.53,0.1,0.04,0.01,1.63,2.75,3.02,3.17,3.99
2014-11-30 00:00:00+00:00,2.18,0.47,0.08,0.04,0.02,1.49,2.62,2.89,3.17,3.97
2014-12-07 00:00:00+00:00,2.31,0.65,0.12,0.02,0.02,1.69,2.69,2.97,3.1,3.89
2014-12-14 00:00:00+00:00,2.1,0.56,0.12,0.02,0.02,1.53,2.45,2.75,3.2,3.93
2014-12-21 00:00:00+00:00,2.17,0.67,0.13,0.01,0.04,1.66,2.48,2.77,3.09,3.8
2014-12-28 00:00:00+00:00,2.25,0.73,0.13,0.01,0.01,1.75,2.54,2.81,3.1,3.83
2015-01-04 00:00:00+00:00,2.12,0.66,0.12,0.02,0.02,1.61,2.41,2.69,3.15,3.87
2015-01-11 00:00:00+00:00,1.98,0.59,0.12,0.02,0.02,1.45,2.29,2.55,3.05,3.73
2015-01-18 00:00:00+00:00,1.83,0.49,0.13,0.02,0.03,1.29,2.17,2.44,2.98,3.66
2015-01-25 00:00:00+00:00,1.81,0.52,0.12,0.02,0.02,1.33,2.12,2.38,2.93,3.63
2015-02-01 00:00:00+00:00,1.68,0.47,0.06,0.01,0.02,1.18,2.04,2.25,2.98,3.66
2015-02-08 00:00:00+00:00,1.95,0.65,0.11,0.01,0.02,1.48,2.28,2.51,2.92,3.59
2015-02-15 00:00:00+00:00,2.02,0.66,0.12,0.02,0.01,1.53,2.39,2.63,2.99,3.69
2015-02-22 00:00:00+00:00,2.13,0.67,0.12,0.02,0.02,1.61,2.5,2.73,3.05,3.76
2015-03-01 00:00:00+00:00,2.0,0.63,0.06,0.02,0.02,1.5,2.38,2.6,3.07,3.8
2015-03-08 00:00:00+00:00,2.24,0.73,0.12,0.02,0.01,1.7,2.63,2.83,3.03,3.75
2015-03-15 00:00:00+00:00,2.13,0.68,0.11,0.03,0.03,1.6,2.48,2.7,3.1,3.86
2015-03-22 00:00:00+00:00,1.93,0.6,0.12,0.0,0.01,1.42,2.29,2.5,3.06,3.78
2015-03-29 00:00:00+00:00,1.95,0.58,0.12,0.02,0.04,1.42,2.29,2.53,2.97,3.69
2015-04-05 00:00:00+00:00,1.85,0.49,0.12,0.04,0.02,1.26,2.24,2.49,2.98,3.7
2015-04-12 00:00:00+00:00,1.96,0.57,0.12,0.01,0.02,1.41,2.33,2.58,2.93,3.66
2015-04-19 00:00:00+00:00,1.87,0.51,0.13,0.03,0.01,1.31,2.26,2.51,2.94,3.67
2015-04-26 00:00:00+00:00,1.93,0.54,0.13,0.03,0.03,1.34,2.36,2.62,2.92,3.65
2015-05-03 00:00:00+00:00,2.12,0.6,0.13,0.0,0.01,1.5,2.57,2.82,2.94,3.68
2015-05-10 00:00:00+00:00,2.16,0.59,0.13,0.01,0.01,1.5,2.63,2.9,3.02,3.8
2015-05-17 00:00:00+00:00,2.14,0.55,0.13,0.02,0.02,1.46,2.66,2.93,3.07,3.85
2015-05-24 00:00:00+00:00,2.21,0.64,0.13,0.01,0.02,1.57,2.73,2.99,3.05,3.84
2015-05-31 00:00:00+00:00,2.12,0.61,0.08,0.01,0.01,1.49,2.63,2.88,3.11,3.87
2015-06-07 00:00:00+00:00,2.41,0.73,0.13,0.02,0.03,1.75,2.87,3.11,3.08,3.87
2015-06-14 00:00:00+00:00,2.39,0.74,0.13,0.01,0.02,1.75,2.84,3.1,3.25,4.04
2015-06-21 00:00:00+00:00,2.26,0.65,0.13,0.0,0.01,1.59,2.76,3.05,3.23,4.0
2015-06-28 00:00:00+00:00,2.49,0.72,0.13,0.0,0.01,1.75,2.98,3.25,3.21,4.02
2015-07-05 00:00:00+00:00,2.4,0.64,0.13,0.01,0.01,1.64,2.9,3.19,3.24,4.08
2015-07-12 00:00:00+00:00,2.42,0.65,0.13,0.01,0.01,1.68,2.91,3.2,3.2,4.04
2015-07-19 00:00:00+00:00,2.34,0.68,0.13,0.03,0.03,1.67,2.77,3.08,3.25,4.09
2015-07-26 00:00:00+00:00,2.27,0.7,0.13,0.04,0.04,1.64,2.67,2.96,3.21,4.04
2015-08-02 00:00:00+00:00,2.2,0.67,0.08,0.04,0.08,1.54,2.61,2.92,3.17,3.98
2015-08-09 00:00:00+00:00,2.18,0.73,0.14,0.03,0.06,1.59,2.52,2.83,3.13,3.91
2015-08-16 00:00:00+00:00,2.2,0.73,0.14,0.04,0.09,1.61,2.54,2.84,3.17,3.94
2015-08-23 00:00:00+00:00,2.05,0.64,0.15,0.02,0.03,1.44,2.44,2.74,3.15,3.93
2015-08-30 00:00:00+00:00,2.19,0.72,0.14,0.02,0.06,1.52,2.61,2.92,3.06,3.84
2015-09-06 00:00:00+00:00,2.13,0.71,0.14,0.02,0.02,1.47,2.58,2.89,3.09,3.89
2015-09-13 00:00:00+00:00,2.2,0.71,0.14,0.04,0.04,1.52,2.63,2.95,3.1,3.9
2015-09-20 00:00:00+00:00,2.13,0.69,0.14,0.0,0.0,1.45,2.58,2.93,3.11,3.91
2015-09-27 00:00:00+00:00,2.17,0.7,0.13,0.0,0.0,1.48,2.6,2.96,3.08,3.86
2015-10-04 00:00:00+00:00,1.99,0.58,0.13,0.0,0.0,1.29,2.44,2.82,3.07,3.85
2015-10-11 00:00:00+00:00,2.12,0.65,0.13,0.01,0.01,1.41,2.55,2.94,2.99,3.76
2015-10-18 00:00:00+00:00,2.04,0.61,0.13,0.03,0.01,1.36,2.46,2.87,3.03,3.82
2015-10-25 00:00:00+00:00,2.09,0.66,0.12,0.01,0.01,1.43,2.54,2.9,2.98,3.79
2015-11-01 00:00:00+00:00,2.16,0.75,0.07,0.01,0.08,1.52,2.57,2.93,2.98,3.76
2015-11-08 00:00:00+00:00,2.34,0.9,0.12,0.04,0.08,1.73,2.76,3.09,3.09,3.87
2015-11-15 00:00:00+00:00,2.28,0.86,0.12,0.03,0.14,1.67,2.72,3.06,3.2,3.98
2015-11-22 00:00:00+00:00,2.26,0.93,0.12,0.05,0.12,1.7,2.68,3.02,3.18,3.97
2015-11-29 00:00:00+00:00,2.22,0.92,0.12,0.13,0.18,1.64,2.64,3.0,3.18,3.95
2015-12-06 00:00:00+00:00,2.28,0.96,0.13,0.17,0.23,1.71,2.65,3.01,3.16,3.93
2015-12-13 00:00:00+00:00,2.13,0.88,0.14,0.15,0.23,1.56,2.49,2.87,3.19,3.95
2015-12-20 00:00:00+00:00,2.19,0.97,0.37,0.16,0.19,1.67,2.54,2.9,3.22,3.97
2015-12-27 00:00:00+00:00,2.25,1.03,0.36,0.15,0.2,1.73,2.61,2.96,3.22,3.96
2016-01-03 00:00:00+00:00,2.27,1.06,0.2,0.14,0.16,1.76,2.67,3.01,3.24,4.01
2016-01-10 00:00:00+00:00,2.13,0.94,0.36,0.2,0.2,1.57,2.55,2.91,3.26,3.97
2016-01-17 00:00:00+00:00,2.03,0.85,0.36,0.19,0.24,1.46,2.44,2.81,3.19,3.92
2016-01-24 00:00:00+00:00,2.07,0.88,0.38,0.26,0.31,1.49,2.46,2.83,3.1,3.81
2016-01-31 00:00:00+00:00,1.94,0.76,0.29,0.22,0.33,1.33,2.36,2.75,3.07,3.79
2016-02-07 00:00:00+00:00,1.86,0.74,0.38,0.23,0.3,1.25,2.27,2.68,3.01,3.72
2016-02-14 00:00:00+00:00,1.74,0.71,0.38,0.26,0.3,1.2,2.15,2.6,2.95,3.65
2016-02-21 00:00:00+00:00,1.76,0.76,0.38,0.26,0.31,1.24,2.17,2.61,2.95,3.65
2016-02-28 00:00:00+00:00,1.76,0.8,0.37,0.26,0.33,1.23,2.2,2.63,2.93,3.62
2016-03-06 00:00:00+00:00,1.88,0.88,0.36,0.25,0.29,1.38,2.29,2.7,2.94,3.64
2016-03-13 00:00:00+00:00,1.98,0.97,0.36,0.27,0.33,1.49,2.34,2.75,2.96,3.68
2016-03-20 00:00:00+00:00,1.88,0.84,0.37,0.27,0.3,1.34,2.26,2.68,2.99,3.73
2016-03-27 00:00:00+00:00,1.91,0.89,0.37,0.24,0.3,1.39,2.28,2.67,2.96,3.71
2016-04-03 00:00:00+00:00,1.79,0.76,0.37,0.2,0.23,1.24,2.2,2.62,2.98,3.71
2016-04-10 00:00:00+00:00,1.72,0.7,0.37,0.2,0.23,1.16,2.13,2.55,2.88,3.59
2016-04-17 00:00:00+00:00,1.76,0.74,0.37,0.19,0.22,1.22,2.14,2.56,2.86,3.58
2016-04-24 00:00:00+00:00,1.89,0.84,0.37,0.19,0.23,1.37,2.3,2.7,2.85,3.59
2016-05-01 00:00:00+00:00,1.83,0.77,0.3,0.16,0.22,1.28,2.26,2.66,2.89,3.66
2016-05-08 00:00:00+00:00,1.79,0.74,0.37,0.2,0.19,1.23,2.2,2.62,2.86,3.61
2016-05-15 00:00:00+00:00,1.71,0.76,0.37,0.25,0.29,1.22,2.14,2.55,2.81,3.57
2016-05-22 00:00:00+00:00,1.85,0.89,0.37,0.26,0.33,1.38,2.24,2.63,2.81,3.58
2016-05-29 00:00:00+00:00,1.85,0.9,0.37,0.23,0.32,1.39,2.25,2.65,2.89,3.64
2016-06-05 00:00:00+00:00,1.71,0.78,0.37,0.19,0.3,1.23,2.09,2.52,2.92,3.66
2016-06-12 00:00:00+00:00,1.64,0.73,0.37,0.18,0.26,1.17,2.02,2.44,2.87,3.6
2016-06-19 00:00:00+00:00,1.62,0.7,0.38,0.22,0.27,1.13,1.99,2.43,2.81,3.54
2016-06-26 00:00:00+00:00,1.57,0.64,0.4,0.24,0.27,1.08,1.96,2.42,2.83,3.56
2016-07-03 00:00:00+00:00,1.46,0.59,0.41,0.24,0.28,1.0,1.81,2.24,2.78,3.48
2016-07-10 00:00:00+00:00,1.37,0.61,0.4,0.26,0.28,0.95,1.69,2.11,2.74,3.41
2016-07-17 00:00:00+00:00,1.6,0.71,0.4,0.27,0.32,1.15,1.9,2.3,2.72,3.42
2016-07-24 00:00:00+00:00,1.57,0.71,0.4,0.29,0.33,1.13,1.9,2.29,2.75,3.45
2016-07-31 00:00:00+00:00,1.46,0.67,0.3,0.19,0.28,1.03,1.78,2.18,2.78,3.48
2016-08-07 00:00:00+00:00,1.59,0.72,0.4,0.23,0.28,1.13,1.91,2.32,2.74,3.43
2016-08-14 00:00:00+00:00,1.51,0.71,0.4,0.27,0.29,1.1,1.85,2.23,2.76,3.45
2016-08-21 00:00:00+00:00,1.58,0.76,0.4,0.27,0.3,1.17,1.93,2.29,2.74,3.43
2016-08-28 00:00:00+00:00,1.62,0.84,0.4,0.28,0.34,1.23,1.96,2.29,2.74,3.43
2016-09-04 00:00:00+00:00,1.6,0.8,0.4,0.25,0.33,1.2,1.95,2.28,2.77,3.46
2016-09-11 00:00:00+00:00,1.67,0.79,0.4,0.24,0.35,1.23,2.05,2.39,2.76,3.44
2016-09-18 00:00:00+00:00,1.7,0.77,0.4,0.2,0.3,1.21,2.1,2.44,2.77,3.5
2016-09-25 00:00:00+00:00,1.62,0.77,0.4,0.09,0.18,1.16,2.02,2.34,2.76,3.48
2016-10-02 00:00:00+00:00,1.6,0.77,0.29,0.2,0.29,1.14,1.99,2.32,2.72,3.42
2016-10-09 00:00:00+00:00,1.73,0.83,0.4,0.26,0.33,1.26,2.14,2.46,2.72,3.42
2016-10-16 00:00:00+00:00,1.8,0.84,0.41,0.26,0.32,1.28,2.22,2.55,2.76,3.47
2016-10-23 00:00:00+00:00,1.74,0.84,0.41,0.25,0.34,1.25,2.15,2.48,2.79,3.52
2016-10-30 00:00:00+00:00,1.86,0.86,0.41,0.18,0.3,1.33,2.27,2.62,2.78,3.47
2016-11-06 00:00:00+00:00,1.79,0.8,0.41,0.25,0.38,1.24,2.22,2.56,2.84,3.54
2016-11-13 00:00:00+00:00,2.15,0.92,0.41,0.3,0.48,1.56,2.58,2.94,2.88,3.57
2016-11-20 00:00:00+00:00,2.34,1.07,0.41,0.28,0.44,1.8,2.7,3.01,3.14,3.94
2016-11-27 00:00:00+00:00,2.36,1.12,0.41,0.34,0.49,1.83,2.71,3.01,3.25,4.03
2016-12-04 00:00:00+00:00,2.4,1.11,0.41,0.34,0.49,1.84,2.78,3.08,3.34,4.08
2016-12-11 00:00:00+00:00,2.47,1.15,0.41,0.41,0.54,1.89,2.87,3.16,3.36,4.13
2016-12-18 00:00:00+00:00,2.6,1.28,0.66,0.46,0.51,2.07,2.91,3.19,3.37,4.16
2016-12-25 00:00:00+00:00,2.55,1.22,0.66,0.42,0.52,2.04,2.86,3.12,3.52,4.3
2017-01-01 00:00:00+00:00,2.45,1.2,0.55,0.44,0.51,1.93,2.79,3.06,3.55,4.32
2017-01-08 00:00:00+00:00,2.42,1.22,0.66,0.5,0.53,1.92,2.73,3.0,3.44,4.2
2017-01-15 00:00:00+00:00,2.4,1.21,0.66,0.52,0.53,1.9,2.71,2.99,3.37,4.12
2017-01-22 00:00:00+00:00,2.48,1.2,0.66,0.46,0.5,1.95,2.79,3.05,3.34,4.09
2017-01-29 00:00:00+00:00,2.49,1.22,0.66,0.49,0.52,1.94,2.8,3.06,3.4,4.19
2017-02-05 00:00:00+00:00,2.49,1.21,0.66,0.49,0.51,1.93,2.82,3.11,3.41,4.19
2017-02-12 00:00:00+00:00,2.41,1.2,0.66,0.51,0.55,1.89,2.75,3.01,3.39,4.17
2017-02-19 00:00:00+00:00,2.42,1.21,0.66,0.5,0.53,1.92,2.78,3.03,3.35,4.15
2017-02-26 00:00:00+00:00,2.31,1.12,0.66,0.4,0.52,1.8,2.69,2.95,3.37,4.16
2017-03-05 00:00:00+00:00,2.49,1.32,0.66,0.56,0.71,2.02,2.83,3.08,3.32,4.1
2017-03-12 00:00:00+00:00,2.58,1.36,0.66,0.6,0.75,2.11,2.94,3.16,3.42,4.21
2017-03-19 00:00:00+00:00,2.5,1.33,0.91,0.71,0.73,2.03,2.86,3.11,3.5,4.3
2017-03-26 00:00:00+00:00,2.4,1.26,0.91,0.73,0.78,1.93,2.74,3.0,3.44,4.23
2017-04-02 00:00:00+00:00,2.4,1.27,0.82,0.74,0.76,1.93,2.76,3.02,3.39,4.14
2017-04-09 00:00:00+00:00,2.38,1.29,0.91,0.77,0.82,1.92,2.74,3.0,3.36,4.1
2017-04-16 00:00:00+00:00,2.24,1.21,0.91,0.76,0.81,1.77,2.62,2.89,3.34,4.08
2017-04-23 00:00:00+00:00,2.24,1.2,0.91,0.72,0.79,1.77,2.61,2.89,3.23,3.97
2017-04-30 00:00:00+00:00,2.29,1.28,0.83,0.68,0.8,1.81,2.67,2.96,3.27,4.03
2017-05-07 00:00:00+00:00,2.36,1.32,0.91,0.71,0.9,1.89,2.73,2.99,3.27,4.02
2017-05-14 00:00:00+00:00,2.33,1.29,0.91,0.69,0.88,1.85,2.74,2.98,3.29,4.05
2017-05-21 00:00:00+00:00,2.23,1.28,0.91,0.71,0.92,1.79,2.63,2.9,3.27,4.02
2017-05-28 00:00:00+00:00,2.25,1.3,0.91,0.75,0.94,1.79,2.65,2.92,3.19,3.95
2017-06-04 00:00:00+00:00,2.15,1.28,0.91,0.82,0.98,1.71,2.53,2.8,3.19,3.94
2017-06-11 00:00:00+00:00,2.21,1.35,0.91,0.8,1.01,1.77,2.59,2.86,3.16,3.89
2017-06-18 00:00:00+00:00,2.16,1.32,1.16,0.85,1.03,1.75,2.52,2.78,3.18,3.91
2017-06-25 00:00:00+00:00,2.15,1.34,1.16,0.76,0.97,1.77,2.48,2.71,3.17,3.9
2017-07-02 00:00:00+00:00,2.31,1.38,1.06,0.84,1.03,1.89,2.61,2.84,3.17,3.88
2017-07-09 00:00:00+00:00,2.39,1.4,1.16,0.94,1.05,1.95,2.71,2.93,3.22,3.96
2017-07-16 00:00:00+00:00,2.33,1.35,1.16,0.93,1.04,1.87,2.67,2.91,3.29,4.03
2017-07-23 00:00:00+00:00,2.24,1.36,1.16,1.0,1.16,1.81,2.57,2.81,3.23,3.96
2017-07-30 00:00:00+00:00,2.3,1.34,1.16,1.0,1.08,1.83,2.65,2.89,3.2,3.92
2017-08-06 00:00:00+00:00,2.27,1.36,1.16,1.0,1.08,1.82,2.61,2.84,3.18,3.93
2017-08-13 00:00:00+00:00,2.19,1.3,1.16,0.99,1.03,1.74,2.55,2.79,3.18,3.9
2017-08-20 00:00:00+00:00,2.19,1.33,1.16,0.97,1.02,1.77,2.54,2.78,3.16,3.89
2017-08-27 00:00:00+00:00,2.17,1.35,1.16,0.99,1.03,1.77,2.51,2.75,3.16,3.86
2017-09-03 00:00:00+00:00,2.16,1.35,1.16,0.96,1.02,1.73,2.51,2.77,3.12,3.82
2017-09-10 00:00:00+00:00,2.06,1.27,1.16,0.96,1.04,1.64,2.41,2.67,3.08,3.78
2017-09-17 00:00:00+00:00,2.2,1.39,1.16,0.98,1.05,1.81,2.52,2.77,3.08,3.78
2017-09-24 00:00:00+00:00,2.26,1.46,1.16,0.97,1.03,1.88,2.57,2.8,3.13,3.83
2017-10-01 00:00:00+00:00,2.33,1.47,1.06,0.96,1.06,1.92,2.63,2.86,3.13,3.83
2017-10-08 00:00:00+00:00,2.37,1.54,1.16,1.03,1.07,1.97,2.68,2.91,3.15,3.85
2017-10-15 00:00:00+00:00,2.28,1.51,1.16,0.97,1.09,1.91,2.58,2.81,3.21,3.91
2017-10-22 00:00:00+00:00,2.39,1.6,1.16,0.99,1.11,2.03,2.67,2.89,3.19,3.88
2017-10-29 00:00:00+00:00,2.42,1.59,1.16,0.98,1.1,2.03,2.71,2.93,3.25,3.94
2017-11-05 00:00:00+00:00,2.34,1.63,1.16,1.02,1.18,1.99,2.59,2.82,3.27,3.94
2017-11-12 00:00:00+00:00,2.4,1.67,1.16,1.06,1.23,2.06,2.67,2.88,3.24,3.9
2017-11-19 00:00:00+00:00,2.35,1.73,1.16,1.08,1.29,2.06,2.59,2.78,3.31,3.95
2017-11-26 00:00:00+00:00,2.34,1.75,1.16,1.14,1.29,2.07,2.58,2.76,3.32,3.92
2017-12-03 00:00:00+00:00,2.37,1.78,1.16,1.14,1.27,2.13,2.58,2.76,3.3,3.9
2017-12-10 00:00:00+00:00,2.38,1.8,1.16,1.14,1.28,2.14,2.59,2.77,3.36,3.94
2017-12-17 00:00:00+00:00,2.35,1.84,1.41,1.24,1.31,2.16,2.52,2.68,3.36,3.93
2017-12-24 00:00:00+00:00,2.48,1.91,1.42,1.15,1.33,2.26,2.68,2.83,3.38,3.94
2017-12-31 00:00:00+00:00,2.4,1.89,1.33,1.28,1.39,2.2,2.58,2.74,3.44,3.99
2018-01-07 00:00:00+00:00,2.47,1.96,1.42,1.27,1.39,2.29,2.64,2.81,3.38,3.95
2018-01-14 00:00:00+00:00,2.55,1.99,1.42,1.31,1.43,2.35,2.71,2.85,3.44,3.99
2018-01-21 00:00:00+00:00,2.64,2.06,1.42,1.28,1.44,2.45,2.78,2.91,3.49,4.04
2018-01-28 00:00:00+00:00,2.66,2.13,1.42,1.24,1.41,2.47,2.79,2.91,3.62,4.15
2018-02-04 00:00:00+00:00,2.84,2.15,1.42,1.4,1.48,2.58,2.97,3.08,3.68,4.22
2018-02-11 00:00:00+00:00,2.83,2.05,1.42,1.31,1.55,2.52,3.02,3.14,3.77,4.32
2018-02-18 00:00:00+00:00,2.87,2.21,1.42,1.35,1.62,2.63,3.02,3.13,3.84,4.38
2018-02-25 00:00:00+00:00,2.88,2.25,1.42,1.38,1.64,2.62,3.04,3.16,3.85,4.4
2018-03-04 00:00:00+00:00,2.86,2.25,1.42,1.5,1.65,2.63,3.02,3.14,3.9,4.43
2018-03-11 00:00:00+00:00,2.9,2.27,1.42,1.57,1.67,2.65,3.04,3.16,3.94,4.46
2018-03-18 00:00:00+00:00,2.85,2.31,1.43,1.71,1.78,2.65,2.96,3.08,3.9,4.44
2018-03-25 00:00:00+00:00,2.82,2.28,1.68,1.69,1.74,2.61,2.94,3.06,3.91,4.45
2018-04-01 00:00:00+00:00,2.74,2.27,1.67,1.63,1.73,2.56,2.85,2.97,3.9,4.44
2018-04-08 00:00:00+00:00,2.77,2.27,1.69,1.68,1.73,2.58,2.89,3.01,3.87,4.4
2018-04-15 00:00:00+00:00,2.82,2.37,1.69,1.64,1.76,2.67,2.91,3.03,3.87,4.42
2018-04-22 00:00:00+00:00,2.96,2.46,1.7,1.65,1.81,2.8,3.04,3.14,3.94,4.47
2018-04-29 00:00:00+00:00,2.96,2.49,1.7,1.62,1.82,2.8,3.03,3.13,4.02,4.58
2018-05-06 00:00:00+00:00,2.95,2.51,1.7,1.67,1.84,2.78,3.02,3.12,4.03,4.55
2018-05-13 00:00:00+00:00,2.97,2.54,1.7,1.68,1.92,2.84,3.03,3.1,4.01,4.55
2018-05-20 00:00:00+00:00,3.06,2.55,1.7,1.68,1.91,2.9,3.14,3.2,4.08,4.61
2018-05-27 00:00:00+00:00,2.93,2.48,1.7,1.7,1.9,2.76,3.01,3.09,4.15,4.66
2018-06-03 00:00:00+00:00,2.89,2.47,1.7,1.74,1.92,2.74,2.96,3.04,4.06,4.56
2018-06-10 00:00:00+00:00,2.93,2.5,1.7,1.78,1.93,2.77,3.0,3.08,4.01,4.54
2018-06-17 00:00:00+00:00,2.93,2.55,1.9,1.82,1.94,2.81,2.98,3.05,4.07,4.62
2018-06-24 00:00:00+00:00,2.9,2.56,1.92,1.83,1.93,2.77,2.97,3.04,4.04,4.57
2018-07-01 00:00:00+00:00,2.85,2.52,1.91,1.77,1.93,2.73,2.91,2.98,4.04,4.55
2018-07-08 00:00:00+00:00,2.82,2.53,1.91,1.86,1.97,2.71,2.87,2.94,3.99,4.52
2018-07-15 00:00:00+00:00,2.83,2.59,1.91,1.87,1.98,2.73,2.87,2.94,4.02,4.53
2018-07-22 00:00:00+00:00,2.89,2.6,1.91,1.86,1.99,2.77,2.96,3.03,4.0,4.52
2018-07-29 00:00:00+00:00,2.96,2.67,1.91,1.9,2.0,2.84,3.03,3.09,4.02,4.54
2018-08-05 00:00:00+00:00,2.95,2.63,1.91,1.9,2.01,2.82,3.03,3.09,4.08,4.6
2018-08-12 00:00:00+00:00,2.87,2.61,1.91,1.92,2.05,2.75,2.96,3.03,4.05,4.59
2018-08-19 00:00:00+00:00,2.87,2.61,1.92,1.95,2.05,2.75,2.95,3.03,4.01,4.53
2018-08-26 00:00:00+00:00,2.82,2.63,1.92,1.95,2.09,2.72,2.89,2.97,3.98,4.51
2018-09-02 00:00:00+00:00,2.86,2.62,1.91,1.95,2.11,2.74,2.95,3.02,3.97,4.52
2018-09-09 00:00:00+00:00,2.94,2.71,1.92,1.98,2.14,2.82,3.03,3.11,3.99,4.54
2018-09-16 00:00:00+00:00,2.99,2.78,1.92,2.02,2.16,2.9,3.07,3.13,4.06,4.6
2018-09-23 00:00:00+00:00,3.07,2.81,1.92,2.05,2.18,2.95,3.14,3.2,4.11,4.65
2018-09-30 00:00:00+00:00,3.05,2.81,2.18,2.12,2.19,2.94,3.13,3.19,4.16,4.72
2018-10-07 00:00:00+00:00,3.23,2.88,2.18,2.15,2.23,3.07,3.34,3.4,4.15,4.71
2018-10-14 00:00:00+00:00,3.15,2.85,2.18,2.14,2.28,3.0,3.25,3.32,4.29,4.9
2018-10-21 00:00:00+00:00,3.2,2.92,2.19,2.19,2.31,3.05,3.31,3.38,4.26,4.85
2018-10-28 00:00:00+00:00,3.08,2.81,2.2,2.16,2.33,2.91,3.23,3.32,4.29,4.86
2018-11-04 00:00:00+00:00,3.22,2.91,2.19,2.19,2.33,3.04,3.37,3.46,4.23,4.83
2018-11-11 00:00:00+00:00,3.19,2.94,2.19,2.21,2.36,3.05,3.32,3.4,4.33,4.94
2018-11-18 00:00:00+00:00,3.08,2.81,2.2,2.21,2.36,2.9,3.23,3.33,4.36,4.94
2018-11-25 00:00:00+00:00,3.05,2.81,2.2,2.25,2.41,2.88,3.21,3.31,4.24,4.81
2018-12-02 00:00:00+00:00,3.01,2.8,2.2,2.31,2.37,2.84,3.19,3.3,4.25,4.81
2018-12-09 00:00:00+00:00,2.85,2.72,2.19,2.32,2.4,2.7,3.01,3.14,4.21,4.75
2018-12-16 00:00:00+00:00,2.89,2.73,2.19,2.36,2.42,2.73,3.03,3.14,4.07,4.63
2018-12-23 00:00:00+00:00,2.79,2.63,2.4,2.41,2.39,2.64,2.92,3.03,4.07,4.62
2018-12-30 00:00:00+00:00,2.72,2.52,2.4,2.39,2.4,2.56,2.89,3.04,4.01,4.55
2019-01-06 00:00:00+00:00,2.67,2.5,2.4,2.4,2.42,2.49,2.83,2.98,3.99,4.51
2019-01-13 00:00:00+00:00,2.71,2.55,2.4,2.41,2.43,2.52,2.9,3.04,3.89,4.45
2019-01-20 00:00:00+00:00,2.79,2.62,2.4,2.4,2.41,2.62,2.95,3.09,3.88,4.45
2019-01-27 00:00:00+00:00,2.76,2.6,2.4,2.36,2.39,2.59,2.92,3.06,3.88,4.45
2019-02-03 00:00:00+00:00,2.7,2.52,2.4,2.41,2.4,2.51,2.88,3.03,3.89,4.46
2019-02-10 00:00:00+00:00,2.63,2.45,2.4,2.43,2.43,2.44,2.82,2.97,3.84,4.41
2019-02-17 00:00:00+00:00,2.66,2.52,2.4,2.43,2.43,2.49,2.84,3.0,3.81,4.37
2019-02-24 00:00:00+00:00,2.65,2.48,2.4,2.43,2.46,2.47,2.86,3.02,3.78,4.35
2019-03-03 00:00:00+00:00,2.76,2.55,2.4,2.44,2.44,2.56,2.97,3.13,3.77,4.35
2019-03-10 00:00:00+00:00,2.62,2.45,2.4,2.45,2.46,2.42,2.83,3.0,3.83,4.41
2019-03-17 00:00:00+00:00,2.59,2.43,2.4,2.46,2.45,2.4,2.83,3.02,3.76,4.31
2019-03-24 00:00:00+00:00,2.44,2.31,2.41,2.49,2.46,2.24,2.69,2.88,3.71,4.28
2019-03-31 00:00:00+00:00,2.41,2.27,2.43,2.43,2.4,2.23,2.63,2.81,3.57,4.06
2019-04-07 00:00:00+00:00,2.5,2.35,2.41,2.42,2.44,2.31,2.72,2.91,3.56,4.08
2019-04-14 00:00:00+00:00,2.56,2.4,2.41,2.41,2.44,2.38,2.78,2.97,3.6,4.12
2019-04-21 00:00:00+00:00,2.57,2.38,2.44,2.44,2.42,2.38,2.78,2.96,3.62,4.17
2019-04-28 00:00:00+00:00,2.51,2.28,2.44,2.42,2.42,2.29,2.74,2.92,3.64,4.2
2019-05-05 00:00:00+00:00,2.54,2.33,2.4,2.42,2.43,2.33,2.75,2.93,3.6,4.14
2019-05-12 00:00:00+00:00,2.47,2.26,2.38,2.42,2.43,2.26,2.7,2.89,3.57,4.1
2019-05-19 00:00:00+00:00,2.39,2.2,2.39,2.39,2.39,2.17,2.63,2.82,3.53,4.07
2019-05-26 00:00:00+00:00,2.32,2.16,2.38,2.37,2.35,2.12,2.57,2.75,3.51,4.06
2019-06-02 00:00:00+00:00,2.14,1.95,2.4,2.35,2.35,1.93,2.39,2.58,3.46,3.99
2019-06-09 00:00:00+00:00,2.09,1.85,2.37,2.3,2.28,1.85,2.36,2.57,3.28,3.82
2019-06-16 00:00:00+00:00,2.09,1.84,2.36,2.23,2.2,1.85,2.38,2.59,3.26,3.82
2019-06-23 00:00:00+00:00,2.07,1.77,2.38,2.16,2.11,1.8,2.37,2.59,3.25,3.84
2019-06-30 00:00:00+00:00,2.0,1.75,2.4,2.18,2.12,1.76,2.31,2.52,3.16,3.73
2019-07-07 00:00:00+00:00,2.04,1.87,2.42,2.26,2.23,1.84,2.34,2.54,3.18,3.75
2019-07-14 00:00:00+00:00,2.12,1.84,2.38,2.16,2.14,1.86,2.42,2.64,3.22,3.75
2019-07-21 00:00:00+00:00,2.05,1.8,2.41,2.11,2.06,1.8,2.35,2.57,3.23,3.81
2019-07-28 00:00:00+00:00,2.08,1.86,2.4,2.13,2.12,1.85,2.38,2.59,3.18,3.75
2019-08-04 00:00:00+00:00,1.86,1.72,2.14,2.11,2.06,1.66,2.16,2.39,3.2,3.75
2019-08-11 00:00:00+00:00,1.74,1.63,2.12,2.05,2.0,1.57,2.03,2.26,3.05,3.6
2019-08-18 00:00:00+00:00,1.55,1.48,2.13,2.05,1.87,1.42,1.82,2.01,3.07,3.6
2019-08-25 00:00:00+00:00,1.52,1.51,2.12,2.07,1.97,1.4,1.82,2.02,3.03,3.55
2019-09-01 00:00:00+00:00,1.5,1.5,2.13,2.1,1.99,1.39,1.78,1.96,3.06,3.58
2019-09-08 00:00:00+00:00,1.55,1.53,2.12,2.05,1.96,1.42,1.83,2.02,3.0,3.49
2019-09-15 00:00:00+00:00,1.9,1.79,2.14,1.99,1.96,1.75,2.17,2.37,3.09,3.56
2019-09-22 00:00:00+00:00,1.74,1.69,1.9,1.95,1.91,1.61,1.99,2.17,3.21,3.73
2019-09-29 00:00:00+00:00,1.69,1.63,1.83,1.9,1.8,1.56,1.95,2.13,3.16,3.64
2019-10-06 00:00:00+00:00,1.52,1.4,1.82,1.73,1.71,1.34,1.81,2.01,3.14,3.65
2019-10-13 00:00:00+00:00,1.76,1.63,1.82,1.76,1.68,1.59,2.04,2.22,3.05,3.57
2019-10-20 00:00:00+00:00,1.76,1.58,1.85,1.75,1.66,1.56,2.06,2.25,3.15,3.69
2019-10-27 00:00:00+00:00,1.8,1.63,1.83,1.73,1.66,1.62,2.1,2.29,3.18,3.75
2019-11-03 00:00:00+00:00,1.73,1.56,1.57,1.58,1.52,1.55,2.03,2.21,3.19,3.78
2019-11-10 00:00:00+00:00,1.94,1.68,1.55,1.56,1.55,1.74,2.27,2.43,3.13,3.69
2019-11-17 00:00:00+00:00,1.84,1.61,1.55,1.59,1.57,1.65,2.16,2.31,3.2,3.75
2019-11-24 00:00:00+00:00,1.77,1.61,1.55,1.58,1.58,1.62,2.08,2.22,3.15,3.66
2019-12-01 00:00:00+00:00,1.78,1.61,1.56,1.62,1.59,1.62,2.07,2.21,3.15,3.68
2019-12-08 00:00:00+00:00,1.84,1.61,1.55,1.52,1.53,1.67,2.14,2.29,3.14,3.68
2019-12-15 00:00:00+00:00,1.82,1.61,1.55,1.55,1.57,1.66,2.11,2.26,3.19,3.73
2019-12-22 00:00:00+00:00,1.92,1.63,1.55,1.57,1.58,1.73,2.21,2.34,3.19,3.73
2019-12-29 00:00:00+00:00,1.88,1.59,1.55,1.56,1.57,1.68,2.18,2.32,3.19,3.74
2020-01-05 00:00:00+00:00,1.8,1.53,1.55,1.52,1.52,1.59,2.11,2.26,3.16,3.72
2020-01-12 00:00:00+00:00,1.83,1.56,1.54,1.52,1.54,1.63,2.14,2.28,3.07,3.64
2020-01-19 00:00:00+00:00,1.84,1.58,1.55,1.54,1.56,1.63,2.16,2.29,3.09,3.65
2020-01-26 00:00:00+00:00,1.7,1.49,1.55,1.54,1.54,1.51,2.0,2.14,3.04,3.6
2020-02-02 00:00:00+00:00,1.51,1.33,1.59,1.56,1.55,1.32,1.83,1.99,3.0,3.51
2020-02-09 00:00:00+00:00,1.59,1.41,1.58,1.57,1.56,1.41,1.89,2.05,2.97,3.45
2020-02-16 00:00:00+00:00,1.59,1.42,1.58,1.6,1.58,1.42,1.89,2.04,2.97,3.47
2020-02-23 00:00:00+00:00,1.46,1.34,1.58,1.6,1.56,1.3,1.75,1.9,2.99,3.49
2020-03-01 00:00:00+00:00,1.13,0.86,1.58,1.45,1.27,0.89,1.46,1.65,2.95,3.45
2020-03-08 00:00:00+00:00,0.74,0.49,1.09,0.79,0.45,0.58,1.09,1.25,2.79,3.29
2020-03-15 00:00:00+00:00,0.94,0.49,1.1,0.33,0.28,0.7,1.31,1.56,2.77,3.36
2020-03-22 00:00:00+00:00,0.92,0.37,0.15,0.04,0.05,0.52,1.35,1.55,3.06,3.65
2020-03-29 00:00:00+00:00,0.72,0.25,0.1,0.01,0.03,0.41,1.09,1.29,2.92,3.5
2020-04-05 00:00:00+00:00,0.62,0.23,0.05,0.09,0.1,0.39,1.05,1.24,2.82,3.33
2020-04-12 00:00:00+00:00,0.73,0.23,0.05,0.2,0.25,0.41,1.15,1.35,2.77,3.33
2020-04-19 00:00:00+00:00,0.65,0.2,0.05,0.12,0.12,0.36,1.08,1.27,2.8,3.31
2020-04-26 00:00:00+00:00,0.6,0.22,0.05,0.1,0.12,0.36,0.98,1.17,2.86,3.33
2020-05-03 00:00:00+00:00,0.64,0.2,0.05,0.1,0.12,0.36,1.04,1.27,2.77,3.23
2020-05-10 00:00:00+00:00,0.69,0.16,0.05,0.1,0.12,0.33,1.12,1.39,2.73,3.26
2020-05-17 00:00:00+00:00,0.64,0.16,0.05,0.09,0.12,0.31,1.05,1.32,2.72,3.28
2020-05-24 00:00:00+00:00,0.66,0.17,0.05,0.09,0.12,0.34,1.12,1.37,2.7,3.24
2020-05-31 00:00:00+00:00,0.65,0.16,0.05,0.13,0.14,0.3,1.18,1.41,2.62,3.15
2020-06-07 00:00:00+00:00,0.91,0.22,0.07,0.13,0.15,0.47,1.46,1.68,2.62,3.18
2020-06-14 00:00:00+00:00,0.71,0.19,0.08,0.14,0.16,0.33,1.24,1.45,2.62,3.21
2020-06-21 00:00:00+00:00,0.7,0.19,0.09,0.13,0.15,0.33,1.23,1.47,2.58,3.13
2020-06-28 00:00:00+00:00,0.64,0.17,0.08,0.12,0.14,0.3,1.15,1.37,2.59,3.13
2020-07-05 00:00:00+00:00,0.68,0.16,0.09,0.13,0.14,0.29,1.2,1.43,2.56,3.07
2020-07-12 00:00:00+00:00,0.65,0.16,0.09,0.1,0.13,0.3,1.12,1.33,2.51,3.03
2020-07-19 00:00:00+00:00,0.64,0.14,0.09,0.11,0.11,0.29,1.11,1.33,2.48,2.98
2020-07-26 00:00:00+00:00,0.59,0.14,0.09,0.1,0.11,0.27,1.03,1.23,2.54,3.01
2020-08-02 00:00:00+00:00,0.55,0.11,0.1,0.09,0.09,0.21,0.98,1.2,2.51,2.99
2020-08-09 00:00:00+00:00,0.57,0.13,0.1,0.08,0.1,0.23,1.01,1.23,2.44,2.88
2020-08-16 00:00:00+00:00,0.71,0.14,0.1,0.09,0.1,0.29,1.21,1.45,2.46,2.96
2020-08-23 00:00:00+00:00,0.64,0.16,0.09,0.07,0.1,0.27,1.13,1.35,2.54,2.99
2020-08-30 00:00:00+00:00,0.74,0.14,0.09,0.09,0.1,0.28,1.29,1.52,2.46,2.91
2020-09-06 00:00:00+00:00,0.72,0.14,0.09,0.09,0.11,0.3,1.25,1.46,2.42,2.93
2020-09-13 00:00:00+00:00,0.67,0.13,0.09,0.1,0.11,0.26,1.21,1.42,2.37,2.86
2020-09-20 00:00:00+00:00,0.7,0.14,0.09,0.09,0.1,0.29,1.24,1.45,2.35,2.87
2020-09-27 00:00:00+00:00,0.66,0.12,0.09,0.08,0.1,0.26,1.19,1.4,2.4,2.9
2020-10-04 00:00:00+00:00,0.7,0.13,0.09,0.1,0.09,0.28,1.25,1.48,2.36,2.88
2020-10-11 00:00:00+00:00,0.79,0.16,0.09,0.1,0.1,0.34,1.34,1.58,2.37,2.87
2020-10-18 00:00:00+00:00,0.76,0.14,0.09,0.09,0.11,0.32,1.3,1.52,2.35,2.81
2020-10-25 00:00:00+00:00,0.85,0.18,0.09,0.08,0.1,0.37,1.41,1.64,2.33,2.8
2020-11-01 00:00:00+00:00,0.88,0.14,0.09,0.08,0.09,0.38,1.43,1.65,2.32,2.81
2020-11-08 00:00:00+00:00,0.83,0.16,0.09,0.1,0.1,0.36,1.37,1.6,2.32,2.78
2020-11-15 00:00:00+00:00,0.89,0.17,0.09,0.1,0.09,0.41,1.43,1.65,2.34,2.84
2020-11-22 00:00:00+00:00,0.83,0.16,0.08,0.09,0.07,0.38,1.33,1.53,2.28,2.72
2020-11-29 00:00:00+00:00,0.84,0.16,0.08,0.09,0.09,0.37,1.36,1.57,2.28,2.72
2020-12-06 00:00:00+00:00,0.97,0.16,0.09,0.07,0.09,0.42,1.53,1.73,2.26,2.71
2020-12-13 00:00:00+00:00,0.9,0.11,0.09,0.08,0.08,0.37,1.42,1.63,2.26,2.71
2020-12-20 00:00:00+00:00,0.95,0.13,0.09,0.08,0.08,0.39,1.49,1.7,2.21,2.67
2020-12-27 00:00:00+00:00,0.94,0.13,0.09,0.09,0.09,0.37,1.46,1.66,2.19,2.66
2021-01-03 00:00:00+00:00,0.93,0.13,0.09,0.08,0.09,0.36,1.45,1.65,2.17,2.67
2021-01-10 00:00:00+00:00,1.13,0.14,0.09,0.08,0.08,0.49,1.67,1.87,2.16,2.65
2021-01-17 00:00:00+00:00,1.11,0.13,0.09,0.08,0.09,0.46,1.66,1.85,2.23,2.79
2021-01-24 00:00:00+00:00,1.1,0.13,0.08,0.07,0.08,0.44,1.66,1.85,2.21,2.77
2021-01-31 00:00:00+00:00,1.11,0.11,0.07,0.07,0.06,0.45,1.68,1.87,2.2,2.73
2021-02-07 00:00:00+00:00,1.19,0.09,0.08,0.02,0.03,0.47,1.79,1.97,2.21,2.73
2021-02-14 00:00:00+00:00,1.2,0.11,0.08,0.03,0.04,0.5,1.83,2.01,2.19,2.73
2021-02-21 00:00:00+00:00,1.34,0.11,0.07,0.03,0.04,0.59,1.98,2.14,2.21,2.81
2021-02-28 00:00:00+00:00,1.44,0.14,0.07,0.04,0.04,0.75,2.08,2.17,2.34,2.97
2021-03-07 00:00:00+00:00,1.56,0.14,0.07,0.04,0.04,0.79,2.18,2.28,2.34,3.02
2021-03-14 00:00:00+00:00,1.64,0.14,0.07,0.03,0.04,0.85,2.31,2.4,2.38,3.05
2021-03-21 00:00:00+00:00,1.74,0.16,0.07,0.01,0.01,0.9,2.36,2.45,2.4,3.09
2021-03-28 00:00:00+00:00,1.67,0.14,0.07,0.02,0.02,0.85,2.27,2.37,2.45,3.17
2021-04-04 00:00:00+00:00,1.72,0.19,0.07,0.02,0.02,0.97,2.27,2.35,2.45,3.18
2021-04-11 00:00:00+00:00,1.67,0.16,0.07,0.02,0.02,0.87,2.23,2.34,2.42,3.13
2021-04-18 00:00:00+00:00,1.59,0.16,0.07,0.02,0.02,0.84,2.15,2.26,2.35,3.04
2021-04-25 00:00:00+00:00,1.58,0.16,0.07,0.01,0.03,0.83,2.14,2.25,2.29,2.97
2021-05-02 00:00:00+00:00,1.65,0.16,0.05,0.01,0.01,0.86,2.19,2.3,2.31,2.98
2021-05-09 00:00:00+00:00,1.6,0.14,0.06,0.01,0.02,0.77,2.17,2.28,2.3,2.96
2021-05-16 00:00:00+00:00,1.63,0.16,0.06,0.01,0.01,0.82,2.25,2.35,2.26,2.94
2021-05-23 00:00:00+00:00,1.63,0.17,0.06,0.0,0.01,0.84,2.24,2.33,2.29,3.0
2021-05-30 00:00:00+00:00,1.58,0.14,0.05,0.01,0.01,0.79,2.18,2.26,2.27,2.95
2021-06-06 00:00:00+00:00,1.56,0.14,0.06,0.01,0.02,0.78,2.16,2.24,2.27,2.99
2021-06-13 00:00:00+00:00,1.47,0.16,0.06,0.01,0.03,0.76,2.08,2.15,2.23,2.96
2021-06-20 00:00:00+00:00,1.45,0.26,0.1,0.05,0.05,0.89,1.97,2.01,2.24,2.93
2021-06-27 00:00:00+00:00,1.54,0.28,0.1,0.05,0.06,0.92,2.09,2.16,2.34,3.02
2021-07-04 00:00:00+00:00,1.44,0.24,0.1,0.05,0.05,0.86,1.98,2.05,2.26,2.98
2021-07-11 00:00:00+00:00,1.37,0.23,0.1,0.06,0.06,0.79,1.91,1.99,2.2,2.9
2021-07-18 00:00:00+00:00,1.31,0.25,0.1,0.05,0.05,0.79,1.86,1.93,2.22,2.88
2021-07-25 00:00:00+00:00,1.3,0.22,0.1,0.05,0.05,0.72,1.85,1.92,2.12,2.78
2021-08-01 00:00:00+00:00,1.24,0.19,0.07,0.05,0.06,0.69,1.81,1.89,2.1,2.8
2021-08-08 00:00:00+00:00,1.31,0.21,0.1,0.04,0.06,0.77,1.85,1.94,2.1,2.77
2021-08-15 00:00:00+00:00,1.29,0.23,0.1,0.04,0.06,0.79,1.85,1.94,2.15,2.87
2021-08-22 00:00:00+00:00,1.26,0.23,0.09,0.04,0.05,0.8,1.79,1.87,2.16,2.86
2021-08-29 00:00:00+00:00,1.31,0.22,0.08,0.04,0.05,0.79,1.84,1.91,2.17,2.87
2021-09-05 00:00:00+00:00,1.33,0.21,0.08,0.04,0.05,0.78,1.87,1.94,2.18,2.87
2021-09-12 00:00:00+00:00,1.35,0.23,0.08,0.06,0.05,0.82,1.86,1.94,2.19,2.88
2021-09-19 00:00:00+00:00,1.37,0.23,0.08,0.06,0.04,0.88,1.85,1.91,2.12,2.86
2021-09-26 00:00:00+00:00,1.47,0.29,0.08,0.06,0.03,0.97,1.94,1.99,2.15,2.88
2021-10-03 00:00:00+00:00,1.48,0.27,0.08,0.08,0.04,0.93,1.99,2.04,2.28,3.01
2021-10-10 00:00:00+00:00,1.61,0.32,0.08,0.02,0.05,1.05,2.11,2.16,2.23,2.99
2021-10-17 00:00:00+00:00,1.59,0.41,0.08,0.04,0.05,1.13,2.02,2.05,2.3,3.05
2021-10-24 00:00:00+00:00,1.66,0.48,0.08,0.05,0.06,1.22,2.06,2.08,2.33,3.09
2021-10-31 00:00:00+00:00,1.55,0.48,0.07,0.06,0.05,1.18,1.98,1.93,2.37,3.14
2021-11-07 00:00:00+00:00,1.45,0.39,0.08,0.05,0.05,1.04,1.88,1.87,2.35,3.09
2021-11-14 00:00:00+00:00,1.58,0.53,0.08,0.05,0.05,1.24,1.99,1.95,2.27,2.98
2021-11-21 00:00:00+00:00,1.54,0.52,0.08,0.11,0.05,1.22,1.95,1.91,2.39,3.1
2021-11-28 00:00:00+00:00,1.48,0.5,0.08,0.11,0.06,1.16,1.89,1.83,2.42,3.1
2021-12-05 00:00:00+00:00,1.35,0.6,0.08,0.04,0.06,1.13,1.77,1.69,2.39,3.11
2021-12-12 00:00:00+00:00,1.48,0.67,0.08,0.03,0.06,1.25,1.91,1.88,2.38,3.1
2021-12-19 00:00:00+00:00,1.41,0.66,0.08,0.03,0.05,1.18,1.87,1.82,2.34,3.12
2021-12-26 00:00:00+00:00,1.5,0.71,0.08,0.04,0.07,1.25,1.94,1.91,2.3,3.05
2022-01-02 00:00:00+00:00,1.52,0.73,0.07,0.06,0.06,1.26,1.94,1.9,2.33,3.11
2022-01-09 00:00:00+00:00,1.76,0.87,0.08,0.05,0.1,1.5,2.15,2.11,2.43,3.22
2022-01-16 00:00:00+00:00,1.78,0.99,0.08,0.05,0.13,1.55,2.18,2.12,2.62,3.45
2022-01-23 00:00:00+00:00,1.75,1.01,0.08,0.05,0.17,1.54,2.13,2.07,2.79,3.56
2022-01-30 00:00:00+00:00,1.78,1.15,0.08,0.04,0.19,1.61,2.14,2.07,2.8,3.55
2022-02-06 00:00:00+00:00,1.93,1.31,0.08,0.05,0.23,1.78,2.29,2.23,2.77,3.55
2022-02-13 00:00:00+00:00,1.92,1.5,0.08,0.03,0.36,1.84,2.3,2.24,2.93,3.69
2022-02-20 00:00:00+00:00,1.92,1.47,0.08,0.03,0.35,1.82,2.3,2.24,3.15,3.92
2022-02-27 00:00:00+00:00,1.97,1.55,0.08,0.03,0.33,1.86,2.37,2.29,3.14,3.89
2022-03-06 00:00:00+00:00,1.74,1.5,0.08,0.15,0.34,1.65,2.23,2.16,3.01,3.76
2022-03-13 00:00:00+00:00,2.0,1.75,0.08,0.17,0.4,1.96,2.45,2.36,3.09,3.85
2022-03-20 00:00:00+00:00,2.14,1.97,0.33,0.19,0.42,2.14,2.53,2.42,3.39,4.16
2022-03-27 00:00:00+00:00,2.48,2.3,0.33,0.17,0.55,2.55,2.74,2.6,3.63,4.42
2022-04-03 00:00:00+00:00,2.39,2.44,0.33,0.15,0.53,2.55,2.6,2.44,3.83,4.67
2022-04-10 00:00:00+00:00,2.72,2.53,0.33,0.2,0.7,2.76,2.94,2.76,3.91,4.72
2022-04-17 00:00:00+00:00,2.83,2.47,0.33,0.37,0.79,2.79,3.09,2.92,4.17,5.0
2022-04-24 00:00:00+00:00,2.9,2.72,0.33,0.46,0.83,2.94,3.14,2.95,4.38,5.11
2022-05-01 00:00:00+00:00,2.89,2.7,0.33,0.37,0.85,2.92,3.14,2.96,4.4,5.1
2022-05-08 00:00:00+00:00,3.12,2.72,0.83,0.48,0.85,3.06,3.43,3.23,4.52,5.27
2022-05-15 00:00:00+00:00,2.93,2.61,0.83,0.67,1.03,2.89,3.32,3.1,4.48,5.3
2022-05-22 00:00:00+00:00,2.78,2.6,0.83,0.63,1.03,2.8,3.17,2.99,4.43,5.25
2022-05-29 00:00:00+00:00,2.74,2.47,0.83,0.69,1.08,2.71,3.16,2.97,4.31,5.1
2022-06-05 00:00:00+00:00,2.96,2.66,0.83,0.87,1.21,2.95,3.33,3.11,4.32,5.09
2022-06-12 00:00:00+00:00,3.15,3.06,0.83,1.1,1.39,3.25,3.45,3.2,4.38,5.23
2022-06-19 00:00:00+00:00,3.25,3.17,1.58,1.15,1.63,3.34,3.55,3.3,4.81,5.78
2022-06-26 00:00:00+00:00,3.13,3.04,1.58,1.19,1.73,3.18,3.51,3.26,4.92,5.81
2022-07-03 00:00:00+00:00,2.88,2.84,1.58,1.27,1.73,2.88,3.35,3.11,4.83,5.7
2022-07-10 00:00:00+00:00,3.09,3.12,1.58,1.57,1.98,3.13,3.53,3.27,4.45,5.3
2022-07-17 00:00:00+00:00,2.93,3.13,1.58,1.98,2.37,3.05,3.34,3.1,4.67,5.51
2022-07-24 00:00:00+00:00,2.77,2.98,1.58,2.15,2.49,2.87,3.23,3.0,4.75,5.54
2022-07-31 00:00:00+00:00,2.67,2.89,2.32,2.22,2.41,2.7,3.2,3.0,4.58,5.3
2022-08-07 00:00:00+00:00,2.83,3.24,2.33,2.21,2.58,2.97,3.27,3.06,4.26,4.99
2022-08-14 00:00:00+00:00,2.84,3.25,2.33,2.23,2.63,2.97,3.34,3.12,4.59,5.22
2022-08-21 00:00:00+00:00,2.98,3.25,2.33,2.23,2.74,3.11,3.44,3.22,4.55,5.13
2022-08-28 00:00:00+00:00,3.04,3.37,2.33,2.39,2.89,3.2,3.44,3.21,4.85,5.55
2022-09-04 00:00:00+00:00,3.2,3.4,2.33,2.49,2.94,3.3,3.61,3.35,4.98,5.66
2022-09-11 00:00:00+00:00,3.33,3.56,2.33,2.57,3.08,3.45,3.71,3.47,5.16,5.89
2022-09-18 00:00:00+00:00,3.45,3.85,2.33,2.68,3.2,3.62,3.79,3.52,5.21,6.02
2022-09-25 00:00:00+00:00,3.69,4.2,3.08,2.67,3.24,3.96,3.87,3.61,5.44,6.29
2022-10-02 00:00:00+00:00,3.83,4.22,3.08,2.79,3.33,4.06,4.08,3.79,5.96,6.7
2022-10-09 00:00:00+00:00,3.89,4.3,3.08,3.03,3.45,4.14,4.13,3.86,5.9,6.66
2022-10-16 00:00:00+00:00,4.0,4.48,3.08,3.3,3.81,4.25,4.26,3.99,6.09,6.92
2022-10-23 00:00:00+00:00,4.21,4.49,3.08,3.55,4.09,4.34,4.54,4.33,6.23,6.94
2022-10-30 00:00:00+00:00,4.02,4.41,3.08,3.75,4.18,4.19,4.38,4.15,6.36,7.08
2022-11-06 00:00:00+00:00,4.17,4.66,3.83,3.73,4.21,4.33,4.49,4.27,6.29,6.95
2022-11-13 00:00:00+00:00,3.82,4.34,3.83,3.71,4.28,3.95,4.24,4.03,6.38,7.08
2022-11-20 00:00:00+00:00,3.82,4.51,3.83,3.93,4.34,3.99,4.13,3.92,5.98,6.61
2022-11-27 00:00:00+00:00,3.68,4.42,3.83,4.16,4.41,3.85,3.97,3.74,5.9,6.58
2022-12-04 00:00:00+00:00,3.51,4.28,3.83,3.91,4.34,3.67,3.79,3.56,5.76,6.49
2022-12-11 00:00:00+00:00,3.57,4.33,3.83,3.81,4.31,3.75,3.82,3.56,5.67,6.33
2022-12-18 00:00:00+00:00,3.48,4.17,4.33,3.94,4.31,3.61,3.73,3.53,5.54,6.31
2022-12-25 00:00:00+00:00,3.75,4.31,4.33,3.8,4.34,3.86,3.99,3.82,5.69,6.27
2023-01-01 00:00:00+00:00,3.88,4.41,4.33,4.12,4.42,3.99,4.14,3.97,5.68,6.42
2023-01-08 00:00:00+00:00,3.55,4.24,4.33,4.32,4.67,3.69,3.84,3.67,5.73,6.48
2023-01-15 00:00:00+00:00,3.49,4.22,4.33,4.58,4.67,3.6,3.79,3.61,5.52,6.33
2023-01-22 00:00:00+00:00,3.48,4.14,4.33,4.69,4.72,3.56,3.77,3.66,5.28,6.15
2023-01-29 00:00:00+00:00,3.52,4.19,4.33,4.61,4.73,3.62,3.77,3.64,5.17,6.13
2023-02-05 00:00:00+00:00,3.53,4.3,4.58,4.61,4.7,3.67,3.77,3.63,5.14,6.09
2023-02-12 00:00:00+00:00,3.74,4.5,4.58,4.66,4.79,3.93,3.96,3.83,5.25,6.12
2023-02-19 00:00:00+00:00,3.82,4.6,4.58,4.64,4.84,4.03,4.01,3.88,5.51,6.32
2023-02-26 00:00:00+00:00,3.95,4.78,4.58,4.68,4.86,4.19,4.11,3.93,5.76,6.5
2023-03-05 00:00:00+00:00,3.97,4.86,4.57,4.75,4.91,4.26,4.12,3.9,5.89,6.65
2023-03-12 00:00:00+00:00,3.7,4.6,4.57,4.81,5.01,3.96,3.9,3.7,5.95,6.73
2023-03-19 00:00:00+00:00,3.39,3.81,4.58,4.31,4.52,3.44,3.76,3.6,5.9,6.6
2023-03-26 00:00:00+00:00,3.38,3.76,4.83,4.28,4.74,3.41,3.77,3.64,5.68,6.42
2023-04-02 00:00:00+00:00,3.48,4.06,4.83,4.74,4.85,3.6,3.81,3.67,5.56,6.32
2023-04-09 00:00:00+00:00,3.39,3.97,4.83,4.56,4.95,3.49,3.73,3.61,5.64,6.28
2023-04-16 00:00:00+00:00,3.52,4.08,4.83,4.29,5.14,3.6,3.85,3.74,5.54,6.27
2023-04-23 00:00:00+00:00,3.57,4.17,4.83,3.36,5.14,3.66,3.9,3.78,5.76,6.39
2023-04-30 00:00:00+00:00,3.44,4.04,4.83,4.35,5.1,3.51,3.8,3.67,5.71,6.43
2023-05-07 00:00:00+00:00,3.44,3.92,5.08,5.59,5.26,3.41,3.85,3.76,5.76,6.39
2023-05-14 00:00:00+00:00,3.46,3.98,5.08,5.79,5.25,3.45,3.87,3.78,5.75,6.35
2023-05-21 00:00:00+00:00,3.7,4.28,5.08,5.62,5.29,3.76,4.07,3.95,5.75,6.39
2023-05-28 00:00:00+00:00,3.8,4.54,5.08,6.02,5.34,3.92,4.13,3.96,5.97,6.57
2023-06-04 00:00:00+00:00,3.69,4.5,5.08,5.28,5.5,3.84,4.03,3.88,6.18,6.79
2023-06-11 00:00:00+00:00,3.75,4.59,5.08,5.25,5.37,3.92,4.05,3.89,6.07,6.71
2023-06-18 00:00:00+00:00,3.77,4.7,5.08,5.18,5.34,3.99,4.05,3.86,6.1,6.69
2023-06-25 00:00:00+00:00,3.74,4.71,5.07,5.17,5.41,3.99,4.01,3.82,6.03,6.67
2023-07-02 00:00:00+00:00,3.81,4.87,5.08,5.24,5.43,4.13,4.06,3.85,6.06,6.71
2023-07-09 00:00:00+00:00,4.06,4.94,5.08,5.32,5.46,4.35,4.27,4.05,6.24,6.81
2023-07-16 00:00:00+00:00,3.83,4.74,5.08,5.37,5.49,4.04,4.11,3.93,6.3,6.96
