,US Dollar Index
2006-01-08 00:00:00+00:00,100.0241
2006-01-15 00:00:00+00:00,99.9675
2006-01-22 00:00:00+00:00,99.9017
2006-01-29 00:00:00+00:00,99.6433
2006-02-05 00:00:00+00:00,100.118
2006-02-12 00:00:00+00:00,100.322
2006-02-19 00:00:00+00:00,100.3404
2006-02-26 00:00:00+00:00,100.2594
2006-03-05 00:00:00+00:00,99.7024
2006-03-12 00:00:00+00:00,100.9566
2006-03-19 00:00:00+00:00,99.8614
2006-03-26 00:00:00+00:00,100.7773
2006-04-02 00:00:00+00:00,100.56
2006-04-09 00:00:00+00:00,100.4187
2006-04-16 00:00:00+00:00,100.4697
2006-04-23 00:00:00+00:00,99.4345
2006-04-30 00:00:00+00:00,98.1412
2006-05-07 00:00:00+00:00,97.2585
2006-05-14 00:00:00+00:00,96.8788
2006-05-21 00:00:00+00:00,97.933
2006-05-28 00:00:00+00:00,97.8995
2006-06-04 00:00:00+00:00,97.5544
2006-06-11 00:00:00+00:00,98.5471
2006-06-18 00:00:00+00:00,98.9127
2006-06-25 00:00:00+00:00,99.4216
2006-07-02 00:00:00+00:00,98.2483
2006-07-09 00:00:00+00:00,97.7508
2006-07-16 00:00:00+00:00,98.6814
2006-07-23 00:00:00+00:00,98.5221
2006-07-30 00:00:00+00:00,98.0539
2006-08-06 00:00:00+00:00,97.6005
2006-08-13 00:00:00+00:00,97.7863
2006-08-20 00:00:00+00:00,97.7577
2006-08-27 00:00:00+00:00,97.8827
2006-09-03 00:00:00+00:00,97.5084
2006-09-10 00:00:00+00:00,98.2119
2006-09-17 00:00:00+00:00,98.2104
2006-09-24 00:00:00+00:00,97.8667
2006-10-01 00:00:00+00:00,98.1054
2006-10-08 00:00:00+00:00,98.5619
2006-10-15 00:00:00+00:00,98.8002
2006-10-22 00:00:00+00:00,98.1629
2006-10-29 00:00:00+00:00,97.4914
2006-11-05 00:00:00+00:00,97.7209
2006-11-12 00:00:00+00:00,97.4638
2006-11-19 00:00:00+00:00,97.9855
2006-11-26 00:00:00+00:00,97.0657
2006-12-03 00:00:00+00:00,96.4585
2006-12-10 00:00:00+00:00,96.6123
2006-12-17 00:00:00+00:00,96.9857
2006-12-24 00:00:00+00:00,97.1113
2006-12-31 00:00:00+00:00,97.0312
2007-01-07 00:00:00+00:00,97.7801
2007-01-14 00:00:00+00:00,97.921
2007-01-21 00:00:00+00:00,97.6868
2007-01-28 00:00:00+00:00,98.1491
2007-02-04 00:00:00+00:00,97.9743
2007-02-11 00:00:00+00:00,97.7076
2007-02-18 00:00:00+00:00,97.164
2007-02-25 00:00:00+00:00,97.1756
2007-03-04 00:00:00+00:00,97.3691
2007-03-11 00:00:00+00:00,97.4559
2007-03-18 00:00:00+00:00,97.0407
2007-03-25 00:00:00+00:00,96.5662
2007-04-01 00:00:00+00:00,96.3183
2007-04-08 00:00:00+00:00,96.2526
2007-04-15 00:00:00+00:00,95.711
2007-04-22 00:00:00+00:00,95.1692
2007-04-29 00:00:00+00:00,95.0103
2007-05-06 00:00:00+00:00,94.9118
2007-05-13 00:00:00+00:00,95.0035
2007-05-20 00:00:00+00:00,94.6573
2007-05-27 00:00:00+00:00,94.5022
2007-06-03 00:00:00+00:00,94.132
2007-06-10 00:00:00+00:00,94.7599
2007-06-17 00:00:00+00:00,94.6228
2007-06-24 00:00:00+00:00,94.4371
2007-07-01 00:00:00+00:00,94.1393
2007-07-08 00:00:00+00:00,93.5759
2007-07-15 00:00:00+00:00,93.0133
2007-07-22 00:00:00+00:00,92.7179
2007-07-29 00:00:00+00:00,93.5485
2007-08-05 00:00:00+00:00,93.1039
2007-08-12 00:00:00+00:00,93.5214
2007-08-19 00:00:00+00:00,94.319
2007-08-26 00:00:00+00:00,93.6863
2007-09-02 00:00:00+00:00,93.6674
2007-09-09 00:00:00+00:00,93.2939
2007-09-16 00:00:00+00:00,92.7083
2007-09-23 00:00:00+00:00,91.4854
2007-09-30 00:00:00+00:00,90.9446
2007-10-07 00:00:00+00:00,90.7393
2007-10-14 00:00:00+00:00,90.5945
2007-10-21 00:00:00+00:00,90.1014
2007-10-28 00:00:00+00:00,89.6508
2007-11-04 00:00:00+00:00,88.8924
2007-11-11 00:00:00+00:00,88.4615
2007-11-18 00:00:00+00:00,89.3182
2007-11-25 00:00:00+00:00,89.2384
2007-12-02 00:00:00+00:00,89.6212
2007-12-09 00:00:00+00:00,89.74
2007-12-16 00:00:00+00:00,90.4345
2007-12-23 00:00:00+00:00,90.3672
2007-12-30 00:00:00+00:00,89.4069
2008-01-06 00:00:00+00:00,89.2467
2008-01-13 00:00:00+00:00,89.5215
2008-01-20 00:00:00+00:00,89.8993
2008-01-27 00:00:00+00:00,89.2184
2008-02-03 00:00:00+00:00,88.4824
2008-02-10 00:00:00+00:00,89.2226
2008-02-17 00:00:00+00:00,88.9006
2008-02-24 00:00:00+00:00,88.7082
2008-03-02 00:00:00+00:00,87.1654
2008-03-09 00:00:00+00:00,87.1258
2008-03-16 00:00:00+00:00,86.4301
2008-03-23 00:00:00+00:00,87.2111
2008-03-30 00:00:00+00:00,86.6369
2008-04-06 00:00:00+00:00,86.5108
2008-04-13 00:00:00+00:00,86.5029
2008-04-20 00:00:00+00:00,86.5277
2008-04-27 00:00:00+00:00,86.8337
2008-05-04 00:00:00+00:00,87.2311
2008-05-11 00:00:00+00:00,87.2528
2008-05-18 00:00:00+00:00,86.7855
2008-05-25 00:00:00+00:00,86.1922
2008-06-01 00:00:00+00:00,86.5504
2008-06-08 00:00:00+00:00,86.8028
2008-06-15 00:00:00+00:00,87.7622
2008-06-22 00:00:00+00:00,86.9036
2008-06-29 00:00:00+00:00,86.643
2008-07-06 00:00:00+00:00,86.8781
2008-07-13 00:00:00+00:00,86.221
2008-07-20 00:00:00+00:00,86.0735
2008-07-27 00:00:00+00:00,86.3916
2008-08-03 00:00:00+00:00,86.8257
2008-08-10 00:00:00+00:00,88.8939
2008-08-17 00:00:00+00:00,89.7244
2008-08-24 00:00:00+00:00,89.2381
2008-08-31 00:00:00+00:00,90.0567
2008-09-07 00:00:00+00:00,91.341
2008-09-14 00:00:00+00:00,91.4706
2008-09-21 00:00:00+00:00,91.0014
2008-09-28 00:00:00+00:00,90.6872
2008-10-05 00:00:00+00:00,93.5414
2008-10-12 00:00:00+00:00,97.999
2008-10-19 00:00:00+00:00,97.7255
2008-10-26 00:00:00+00:00,101.8442
2008-11-02 00:00:00+00:00,99.7662
2008-11-09 00:00:00+00:00,99.3944
2008-11-16 00:00:00+00:00,100.9705
2008-11-23 00:00:00+00:00,103.6289
2008-11-30 00:00:00+00:00,101.6468
2008-12-07 00:00:00+00:00,103.4902
2008-12-14 00:00:00+00:00,100.319
2008-12-21 00:00:00+00:00,98.1278
2008-12-28 00:00:00+00:00,98.2594
2009-01-04 00:00:00+00:00,98.6008
2009-01-11 00:00:00+00:00,98.8752
2009-01-18 00:00:00+00:00,100.711
2009-01-25 00:00:00+00:00,102.1096
2009-02-01 00:00:00+00:00,102.1169
2009-02-08 00:00:00+00:00,101.7455
2009-02-15 00:00:00+00:00,102.2958
2009-02-22 00:00:00+00:00,104.0244
2009-03-01 00:00:00+00:00,104.9284
2009-03-08 00:00:00+00:00,105.3937
2009-03-15 00:00:00+00:00,104.1106
2009-03-22 00:00:00+00:00,101.0581
2009-03-29 00:00:00+00:00,101.8388
2009-04-05 00:00:00+00:00,100.6429
2009-04-12 00:00:00+00:00,100.7597
2009-04-19 00:00:00+00:00,100.5719
2009-04-26 00:00:00+00:00,100.0244
2009-05-03 00:00:00+00:00,100.0057
2009-05-10 00:00:00+00:00,98.1269
2009-05-17 00:00:00+00:00,98.1063
2009-05-24 00:00:00+00:00,95.8788
2009-05-31 00:00:00+00:00,95.268
2009-06-07 00:00:00+00:00,96.0412
2009-06-14 00:00:00+00:00,95.836
2009-06-21 00:00:00+00:00,96.0325
2009-06-28 00:00:00+00:00,96.1935
2009-07-05 00:00:00+00:00,96.3216
2009-07-12 00:00:00+00:00,97.0819
2009-07-19 00:00:00+00:00,95.6036
2009-07-26 00:00:00+00:00,94.7046
2009-08-02 00:00:00+00:00,94.2526
2009-08-09 00:00:00+00:00,94.4692
2009-08-16 00:00:00+00:00,94.475
2009-08-23 00:00:00+00:00,94.0103
2009-08-30 00:00:00+00:00,94.4489
2009-09-06 00:00:00+00:00,94.5811
2009-09-13 00:00:00+00:00,93.3225
2009-09-20 00:00:00+00:00,93.1233
2009-09-27 00:00:00+00:00,93.5535
2009-10-04 00:00:00+00:00,93.6756
2009-10-11 00:00:00+00:00,92.2984
2009-10-18 00:00:00+00:00,91.6541
2009-10-25 00:00:00+00:00,91.7331
2009-11-01 00:00:00+00:00,92.6207
2009-11-08 00:00:00+00:00,92.3848
2009-11-15 00:00:00+00:00,91.5754
2009-11-22 00:00:00+00:00,91.9906
2009-11-29 00:00:00+00:00,91.5272
2009-12-06 00:00:00+00:00,91.3806
2009-12-13 00:00:00+00:00,92.2946
2009-12-20 00:00:00+00:00,93.1632
2009-12-27 00:00:00+00:00,92.8694
2010-01-03 00:00:00+00:00,92.9124
2010-01-10 00:00:00+00:00,92.1485
2010-01-17 00:00:00+00:00,91.7668
2010-01-24 00:00:00+00:00,92.943
2010-01-31 00:00:00+00:00,93.7638
2010-02-07 00:00:00+00:00,94.6218
2010-02-14 00:00:00+00:00,93.9976
2010-02-21 00:00:00+00:00,93.9569
2010-02-28 00:00:00+00:00,93.6602
2010-03-07 00:00:00+00:00,93.2623
2010-03-14 00:00:00+00:00,92.6616
2010-03-21 00:00:00+00:00,93.0407
2010-03-28 00:00:00+00:00,93.6873
2010-04-04 00:00:00+00:00,92.9057
2010-04-11 00:00:00+00:00,92.4772
2010-04-18 00:00:00+00:00,92.5253
2010-04-25 00:00:00+00:00,92.6622
2010-05-02 00:00:00+00:00,92.8423
2010-05-09 00:00:00+00:00,95.2952
2010-05-16 00:00:00+00:00,95.3746
2010-05-23 00:00:00+00:00,96.2911
2010-05-30 00:00:00+00:00,96.3062
2010-06-06 00:00:00+00:00,97.1688
2010-06-13 00:00:00+00:00,96.5616
2010-06-20 00:00:00+00:00,95.2981
2010-06-27 00:00:00+00:00,95.4582
2010-07-04 00:00:00+00:00,95.6345
2010-07-11 00:00:00+00:00,94.683
2010-07-18 00:00:00+00:00,94.5061
2010-07-25 00:00:00+00:00,94.1431
2010-08-01 00:00:00+00:00,93.2793
2010-08-08 00:00:00+00:00,92.5915
2010-08-15 00:00:00+00:00,94.0457
2010-08-22 00:00:00+00:00,94.2087
2010-08-29 00:00:00+00:00,94.3462
2010-09-05 00:00:00+00:00,93.6952
2010-09-12 00:00:00+00:00,93.6768
2010-09-19 00:00:00+00:00,92.9418
2010-09-26 00:00:00+00:00,91.5996
2010-10-03 00:00:00+00:00,90.836
2010-10-10 00:00:00+00:00,90.1133
2010-10-17 00:00:00+00:00,89.6815
2010-10-24 00:00:00+00:00,90.4063
2010-10-31 00:00:00+00:00,90.0935
2010-11-07 00:00:00+00:00,89.2441
2010-11-14 00:00:00+00:00,90.1701
2010-11-21 00:00:00+00:00,90.6986
2010-11-28 00:00:00+00:00,91.8152
2010-12-05 00:00:00+00:00,90.8788
2010-12-12 00:00:00+00:00,91.2831
2010-12-19 00:00:00+00:00,91.5555
2010-12-26 00:00:00+00:00,91.3013
2011-01-02 00:00:00+00:00,90.5146
2011-01-09 00:00:00+00:00,91.0001
2011-01-16 00:00:00+00:00,90.0461
2011-01-23 00:00:00+00:00,89.7204
2011-01-30 00:00:00+00:00,89.8189
2011-02-06 00:00:00+00:00,89.391
2011-02-13 00:00:00+00:00,89.8784
2011-02-20 00:00:00+00:00,89.1974
2011-02-27 00:00:00+00:00,89.1664
2011-03-06 00:00:00+00:00,88.4898
2011-03-13 00:00:00+00:00,88.691
2011-03-20 00:00:00+00:00,88.5221
2011-03-27 00:00:00+00:00,88.1716
2011-04-03 00:00:00+00:00,87.7993
2011-04-10 00:00:00+00:00,87.1493
2011-04-17 00:00:00+00:00,87.005
2011-04-24 00:00:00+00:00,86.3742
2011-05-01 00:00:00+00:00,85.5999
2011-05-08 00:00:00+00:00,86.4575
2011-05-15 00:00:00+00:00,87.4176
2011-05-22 00:00:00+00:00,87.3044
2011-05-29 00:00:00+00:00,86.9525
2011-06-05 00:00:00+00:00,86.4234
2011-06-12 00:00:00+00:00,87.042
2011-06-19 00:00:00+00:00,87.2179
2011-06-26 00:00:00+00:00,87.5014
2011-07-03 00:00:00+00:00,86.3613
2011-07-10 00:00:00+00:00,86.615
2011-07-17 00:00:00+00:00,86.5169
2011-07-24 00:00:00+00:00,85.8623
2011-07-31 00:00:00+00:00,85.7282
2011-08-07 00:00:00+00:00,87.1084
2011-08-14 00:00:00+00:00,87.177
2011-08-21 00:00:00+00:00,86.8286
2011-08-28 00:00:00+00:00,87.0751
2011-09-04 00:00:00+00:00,87.1797
2011-09-11 00:00:00+00:00,88.9514
2011-09-18 00:00:00+00:00,89.1108
2011-09-25 00:00:00+00:00,91.6904
2011-10-02 00:00:00+00:00,91.9998
2011-10-09 00:00:00+00:00,91.2469
2011-10-16 00:00:00+00:00,90.2116
2011-10-23 00:00:00+00:00,90.279
2011-10-30 00:00:00+00:00,88.6382
2011-11-06 00:00:00+00:00,90.3154
2011-11-13 00:00:00+00:00,90.8588
2011-11-20 00:00:00+00:00,91.3676
2011-11-27 00:00:00+00:00,93.1455
2011-12-04 00:00:00+00:00,91.3532
2011-12-11 00:00:00+00:00,91.6122
2011-12-18 00:00:00+00:00,92.8252
2011-12-25 00:00:00+00:00,92.3897
2012-01-01 00:00:00+00:00,92.4262
2012-01-08 00:00:00+00:00,92.7183
2012-01-15 00:00:00+00:00,92.5385
2012-01-22 00:00:00+00:00,91.3661
2012-01-29 00:00:00+00:00,90.2559
2012-02-05 00:00:00+00:00,89.8491
2012-02-12 00:00:00+00:00,90.1024
2012-02-19 00:00:00+00:00,90.23
2012-02-26 00:00:00+00:00,89.9104
2012-03-04 00:00:00+00:00,90.135
2012-03-11 00:00:00+00:00,90.4341
2012-03-18 00:00:00+00:00,90.5245
2012-03-25 00:00:00+00:00,90.6156
2012-04-01 00:00:00+00:00,90.4593
2012-04-08 00:00:00+00:00,90.9375
2012-04-15 00:00:00+00:00,91.0558
2012-04-22 00:00:00+00:00,90.8066
2012-04-29 00:00:00+00:00,90.3269
2012-05-06 00:00:00+00:00,91.0497
2012-05-13 00:00:00+00:00,91.7306
2012-05-20 00:00:00+00:00,93.1395
2012-05-27 00:00:00+00:00,93.9488
2012-06-03 00:00:00+00:00,94.6979
2012-06-10 00:00:00+00:00,94.2024
2012-06-17 00:00:00+00:00,93.5203
2012-06-24 00:00:00+00:00,93.9205
2012-07-01 00:00:00+00:00,92.9096
2012-07-08 00:00:00+00:00,93.7087
2012-07-15 00:00:00+00:00,93.5515
2012-07-22 00:00:00+00:00,93.3653
2012-07-29 00:00:00+00:00,92.9333
2012-08-05 00:00:00+00:00,92.6048
2012-08-12 00:00:00+00:00,92.5129
2012-08-19 00:00:00+00:00,92.711
2012-08-26 00:00:00+00:00,92.2785
2012-09-02 00:00:00+00:00,92.1677
2012-09-09 00:00:00+00:00,91.3469
2012-09-16 00:00:00+00:00,90.1436
2012-09-23 00:00:00+00:00,90.5342
2012-09-30 00:00:00+00:00,90.8342
2012-10-07 00:00:00+00:00,90.2851
2012-10-14 00:00:00+00:00,90.6833
2012-10-21 00:00:00+00:00,90.8107
2012-10-28 00:00:00+00:00,91.1411
2012-11-04 00:00:00+00:00,91.281
2012-11-11 00:00:00+00:00,91.6871
2012-11-18 00:00:00+00:00,92.0095
2012-11-25 00:00:00+00:00,91.2616
2012-12-02 00:00:00+00:00,91.1038
2012-12-09 00:00:00+00:00,91.0437
2012-12-16 00:00:00+00:00,90.7156
2012-12-23 00:00:00+00:00,90.9597
2012-12-30 00:00:00+00:00,91.0419
2013-01-06 00:00:00+00:00,91.1025
2013-01-13 00:00:00+00:00,90.5352
2013-01-20 00:00:00+00:00,90.8697
2013-01-27 00:00:00+00:00,91.0868
2013-02-03 00:00:00+00:00,90.6923
2013-02-10 00:00:00+00:00,91.3056
2013-02-17 00:00:00+00:00,91.4551
2013-02-24 00:00:00+00:00,92.1197
2013-03-03 00:00:00+00:00,92.6177
2013-03-10 00:00:00+00:00,92.6252
2013-03-17 00:00:00+00:00,92.128
2013-03-24 00:00:00+00:00,92.2051
2013-03-31 00:00:00+00:00,92.302
2013-04-07 00:00:00+00:00,92.1043
2013-04-14 00:00:00+00:00,91.7967
2013-04-21 00:00:00+00:00,92.2166
2013-04-28 00:00:00+00:00,91.9012
2013-05-05 00:00:00+00:00,91.5087
2013-05-12 00:00:00+00:00,92.2527
2013-05-19 00:00:00+00:00,93.1617
2013-05-26 00:00:00+00:00,93.2768
2013-06-02 00:00:00+00:00,93.6076
2013-06-09 00:00:00+00:00,92.6056
2013-06-16 00:00:00+00:00,92.1886
2013-06-23 00:00:00+00:00,94.4243
2013-06-30 00:00:00+00:00,94.3047
2013-07-07 00:00:00+00:00,95.0639
2013-07-14 00:00:00+00:00,94.0029
2013-07-21 00:00:00+00:00,93.4759
2013-07-28 00:00:00+00:00,93.1695
2013-08-04 00:00:00+00:00,93.5789
2013-08-11 00:00:00+00:00,92.8394
2013-08-18 00:00:00+00:00,93.4255
2013-08-25 00:00:00+00:00,93.9466
2013-09-01 00:00:00+00:00,94.7541
2013-09-08 00:00:00+00:00,94.2487
2013-09-15 00:00:00+00:00,93.6666
2013-09-22 00:00:00+00:00,92.6049
2013-09-29 00:00:00+00:00,92.9747
2013-10-06 00:00:00+00:00,92.6469
2013-10-13 00:00:00+00:00,92.854
2013-10-20 00:00:00+00:00,91.9989
2013-10-27 00:00:00+00:00,92.1623
2013-11-03 00:00:00+00:00,93.155
2013-11-10 00:00:00+00:00,93.6619
2013-11-17 00:00:00+00:00,93.2854
2013-11-24 00:00:00+00:00,93.4198
2013-12-01 00:00:00+00:00,93.6291
2013-12-08 00:00:00+00:00,93.4045
2013-12-15 00:00:00+00:00,93.3568
2013-12-22 00:00:00+00:00,93.7211
2013-12-29 00:00:00+00:00,93.7018
2014-01-05 00:00:00+00:00,93.853
2014-01-12 00:00:00+00:00,94.0045
2014-01-19 00:00:00+00:00,94.5846
2014-01-26 00:00:00+00:00,94.8555
2014-02-02 00:00:00+00:00,95.1774
2014-02-09 00:00:00+00:00,94.7457
2014-02-16 00:00:00+00:00,94.2711
2014-02-23 00:00:00+00:00,94.6571
2014-03-02 00:00:00+00:00,94.3879
2014-03-09 00:00:00+00:00,94.2532
2014-03-16 00:00:00+00:00,94.243
2014-03-23 00:00:00+00:00,94.8547
2014-03-30 00:00:00+00:00,94.3683
2014-04-06 00:00:00+00:00,94.2191
2014-04-13 00:00:00+00:00,93.6395
2014-04-20 00:00:00+00:00,93.9629
2014-04-27 00:00:00+00:00,94.1623
2014-05-04 00:00:00+00:00,93.8182
2014-05-11 00:00:00+00:00,93.6614
2014-05-18 00:00:00+00:00,93.6073
2014-05-25 00:00:00+00:00,93.7042
2014-06-01 00:00:00+00:00,93.7606
2014-06-08 00:00:00+00:00,93.9069
2014-06-15 00:00:00+00:00,93.9168
2014-06-22 00:00:00+00:00,93.7591
2014-06-29 00:00:00+00:00,93.3983
2014-07-06 00:00:00+00:00,93.3149
2014-07-13 00:00:00+00:00,93.4171
2014-07-20 00:00:00+00:00,93.6608
2014-07-27 00:00:00+00:00,93.8294
2014-08-03 00:00:00+00:00,94.4754
2014-08-10 00:00:00+00:00,94.6027
2014-08-17 00:00:00+00:00,94.2941
2014-08-24 00:00:00+00:00,94.8012
2014-08-31 00:00:00+00:00,94.7251
2014-09-07 00:00:00+00:00,95.2203
2014-09-14 00:00:00+00:00,96.0748
2014-09-21 00:00:00+00:00,96.3417
2014-09-28 00:00:00+00:00,97.208
2014-10-05 00:00:00+00:00,97.9846
2014-10-12 00:00:00+00:00,97.4144
2014-10-19 00:00:00+00:00,97.3067
2014-10-26 00:00:00+00:00,97.4772
2014-11-02 00:00:00+00:00,98.1163
2014-11-09 00:00:00+00:00,99.0236
2014-11-16 00:00:00+00:00,99.0917
2014-11-23 00:00:00+00:00,99.2894
2014-11-30 00:00:00+00:00,100.0719
2014-12-07 00:00:00+00:00,101.0989
2014-12-14 00:00:00+00:00,101.3735
2014-12-21 00:00:00+00:00,102.0483
2014-12-28 00:00:00+00:00,102.3028
2015-01-04 00:00:00+00:00,102.9027
2015-01-11 00:00:00+00:00,103.1213
2015-01-18 00:00:00+00:00,103.2189
2015-01-25 00:00:00+00:00,104.3676
2015-02-01 00:00:00+00:00,105.5884
2015-02-08 00:00:00+00:00,105.1283
2015-02-15 00:00:00+00:00,104.8452
2015-02-22 00:00:00+00:00,105.3387
2015-03-01 00:00:00+00:00,105.5981
2015-03-08 00:00:00+00:00,107.4337
2015-03-15 00:00:00+00:00,108.9174
2015-03-22 00:00:00+00:00,107.1671
2015-03-29 00:00:00+00:00,106.8916
2015-04-05 00:00:00+00:00,105.8861
2015-04-12 00:00:00+00:00,107.4526
2015-04-19 00:00:00+00:00,106.329
2015-04-26 00:00:00+00:00,105.905
2015-05-03 00:00:00+00:00,105.6382
2015-05-10 00:00:00+00:00,104.8424
2015-05-17 00:00:00+00:00,104.0202
2015-05-24 00:00:00+00:00,105.8487
2015-05-31 00:00:00+00:00,106.7388
2015-06-07 00:00:00+00:00,107.1336
2015-06-14 00:00:00+00:00,105.9015
2015-06-21 00:00:00+00:00,105.4496
2015-06-28 00:00:00+00:00,106.4116
2015-07-05 00:00:00+00:00,106.9106
2015-07-12 00:00:00+00:00,107.213
2015-07-19 00:00:00+00:00,108.5374
2015-07-26 00:00:00+00:00,109.0174
2015-08-02 00:00:00+00:00,108.7819
2015-08-09 00:00:00+00:00,109.4376
2015-08-16 00:00:00+00:00,109.9174
2015-08-23 00:00:00+00:00,110.1443
2015-08-30 00:00:00+00:00,110.6714
2015-09-06 00:00:00+00:00,111.1018
2015-09-13 00:00:00+00:00,110.6109
2015-09-20 00:00:00+00:00,109.8165
2015-09-27 00:00:00+00:00,111.3725
2015-10-04 00:00:00+00:00,110.7006
2015-10-11 00:00:00+00:00,109.0782
2015-10-18 00:00:00+00:00,108.9956
2015-10-25 00:00:00+00:00,110.4329
2015-11-01 00:00:00+00:00,110.2079
2015-11-08 00:00:00+00:00,111.7603
2015-11-15 00:00:00+00:00,112.0264
2015-11-22 00:00:00+00:00,111.7799
2015-11-29 00:00:00+00:00,112.2824
2015-12-06 00:00:00+00:00,111.5463
2015-12-13 00:00:00+00:00,112.7147
2015-12-20 00:00:00+00:00,113.2837
2015-12-27 00:00:00+00:00,113.0496
2016-01-03 00:00:00+00:00,113.3429
2016-01-10 00:00:00+00:00,115.0095
2016-01-17 00:00:00+00:00,115.7404
2016-01-24 00:00:00+00:00,115.9833
2016-01-31 00:00:00+00:00,115.5731
2016-02-07 00:00:00+00:00,114.2935
2016-02-14 00:00:00+00:00,114.2992
2016-02-21 00:00:00+00:00,113.9558
2016-02-28 00:00:00+00:00,114.3708
2016-03-06 00:00:00+00:00,112.6387
2016-03-13 00:00:00+00:00,111.741
2016-03-20 00:00:00+00:00,110.4002
2016-03-27 00:00:00+00:00,111.7698
2016-04-03 00:00:00+00:00,110.2977
2016-04-10 00:00:00+00:00,110.4213
2016-04-17 00:00:00+00:00,110.1933
2016-04-24 00:00:00+00:00,110.2331
2016-05-01 00:00:00+00:00,108.8274
2016-05-08 00:00:00+00:00,110.3801
2016-05-15 00:00:00+00:00,111.2521
2016-05-22 00:00:00+00:00,112.1822
2016-05-29 00:00:00+00:00,112.0822
2016-06-05 00:00:00+00:00,111.4451
2016-06-12 00:00:00+00:00,111.1027
2016-06-19 00:00:00+00:00,111.5332
2016-06-26 00:00:00+00:00,112.1355
2016-07-03 00:00:00+00:00,111.6509
2016-07-10 00:00:00+00:00,112.3963
2016-07-17 00:00:00+00:00,112.2833
2016-07-24 00:00:00+00:00,112.989
2016-07-31 00:00:00+00:00,111.874
2016-08-07 00:00:00+00:00,112.3589
2016-08-14 00:00:00+00:00,111.1787
2016-08-21 00:00:00+00:00,110.8163
2016-08-28 00:00:00+00:00,111.2035
2016-09-04 00:00:00+00:00,112.0009
2016-09-11 00:00:00+00:00,111.9879
2016-09-18 00:00:00+00:00,113.1765
2016-09-25 00:00:00+00:00,112.7166
2016-10-02 00:00:00+00:00,112.2795
2016-10-09 00:00:00+00:00,113.2915
2016-10-16 00:00:00+00:00,113.7119
2016-10-23 00:00:00+00:00,113.9015
2016-10-30 00:00:00+00:00,114.0931
2016-11-06 00:00:00+00:00,113.5828
2016-11-13 00:00:00+00:00,115.9375
2016-11-20 00:00:00+00:00,117.5936
2016-11-27 00:00:00+00:00,118.02
2016-12-04 00:00:00+00:00,117.3116
2016-12-11 00:00:00+00:00,117.2834
2016-12-18 00:00:00+00:00,118.3584
2016-12-25 00:00:00+00:00,118.7856
2017-01-01 00:00:00+00:00,118.3466
2017-01-08 00:00:00+00:00,118.3493
2017-01-15 00:00:00+00:00,117.9884
2017-01-22 00:00:00+00:00,118.3189
2017-01-29 00:00:00+00:00,117.074
2017-02-05 00:00:00+00:00,115.6262
2017-02-12 00:00:00+00:00,116.1479
2017-02-19 00:00:00+00:00,116.4033
2017-02-26 00:00:00+00:00,115.8138
2017-03-05 00:00:00+00:00,116.6429
2017-03-12 00:00:00+00:00,116.6154
2017-03-19 00:00:00+00:00,115.278
2017-03-26 00:00:00+00:00,114.6371
2017-04-02 00:00:00+00:00,114.7934
2017-04-09 00:00:00+00:00,115.0537
2017-04-16 00:00:00+00:00,114.536
2017-04-23 00:00:00+00:00,114.8133
2017-04-30 00:00:00+00:00,114.7892
2017-05-07 00:00:00+00:00,114.7743
2017-05-14 00:00:00+00:00,114.749
2017-05-21 00:00:00+00:00,113.7023
2017-05-28 00:00:00+00:00,113.4851
2017-06-04 00:00:00+00:00,113.1926
2017-06-11 00:00:00+00:00,112.9572
2017-06-18 00:00:00+00:00,112.6162
2017-06-25 00:00:00+00:00,112.8673
2017-07-02 00:00:00+00:00,111.9911
2017-07-09 00:00:00+00:00,112.3148
2017-07-16 00:00:00+00:00,110.9084
2017-07-23 00:00:00+00:00,110.1921
2017-07-30 00:00:00+00:00,109.9215
2017-08-06 00:00:00+00:00,110.2825
2017-08-13 00:00:00+00:00,110.044
2017-08-20 00:00:00+00:00,110.0421
2017-08-27 00:00:00+00:00,109.3427
2017-09-03 00:00:00+00:00,109.0514
2017-09-10 00:00:00+00:00,107.8093
2017-09-17 00:00:00+00:00,108.3166
2017-09-24 00:00:00+00:00,108.7563
2017-10-01 00:00:00+00:00,110.0889
2017-10-08 00:00:00+00:00,110.7857
2017-10-15 00:00:00+00:00,110.2692
2017-10-22 00:00:00+00:00,111.0397
2017-10-29 00:00:00+00:00,112.1516
2017-11-05 00:00:00+00:00,111.9402
2017-11-12 00:00:00+00:00,111.5646
2017-11-19 00:00:00+00:00,111.0041
2017-11-26 00:00:00+00:00,110.0278
2017-12-03 00:00:00+00:00,110.1441
2017-12-10 00:00:00+00:00,111.2297
2017-12-17 00:00:00+00:00,111.1312
2017-12-24 00:00:00+00:00,111.1027
2017-12-31 00:00:00+00:00,110.0817
2018-01-07 00:00:00+00:00,109.3529
2018-01-14 00:00:00+00:00,108.9044
2018-01-21 00:00:00+00:00,107.9487
2018-01-28 00:00:00+00:00,106.6942
2018-02-04 00:00:00+00:00,107.1187
2018-02-11 00:00:00+00:00,108.2612
2018-02-18 00:00:00+00:00,107.0392
2018-02-25 00:00:00+00:00,107.6835
2018-03-04 00:00:00+00:00,108.539
2018-03-11 00:00:00+00:00,107.9264
2018-03-18 00:00:00+00:00,108.4366
2018-03-25 00:00:00+00:00,107.7528
2018-04-01 00:00:00+00:00,107.4817
2018-04-08 00:00:00+00:00,107.7917
2018-04-15 00:00:00+00:00,107.2392
2018-04-22 00:00:00+00:00,108.1815
2018-04-29 00:00:00+00:00,109.1763
2018-05-06 00:00:00+00:00,110.2525
2018-05-13 00:00:00+00:00,110.2873
2018-05-20 00:00:00+00:00,111.7195
2018-05-27 00:00:00+00:00,111.5862
2018-06-03 00:00:00+00:00,111.8287
2018-06-10 00:00:00+00:00,112.1091
2018-06-17 00:00:00+00:00,113.3403
2018-06-24 00:00:00+00:00,113.3074
2018-07-01 00:00:00+00:00,113.2618
2018-07-08 00:00:00+00:00,112.646
2018-07-15 00:00:00+00:00,113.074
2018-07-22 00:00:00+00:00,113.3249
2018-07-29 00:00:00+00:00,112.8156
2018-08-05 00:00:00+00:00,113.0149
2018-08-12 00:00:00+00:00,114.3027
2018-08-19 00:00:00+00:00,114.5362
2018-08-26 00:00:00+00:00,113.6015
2018-09-02 00:00:00+00:00,114.2785
2018-09-09 00:00:00+00:00,114.5843
2018-09-16 00:00:00+00:00,114.0689
2018-09-23 00:00:00+00:00,113.5132
2018-09-30 00:00:00+00:00,113.8107
2018-10-07 00:00:00+00:00,114.5634
2018-10-14 00:00:00+00:00,114.3716
2018-10-21 00:00:00+00:00,114.8593
2018-10-28 00:00:00+00:00,115.4752
2018-11-04 00:00:00+00:00,115.645
2018-11-11 00:00:00+00:00,116.4798
2018-11-18 00:00:00+00:00,115.9282
2018-11-25 00:00:00+00:00,116.4739
2018-12-02 00:00:00+00:00,116.4157
2018-12-09 00:00:00+00:00,116.0875
2018-12-16 00:00:00+00:00,116.7927
2018-12-23 00:00:00+00:00,116.2257
2018-12-30 00:00:00+00:00,115.7262
2019-01-06 00:00:00+00:00,114.9848
2019-01-13 00:00:00+00:00,114.0419
2019-01-20 00:00:00+00:00,114.5591
2019-01-27 00:00:00+00:00,114.0204
2019-02-03 00:00:00+00:00,113.7559
2019-02-10 00:00:00+00:00,114.5011
2019-02-17 00:00:00+00:00,114.9934
2019-02-24 00:00:00+00:00,114.2727
2019-03-03 00:00:00+00:00,114.5385
2019-03-10 00:00:00+00:00,115.362
2019-03-17 00:00:00+00:00,114.5843
2019-03-24 00:00:00+00:00,114.6879
2019-03-31 00:00:00+00:00,115.1398
2019-04-07 00:00:00+00:00,114.9749
2019-04-14 00:00:00+00:00,114.3553
2019-04-21 00:00:00+00:00,114.6996
2019-04-28 00:00:00+00:00,115.4784
2019-05-05 00:00:00+00:00,115.267
2019-05-12 00:00:00+00:00,115.5362
2019-05-19 00:00:00+00:00,116.4516
2019-05-26 00:00:00+00:00,116.0844
2019-06-02 00:00:00+00:00,116.7313
2019-06-09 00:00:00+00:00,115.742
2019-06-16 00:00:00+00:00,115.9094
2019-06-23 00:00:00+00:00,114.8413
2019-06-30 00:00:00+00:00,114.5868
2019-07-07 00:00:00+00:00,115.1178
2019-07-14 00:00:00+00:00,114.7731
2019-07-21 00:00:00+00:00,114.8737
2019-07-28 00:00:00+00:00,115.549
2019-08-04 00:00:00+00:00,116.1908
2019-08-11 00:00:00+00:00,116.4466
2019-08-18 00:00:00+00:00,117.0828
2019-08-25 00:00:00+00:00,117.3058
2019-09-01 00:00:00+00:00,118.163
2019-09-08 00:00:00+00:00,117.1337
2019-09-15 00:00:00+00:00,116.7722
2019-09-22 00:00:00+00:00,117.1867
2019-09-29 00:00:00+00:00,117.7277
2019-10-06 00:00:00+00:00,117.5338
2019-10-13 00:00:00+00:00,116.8289
2019-10-20 00:00:00+00:00,116.1391
2019-10-27 00:00:00+00:00,116.0819
2019-11-03 00:00:00+00:00,115.7356
2019-11-10 00:00:00+00:00,116.3472
2019-11-17 00:00:00+00:00,116.4441
2019-11-24 00:00:00+00:00,116.918
2019-12-01 00:00:00+00:00,117.1249
2019-12-08 00:00:00+00:00,116.5425
2019-12-15 00:00:00+00:00,115.7007
2019-12-22 00:00:00+00:00,115.7636
2019-12-29 00:00:00+00:00,115.2239
2020-01-05 00:00:00+00:00,114.9895
2020-01-12 00:00:00+00:00,115.0705
2020-01-19 00:00:00+00:00,115.0675
2020-01-26 00:00:00+00:00,115.5578
2020-02-02 00:00:00+00:00,115.7371
2020-02-09 00:00:00+00:00,116.5117
2020-02-16 00:00:00+00:00,116.4252
2020-02-23 00:00:00+00:00,117.051
2020-03-01 00:00:00+00:00,117.6593
2020-03-08 00:00:00+00:00,116.7125
2020-03-15 00:00:00+00:00,120.4402
2020-03-22 00:00:00+00:00,124.9371
2020-03-29 00:00:00+00:00,122.4041
2020-04-05 00:00:00+00:00,124.4177
2020-04-12 00:00:00+00:00,122.1617
2020-04-19 00:00:00+00:00,122.8736
2020-04-26 00:00:00+00:00,124.1654
2020-05-03 00:00:00+00:00,123.1536
2020-05-10 00:00:00+00:00,122.5416
2020-05-17 00:00:00+00:00,123.6023
2020-05-24 00:00:00+00:00,122.3238
2020-05-31 00:00:00+00:00,120.9497
2020-06-07 00:00:00+00:00,118.8182
2020-06-14 00:00:00+00:00,119.668
2020-06-21 00:00:00+00:00,120.2221
2020-06-28 00:00:00+00:00,120.5375
2020-07-05 00:00:00+00:00,119.8608
2020-07-12 00:00:00+00:00,119.3555
2020-07-19 00:00:00+00:00,119.129
2020-07-26 00:00:00+00:00,118.1394
2020-08-02 00:00:00+00:00,117.215
2020-08-09 00:00:00+00:00,117.6306
2020-08-16 00:00:00+00:00,116.9464
2020-08-23 00:00:00+00:00,117.0638
2020-08-30 00:00:00+00:00,115.9459
2020-09-06 00:00:00+00:00,116.042
2020-09-13 00:00:00+00:00,116.0924
2020-09-20 00:00:00+00:00,115.244
2020-09-27 00:00:00+00:00,117.873
2020-10-04 00:00:00+00:00,116.7375
2020-10-11 00:00:00+00:00,115.2803
2020-10-18 00:00:00+00:00,115.7715
2020-10-25 00:00:00+00:00,115.0159
2020-11-01 00:00:00+00:00,116.1372
2020-11-08 00:00:00+00:00,113.9939
2020-11-15 00:00:00+00:00,114.2406
2020-11-22 00:00:00+00:00,113.4898
2020-11-29 00:00:00+00:00,113.1841
2020-12-06 00:00:00+00:00,111.7797
2020-12-13 00:00:00+00:00,112.1438
2020-12-20 00:00:00+00:00,111.6099
2020-12-27 00:00:00+00:00,111.9834
2021-01-03 00:00:00+00:00,111.3203
2021-01-10 00:00:00+00:00,111.2894
2021-01-17 00:00:00+00:00,111.5123
2021-01-24 00:00:00+00:00,111.5568
2021-01-31 00:00:00+00:00,111.9568
2021-02-07 00:00:00+00:00,112.2421
2021-02-14 00:00:00+00:00,111.4945
2021-02-21 00:00:00+00:00,111.7165
2021-02-28 00:00:00+00:00,112.8424
2021-03-07 00:00:00+00:00,113.762
2021-03-14 00:00:00+00:00,113.0404
2021-03-21 00:00:00+00:00,112.9865
2021-03-28 00:00:00+00:00,113.7518
2021-04-04 00:00:00+00:00,113.7414
2021-04-11 00:00:00+00:00,113.2118
2021-04-18 00:00:00+00:00,112.4894
2021-04-25 00:00:00+00:00,112.0955
2021-05-02 00:00:00+00:00,112.0959
2021-05-09 00:00:00+00:00,111.0378
2021-05-16 00:00:00+00:00,111.1488
2021-05-23 00:00:00+00:00,111.0734
2021-05-30 00:00:00+00:00,110.7719
2021-06-06 00:00:00+00:00,110.7653
2021-06-13 00:00:00+00:00,111.1056
2021-06-20 00:00:00+00:00,113.0508
2021-06-27 00:00:00+00:00,111.9722
2021-07-04 00:00:00+00:00,112.5484
2021-07-11 00:00:00+00:00,112.8442
2021-07-18 00:00:00+00:00,113.0461
2021-07-25 00:00:00+00:00,113.4452
2021-08-01 00:00:00+00:00,112.6785
2021-08-08 00:00:00+00:00,113.316
2021-08-15 00:00:00+00:00,113.0676
2021-08-22 00:00:00+00:00,114.5069
2021-08-29 00:00:00+00:00,113.3479
2021-09-05 00:00:00+00:00,112.5541
2021-09-12 00:00:00+00:00,112.9468
2021-09-19 00:00:00+00:00,113.6015
2021-09-26 00:00:00+00:00,113.7646
2021-10-03 00:00:00+00:00,114.3857
2021-10-10 00:00:00+00:00,114.6095
2021-10-17 00:00:00+00:00,114.102
2021-10-24 00:00:00+00:00,113.681
2021-10-31 00:00:00+00:00,114.1482
2021-11-07 00:00:00+00:00,114.0846
2021-11-14 00:00:00+00:00,114.523
2021-11-21 00:00:00+00:00,115.2287
2021-11-28 00:00:00+00:00,116.5252
2021-12-05 00:00:00+00:00,116.2488
2021-12-12 00:00:00+00:00,115.5818
2021-12-19 00:00:00+00:00,115.7976
2021-12-26 00:00:00+00:00,115.5426
2022-01-02 00:00:00+00:00,115.2924
2022-01-09 00:00:00+00:00,115.0641
2022-01-16 00:00:00+00:00,114.4045
2022-01-23 00:00:00+00:00,114.6262
2022-01-30 00:00:00+00:00,116.0306
2022-02-06 00:00:00+00:00,115.1489
2022-02-13 00:00:00+00:00,114.8568
2022-02-20 00:00:00+00:00,114.8057
2022-02-27 00:00:00+00:00,115.2742
2022-03-06 00:00:00+00:00,116.7299
2022-03-13 00:00:00+00:00,117.1274
2022-03-20 00:00:00+00:00,116.2161
2022-03-27 00:00:00+00:00,115.8678
2022-04-03 00:00:00+00:00,115.5139
2022-04-10 00:00:00+00:00,116.4177
2022-04-17 00:00:00+00:00,116.7137
2022-04-24 00:00:00+00:00,118.0334
2022-05-01 00:00:00+00:00,119.4772
2022-05-08 00:00:00+00:00,119.8387
2022-05-15 00:00:00+00:00,120.8099
2022-05-22 00:00:00+00:00,119.322
2022-05-29 00:00:00+00:00,118.2787
2022-06-05 00:00:00+00:00,118.2054
2022-06-12 00:00:00+00:00,119.9422
2022-06-19 00:00:00+00:00,121.1529
2022-06-26 00:00:00+00:00,120.3971
2022-07-03 00:00:00+00:00,121.3983
2022-07-10 00:00:00+00:00,122.3794
2022-07-17 00:00:00+00:00,123.3601
2022-07-24 00:00:00+00:00,122.3473
2022-07-31 00:00:00+00:00,121.6934
2022-08-07 00:00:00+00:00,122.2345
2022-08-14 00:00:00+00:00,120.9499
2022-08-21 00:00:00+00:00,122.9575
2022-08-28 00:00:00+00:00,122.9847
2022-09-04 00:00:00+00:00,123.6919
2022-09-11 00:00:00+00:00,123.7185
2022-09-18 00:00:00+00:00,124.8039
2022-09-25 00:00:00+00:00,127.169
2022-10-02 00:00:00+00:00,127.4039
2022-10-09 00:00:00+00:00,127.215
2022-10-16 00:00:00+00:00,128.2418
2022-10-23 00:00:00+00:00,127.606
2022-10-30 00:00:00+00:00,127.1645
2022-11-06 00:00:00+00:00,127.1053
2022-11-13 00:00:00+00:00,124.6714
2022-11-20 00:00:00+00:00,123.8169
2022-11-27 00:00:00+00:00,123.3171
2022-12-04 00:00:00+00:00,121.9745
2022-12-11 00:00:00+00:00,122.3712
2022-12-18 00:00:00+00:00,122.6127
2022-12-25 00:00:00+00:00,121.9579
2023-01-01 00:00:00+00:00,121.4047
2023-01-08 00:00:00+00:00,121.044
2023-01-15 00:00:00+00:00,119.0901
2023-01-22 00:00:00+00:00,119.3251
2023-01-29 00:00:00+00:00,118.9295
2023-02-05 00:00:00+00:00,119.4642
2023-02-12 00:00:00+00:00,120.1228
2023-02-19 00:00:00+00:00,120.5898
2023-02-26 00:00:00+00:00,121.6304
2023-03-05 00:00:00+00:00,120.8531
2023-03-12 00:00:00+00:00,121.2924
2023-03-19 00:00:00+00:00,121.5752
2023-03-26 00:00:00+00:00,120.503
2023-04-02 00:00:00+00:00,119.4828
2023-04-09 00:00:00+00:00,119.5033
2023-04-16 00:00:00+00:00,119.0301
2023-04-23 00:00:00+00:00,119.4921
2023-04-30 00:00:00+00:00,119.4312
2023-05-07 00:00:00+00:00,118.7707
2023-05-14 00:00:00+00:00,119.568
2023-05-21 00:00:00+00:00,120.0134
2023-05-28 00:00:00+00:00,120.8713
2023-06-04 00:00:00+00:00,120.2952
2023-06-11 00:00:00+00:00,119.7892
2023-06-18 00:00:00+00:00,118.8586
2023-06-25 00:00:00+00:00,119.6068
2023-07-02 00:00:00+00:00,119.8885
2023-07-09 00:00:00+00:00,119.6019
2023-07-16 00:00:00+00:00,117.5952
2023-07-23 00:00:00+00:00,118.4822
