Date,CorporateBonds,Gold,SP500
2003-07-13,0.0,0.0,0.0
2003-07-20,0.0,0.0,-0.007282560045823505
2003-07-27,0.0,0.0,0.007235505725337932
2003-08-03,0.0,0.0,-0.017160373952381014
2003-08-10,0.0,0.0,-0.0023348188412674054
2003-08-17,0.0,0.0,0.013633954085931155
2003-08-24,0.0,0.0,0.0015056347785897817
2003-08-31,0.0,0.0,0.016739089448120525
2003-09-07,0.0,0.0,0.01370229528347
2003-09-14,0.0,0.0,-0.0036949299298253413
2003-09-21,0.0,0.0,0.0157926741436778
2003-09-28,0.0,0.0,-0.03588302981170055
2003-10-05,0.0,0.0,0.03441729094664758
2003-10-12,0.0,0.0,0.011412277576020813
2003-10-19,0.0,0.0,-0.0029645272180142124
2003-10-26,0.0,0.0,-0.006521817041004518
2003-11-02,0.0,0.0,0.016605407049186782
2003-11-09,0.0,0.0,0.002944186611116839
2003-11-16,0.0,0.0,-0.0014202983746096631
2003-11-23,0.0,0.0,-0.011852583584215148
2003-11-30,0.0,0.0,0.021494460136066706
2003-12-07,0.0,0.0,0.003758170277061268
2003-12-14,0.0,0.0,0.012072833468011801
2003-12-21,0.0,0.0,0.011785759226673687
2003-12-28,0.0,0.0,0.007347143990443561
2004-01-04,0.0,0.0,0.013946630899172474
2004-01-11,0.0,0.0,0.010428555046088972
2004-01-18,0.0,0.0,0.01637194990350066
2004-01-25,0.0,0.0,0.0017510801388851416
2004-02-01,0.0,0.0,-0.00830207262225291
2004-02-08,0.0,0.0,0.00854727192829019
2004-02-15,0.0,0.0,0.005941531581227899
2004-02-22,0.0,0.0,-0.0021713059955256186
2004-02-29,0.0,0.0,0.0012185695307946887
2004-03-07,0.0,0.0,0.011824366224683747
2004-03-14,0.0,0.0,-0.0326520637214226
2004-03-21,0.0,0.0,-0.010042779733038576
2004-03-28,0.0,0.0,-0.0002702413834286821
2004-04-04,0.0,0.0,0.03251385448654198
2004-04-11,0.0,0.0,-0.0023553516120764506
2004-04-18,0.0,0.0,-0.0047215346007922765
2004-04-25,0.0,0.0,0.004656077230879463
2004-05-02,0.0,0.0,-0.0297308665019842
2004-05-09,0.0,0.0,-0.009012146402888055
2004-05-16,0.0,0.0,0.0007271822182015608
2004-05-23,0.0,0.0,-0.0020898836981934066
2004-05-30,0.0,0.0,0.027775043705144498
2004-06-06,0.0,0.0,0.0010637258222188084
2004-06-13,0.0,0.0,0.01212584804707939
2004-06-20,0.0,0.0,-0.002669261467564632
2004-06-27,0.0,0.0,0.001848098201024051
2004-07-04,0.0,0.0,-0.0084328779898738
2004-07-11,0.0,0.0,-0.010187645988895766
2004-07-18,0.0,0.0,-0.009129489349586795
2004-07-25,0.0,0.0,-0.015806854996883724
2004-08-01,0.0,0.0,0.017254012146324493
2004-08-08,0.0,0.0,-0.03599763162877434
2004-08-15,0.0,0.0,0.0031821143859072087
2004-08-22,0.0,0.0,0.030692618684185824
2004-08-29,0.0,0.0,0.008780036461434992
2004-09-05,0.0,0.0,0.006012047831725598
2004-09-12,0.0,0.0,0.008383810201862296
2004-09-19,0.0,0.0,0.004961458540706731
2004-09-26,0.0,0.0,-0.014935744575873211
2004-10-03,0.0,0.0,0.019648525629353042
2004-10-10,0.0,0.0,-0.010030605448557939
2004-10-17,0.0,0.0,-0.011109910010460577
2004-10-24,0.0,0.0,-0.011414975735456578
2004-10-31,0.0,0.0,0.029184211500655532
2004-11-07,0.0,0.0,0.03604240008571935
2004-11-14,0.0,0.0,0.01287539508498825
2004-11-21,0.0,0.0,-0.008603881583178485
2004-11-28,0.0,0.0,0.007920502308492061
2004-12-05,0.0,0.0,0.007604419631392911
2004-12-12,0.0,0.0,0.0006708837199740358
2004-12-19,0.0,0.0,0.005649896279926292
2004-12-26,0.0,0.0,0.011135442087538694
2005-01-02,0.0,0.0,0.0008281704963313263
2005-01-09,0.0,0.0,-0.020104141292151212
2005-01-16,0.0,0.0,-0.0016889247773652638
2005-01-23,0.0,0.0,-0.01234759543819497
2005-01-30,0.0,0.0,0.005566191686344091
2005-02-06,0.0,0.0,0.02384376783607456
2005-02-13,0.0,0.0,0.00449131851768092
2005-02-20,0.0,0.0,-0.0031465427940553514
2005-02-27,0.0,0.0,0.008638820694842453
2005-03-06,0.0,0.0,0.010705455242215889
2005-03-13,0.0,0.0,-0.019066173830138977
2005-03-20,0.0,0.0,-0.011499064937551373
2005-03-27,0.0,0.0,-0.01181022109336538
2005-04-03,0.0,0.0,0.00247524912966135
2005-04-10,0.0,0.0,0.004854562697591991
2005-04-17,0.0,0.0,-0.032627829472675285
2005-04-24,0.0,0.0,0.012439987456880575
2005-05-01,0.0,0.0,0.0015575440712680688
2005-05-08,0.0,0.0,0.011576518652932632
2005-05-15,0.0,0.0,-0.011700164722662443
2005-05-22,0.0,0.0,0.029381512412788968
2005-05-29,0.0,0.0,0.009486025957843314
2005-06-05,0.0,0.0,-0.0008316555702561068
2005-06-12,0.0,0.0,0.00041594813417544785
2005-06-19,0.0,0.0,0.013725726663285753
2005-06-26,0.0,0.0,-0.01961112386941699
2005-07-03,0.0,0.0,0.0046229214542048425
2005-07-10,0.0,0.0,0.014974840470673989
2005-07-17,0.0,0.0,0.01252906862033809
2005-07-24,0.0,0.0,0.005698722014654489
2005-07-31,0.0,0.0,0.0016186302734946256
2005-08-07,0.0,0.0,-0.006950067735672305
2005-08-14,0.0,0.0,0.0014648031701520736
2005-08-21,0.0,0.0,-0.0047940424327903575
2005-08-28,0.0,0.0,-0.013962917617991955
2005-09-04,0.0,0.0,0.012504480012098806
2005-09-11,0.0,0.0,0.01905577050348728
2005-09-18,0.0,0.0,-0.004608944410272597
2005-09-25,0.0,0.0,-0.01668038851491327
2005-10-02,0.0,0.0,0.013175792814658749
2005-10-09,0.0,0.0,-0.02787752095991569
2005-10-16,0.0,0.0,-0.007858963829513677
2005-10-23,0.0,0.0,-0.004550244840894724
2005-10-30,0.0,0.0,0.01413717031411954
2005-11-06,0.0,0.0,0.019281966673292628
2005-11-13,0.0,0.0,0.013512214281377277
2005-11-20,0.0,0.0,0.0110698286782418
2005-11-27,0.0,0.0,0.015983584881889445
2005-12-04,0.0,0.0,-0.0022022712223384033
2005-12-11,0.0,0.0,-0.004099286495275911
2005-12-18,0.0,0.0,0.005539179200781952
2005-12-25,0.0,0.0,0.003165646676727585
2006-01-01,0.0,0.0,-0.017750211636749058
2006-01-08,0.0,0.0,0.03156424295240812
2006-01-15,0.0,0.0,0.001868294489147937
2006-01-22,0.0,0.0,-0.021059930723014597
2006-01-29,0.0,0.0,0.020401798949612804
2006-02-05,0.0,0.0,-0.017660044701595212
2006-02-12,0.0,0.0,0.002930203826592148
2006-02-19,0.0,0.0,0.01713580787447233
2006-02-26,0.0,0.0,0.004657484546170876
2006-03-05,0.0,0.0,-0.005022996252376788
2006-03-12,0.0,0.0,-0.0013202185472541705
2006-03-19,0.0,0.0,0.019825794784864792
2006-03-26,0.0,0.0,-0.0031386722077118012
2006-04-02,0.0,0.0,-0.0029180606155487787
2006-04-09,0.0,0.0,-0.002233998627606759
2006-04-16,0.0,0.0,-0.006407044440259746
2006-04-23,0.0,0.0,0.018957328305370336
2006-04-30,0.0,0.0,0.002440030647727909
2006-05-07,0.0,0.0,0.007986398607098044
2006-05-14,0.0,0.0,-0.024750894459672046
2006-05-21,0.0,0.0,-0.016558587049848805
2006-05-28,0.0,0.0,0.010070960941367835
2006-06-04,0.0,0.015045435976098087,0.0048294763739089586
2006-06-11,0.0,-0.10375681643508072,-0.028294421127894043
2006-06-18,0.0,-0.014257130498736337,-0.0011891567210915444
2006-06-25,0.0,0.049464545679477556,-0.0016847354486766442
2006-07-02,0.0,0.06670376362031649,0.022822401803723302
2006-07-09,0.0,0.00852683935945997,-0.0052638426268007965
2006-07-16,0.0,-0.001537287391574882,-0.024406044329261967
2006-07-23,0.0,-0.08108780929222448,0.003480989733026796
2006-07-30,0.0,0.08293797897652189,0.03251326951633704
2006-08-06,0.0,0.02088682387065588,0.0017192784620665424
2006-08-13,0.0,-0.022733132167201187,-0.009282277975523279
2006-08-20,0.0,-0.008012299591561467,0.028973900130910613
2006-08-27,0.0,0.04168822086423707,-0.006733289966812328
2006-09-03,0.0,0.02276146721771899,0.012402520261328487
2006-09-10,0.0,-0.040352060081705554,-0.008674746167094294
2006-09-17,0.0,-0.10219171155731976,0.017350580275520944
2006-09-24,0.0,-0.010786236499112145,-0.003713390662760996
2006-10-01,0.0,0.022955685715297935,0.016049112283577305
2006-10-08,0.0,-0.03590485174724756,0.010705144743351491
2006-10-15,0.0,0.041315215124739124,0.011998722194481504
2006-10-22,0.0,-0.0013971466076952987,0.0015373237849862775
2006-10-29,0.0,0.03077798352976302,0.007819628170308901
2006-11-05,0.0,0.05320280547335887,-0.009934069181227412
2006-11-12,0.0,0.005412512240283718,0.012450500402405584
2006-11-19,0.0,-0.04255337847586815,0.015769770026894614
2006-11-26,0.0,0.06827346520209177,-0.0004981583794431144
2006-12-03,0.0,0.041102785732332725,-0.0009267095973590767
2006-12-10,0.0,-0.025036062945928972,0.00855787524477103
2006-12-17,0.0,-0.018271839826893177,0.012113685707322963
2006-12-24,0.0,-0.024083328703694118,-0.011170910313084481
2006-12-31,0.0,0.03153278091738021,0.006181507611352277
2007-01-07,0.0,-0.06765210838883151,-0.007625815491910326
2007-01-14,0.0,0.018543600229832702,0.019211599422392034
2007-01-21,0.0,-0.009762565786972432,-0.002932360037698256
2007-01-28,0.0,0.04449748104950224,-0.004831217199907423
2007-02-04,0.0,0.0030615309774282284,0.018855893915234345
2007-02-11,0.0,0.020091388420817147,-0.006007978850219087
2007-02-18,0.0,0.020693140091636142,0.0124354779297009
2007-02-25,0.0,0.021739162602395945,-0.00295062601821261
2007-03-04,0.0,-0.09921109904600112,-0.04562933046786122
2007-03-11,0.0,0.00928878538158373,0.01521578341571761
2007-03-18,0.0,0.008677287904636843,-0.012079233332544459
2007-03-25,0.0,0.03832119073184881,0.035082322275493905
2007-04-01,0.0,-0.006527906288780749,-0.009693542174599501
2007-04-08,0.0,0.040434892294455516,0.01577417064058806
2007-04-15,0.0,0.0286615139514923,0.007487768229503811
2007-04-22,0.004672277503207756,-0.020779255279746445,0.022708037612614085
2007-04-29,-0.0002653234459670806,-0.027248496028973945,0.006123638198558989
2007-05-06,0.003016156391055347,0.009171747392453078,0.009295643625713446
2007-05-13,-0.0007966850352116861,-0.02358113534682038,-0.00039751684799316234
2007-05-20,-0.004515966207474964,-0.01861630704241024,0.01166670413734594
2007-05-27,-0.0010673614614928884,-0.01922612327551232,-0.006093734995953226
2007-06-03,-0.0035085424330415504,0.0470467114915849,0.01575564003509311
2007-06-10,-0.0067257309334708415,-0.04418368574786924,-0.019730121853825056
2007-06-17,0.0,0.020893237255014574,0.017808969217782078
2007-06-24,0.0008123372221418013,-0.0076746440634888335,-0.016463340228155654
2007-07-01,0.005142841425985978,-0.023201999276474816,-0.0007975826046680012
2007-07-08,-0.005631502876629613,0.06967572475146899,0.016951973461981407
2007-07-15,0.004074124286710612,0.01924462785811909,0.01222352753444933
2007-07-22,0.005545790783517246,0.041878770497143725,-0.008717853445502133
2007-07-29,0.004170327535705898,-0.09340161242600131,-0.05465806041910637
2007-08-05,0.005698070257744936,0.011788840396043554,-0.009027969574194605
2007-08-12,-0.005081767924702274,0.00937186640410359,0.006328478078870381
2007-08-19,0.006451870871662102,-0.11618587768533728,0.0
2007-08-26,0.002271217024492289,0.05423079014043708,0.025015489768397625
2007-09-02,0.00652888115010275,0.0140046154129434,-0.004988947453374748
2007-09-09,0.007629906087869953,0.09349297809385959,-0.010298834131692858
2007-09-16,-0.003429206401152851,0.02428964484186502,0.019374142677452966
2007-09-23,-0.000927235299382434,0.07849167144576175,0.02546001883469473
2007-09-30,0.0027829845399882647,-0.002858375636208166,0.0040137772813024775
2007-10-07,-0.0007564316178995112,0.00529212806446111,0.021431356143205793
2007-10-14,0.0,0.04825617771406354,0.0030796673724931
2007-10-21,0.012475696457717511,-0.020715822374496984,-0.042601930797527165
2007-10-28,0.0007855660072921822,0.03418840639607712,0.026391360566591082
2007-11-04,0.003627884263842418,0.04772705043944159,-0.01575321114968764
2007-11-11,-0.0005243650734978456,-0.007887925918347305,-0.0400788565647171
2007-11-18,0.002360201104870896,-0.0667860638801755,0.004478054132484699
2007-11-25,0.004837645579698124,0.04046862403784335,-0.01138613022995405
2007-12-02,0.005855331481244841,-0.050972126150655384,0.03142950857005822
2007-12-09,-0.006273193269192512,0.0008626188481004604,0.01513575775753373
2007-12-16,-0.004443554859773213,-0.04504310682479962,-0.024783066705492907
2007-12-23,0.00420050741172151,0.015572075536187224,0.011864854333235142
2007-12-30,0.006441325669250153,0.05366627610621011,-0.005603054225345905
2008-01-06,0.010818266541815946,0.07012662885578469,-0.04066569984351531
2008-01-13,0.002837101310108503,0.05050094157333218,-0.008208769988744535
2008-01-20,0.006557591521107575,-0.0778329116571137,-0.057724042363945904
2008-01-27,0.004726777469790777,0.04302836851774394,0.007421045027231621
2008-02-03,-0.0004951255924952047,-0.025188147070076106,0.04915818741938538
2008-02-10,-0.006130195173038477,-0.01241104448412167,-0.04663989476955854
2008-02-17,-0.007966681867506487,-0.016275329355260437,0.015556017568306268
2008-02-24,-0.0025891893530683996,0.0655497432777794,0.003551502435959586
2008-03-02,0.014413195398682577,0.04402517511737858,-0.01327225761917028
2008-03-09,-0.011679035502636825,0.006212472337919328,-0.030712725769159954
2008-03-16,0.006370100154374558,0.05556576847714556,-0.0007712217651606457
2008-03-23,0.007750700463895921,-0.1531370693573353,0.024102521884602934
2008-03-30,-0.0017943897064024439,0.027208033107426477,-0.004315890467467165
2008-04-06,0.0005153025005524281,-0.0034638456021386377,0.0409092240019957
2008-04-13,0.003349901285841561,-0.014107309939536128,-0.025640612110748084
2008-04-20,-0.012071420031148139,0.022397190374441323,0.038236551487497605
2008-04-27,-0.0025995830362516292,-0.0805274212908591,0.008087519135634658
2008-05-04,0.008617814566735493,-0.04743009942920717,0.013681982235717927
2008-05-11,0.00402169734458746,0.06438179999994076,-0.01844338308284421
2008-05-18,-0.00219639656578019,0.029590897319292875,0.02706982272544778
2008-05-25,0.002331356055502276,0.009087094449954147,-0.03518876824735495
2008-06-01,-0.011755791238436841,-0.036230303800511954,0.019689406917045682
2008-06-08,0.004486804618763607,0.014558807850349131,-0.028928345615719886
2008-06-15,-0.01802561789667001,-0.07581916206752393,-0.0010272976376223264
2008-06-22,0.007050174647904139,0.015990660280422286,-0.028731842970372234
2008-06-29,0.003830636078506089,0.10150568871496901,-0.030779785364217327
2008-07-06,-6.606706956890918e-05,-0.02526432260192546,-0.009566317435671823
2008-07-13,0.002774218347560531,0.03484169322599118,-0.019554765915032357
2008-07-20,-0.00816816466515935,-0.02381423309920594,0.01728038398213161
2008-07-27,0.0002666684696137622,-0.069190348746206,-0.0039692580996677496
2008-08-03,0.01055048114067203,-0.04202452513085586,0.0054191527758451485
2008-08-10,-0.0013199255876492622,-0.14386782866117742,0.025444247411485765
2008-08-17,0.00330273448877505,-0.05068866328316701,0.00618363897708063
2008-08-24,0.0006576893965768438,0.08792812597884958,-0.003995024841257133
2008-08-31,0.0039477315747316055,0.004000970276155202,-0.006633200409261408
2008-09-07,0.005893985526271628,-0.13257188066944547,-0.03393098103939307
2008-09-14,0.0049701857983806,-0.042878929391705234,0.013422156321978074
2008-09-21,-0.00299342682785797,0.1264001905356016,-0.009925957642527128
2008-09-28,-0.006395501315568652,0.017897645480591917,-0.02634519752371034
2008-10-05,0.0018554488958775206,-0.18922679050212154,-0.08696749693835615
2008-10-12,-0.07935274747930132,-0.09328753943439472,-0.19793361829562495
2008-10-19,0.0540312557353293,-0.176537692145885,0.05322046057823382
2008-10-26,0.004882254633729266,-0.17934526169696863,-0.06619479539317918
2008-11-02,-0.013090352400487615,0.17696639975021888,0.11247698307908371
2008-11-09,0.02430239012248303,0.03818598057175282,-0.030672145967534425
2008-11-16,0.0028154387953982507,-0.05517236319312002,-0.0771364498766709
2008-11-23,-0.004143950934798246,0.12068148629183284,-0.08196690742501855
2008-11-30,0.015973711819956993,0.15371218916035367,0.13292264800314668
2008-12-07,0.00419094353633942,-0.12570556613058348,-0.02397604076047577
2008-12-14,0.004622259846456256,0.2341799948945491,0.012055085592655779
2008-12-21,0.019852353009421897,0.06662003523703364,-0.0009449650872043192
2008-12-28,0.012299111125480655,0.054610906985318675,-0.011679380573260456
2009-01-04,0.005751905669930002,0.0331783906634846,0.06654397916763499
2009-01-11,-0.00559206019045333,-0.060324118517059766,-0.04163054278076195
2009-01-18,0.0023003206980296564,-0.012136753646904364,-0.045235528236830747
2009-01-25,-0.010966238376457715,0.10378282441763487,-0.02292472386080957
2009-02-01,-0.002964853079483021,0.002636165146915115,-0.0033689386067136118
2009-02-08,-0.0031293124809232964,0.03476484181114925,0.050102522343447475
2009-02-15,0.0020840290538124417,0.0073405448247678695,-0.04851690629737593
2009-02-22,0.00013042547905905977,0.03783636214660646,-0.06452435952508273
2009-03-01,-0.0049379294608455915,-0.09910895109004869,-0.045078365226017936
2009-03-08,-0.0015066129293510588,-0.014388576391085817,-0.06776670360883308
2009-03-15,0.0009180200694076657,0.00608285952314791,0.10403333747836752
2009-03-22,0.0095715783193977,0.13512706201731728,0.015364227991444546
2009-03-29,-0.00038892355266151313,-0.014647273566310237,0.06387700635021565
2009-04-05,-0.0029032922179057508,-0.05756772274103028,0.032471940782252906
2009-04-12,0.0065388227545586375,-0.052480412624519746,0.01839478802267336
2009-04-19,-0.0016898997847880626,-0.06265150569663347,0.014800280857412584
2009-04-26,0.005075600955247728,0.11882485311488367,-0.004822870720270989
2009-05-03,-0.0017147303253417512,-0.046464626368032946,0.014193411482512186
2009-05-10,0.003904449179943148,0.13377709103137803,0.057912974126787864
2009-05-17,0.006093401607577098,0.005072129224161559,-0.04592376792259567
2009-05-24,-0.003221276765182246,0.11686595736336103,0.0034945226650540118
2009-05-31,0.0016809223603577728,0.050178273828438646,0.03942958366296967
2009-06-07,-0.012588962672448356,-0.0640850220496526,0.021830501393073964
2009-06-14,0.005640447584501107,-0.04331001497698672,0.00560530963169148
2009-06-21,0.001043677282980049,-0.029084558876154465,-0.026504564080967907
2009-06-28,0.012116166564369424,0.021099158607548407,-0.0021732217144465604
2009-07-05,-7.818144545868044e-05,-0.022703957511416517,-0.02210388601100821
2009-07-12,0.008784946327788479,-0.08274605567574367,-0.020598547062714467
2009-07-19,-0.007810699864171156,0.09960170169891369,0.07014586793479771
2009-07-26,0.004129741431155631,0.032608657345774894,0.04175010289264147
2009-08-02,0.00822609581091771,-0.003258465001897304,0.007648385113768086
2009-08-09,-0.01266339468279043,0.005280750107911292,0.024188070659304062
2009-08-16,0.015157460009300516,-0.019259831352739565,-0.004051536663152722
2009-08-23,0.0007663791028682532,0.0022954080551782496,0.02162894266958615
2009-08-30,0.005099692589330518,0.022391831772312853,0.003981797607075954
2009-09-06,0.0024249711242219085,0.12045806864251407,-0.012768380970601734
2009-09-13,0.0054607162395921005,0.023767138922930586,0.02655321277760958
2009-09-20,-0.0010103056432065882,-0.0036884638949897797,0.023463515268344448
2009-09-27,0.0045507244006641745,-0.06206445147447648,-0.021270170044825232
2009-10-04,0.0019935311457388583,-0.007197425502061594,-0.018764829550641515
2009-10-11,-0.004535789739075535,0.12932650217604547,0.046541027183350625
2009-10-18,0.0005056895036643638,0.001863624262752328,0.015196532995211953
2009-10-25,-0.0006321115654216447,-0.03493187440962997,-0.007438560628242885
2009-11-01,0.005950021522562521,-0.09252518572400803,-0.041820786355343476
2009-11-08,-0.0017302468656738013,0.12390846535934275,0.03447252464088635
2009-11-15,0.005437701813872486,0.045359146563453745,0.023242871933920828
2009-11-22,0.0027671644718181287,0.020891837333788743,-0.0017333070177301124
2009-11-29,0.007024158526445667,0.0,0.0012794578428594328
2009-12-06,-0.008431411967574909,-0.00255796429316979,0.013142417792789463
2009-12-13,0.0007552356299362906,-0.05661858057763247,0.0009006231845043455
2009-12-20,0.0012593194161421017,-0.03199513336526261,-0.002760216065574972
2009-12-27,-0.010939118300212991,0.016954264807735875,0.0205974844172383
2010-01-03,0.0023595440830979086,-0.01597075595773323,-0.009246072562191898
2010-01-10,0.003944681877119827,0.07855434366320768,0.028086606763466637
2010-01-17,0.004943101503892988,-0.048555472293110746,-0.008117288927965594
2010-01-24,0.002648060594182544,-0.07654991266792655,-0.03898255582171717
2010-01-31,0.0012576941463604552,-0.07010749094030966,-0.01666540562530261
2010-02-07,0.0028739990960273687,0.04150305422630396,-0.006797646461305096
2010-02-14,-0.004397959158826126,0.03607646587606039,0.012938373746514298
2010-02-21,-0.002399255751341145,0.014337526660959554,0.02869300778857098
2010-02-28,0.007212136058039498,-0.015256761125166163,-0.003598950080994756
2010-03-07,0.0011848613979221767,0.05787196671254469,0.03169582678580629
2010-03-14,-0.001510843270051132,-0.031014402914046113,0.010590789655959165
2010-03-21,0.002394640280102056,0.007112559413648745,0.00855346802504231
2010-03-28,-0.005029147512892518,-0.03531220306226601,0.005259823792942653
2010-04-04,0.00044161113917540185,0.06154199219394929,0.010465194543395562
2010-04-11,0.00012661693698157173,0.049137887577316075,0.014855663539066422
2010-04-18,0.005953798058586202,-0.04170083964143556,-0.001589519900011327
2010-04-25,-0.0008815156969392834,0.03344039304061863,0.020526472872688828
2010-05-02,0.00579775004071581,0.04770805335856143,-0.024629030204759594
2010-05-09,0.004236250770487615,-0.02732112992891611,-0.06354663759629531
2010-05-16,0.0027526465140126355,0.08182355699529342,0.02363826815026826
2010-05-23,0.007239042135806839,-0.11175922775506819,-0.04197011520623817
2010-05-30,-0.0029735293067781887,0.0561324263257128,0.0023830955017207778
2010-06-06,0.0015458221918500659,-0.021059197213675773,-0.023315672553921973
2010-06-13,0.00024893255527835834,0.04056550958908667,0.026774009520590614
2010-06-20,0.003235862417305446,0.06438277689841287,0.02353746756369146
2010-06-27,0.004961222089902684,-0.003329709128081504,-0.034547458031985
2010-07-04,0.004307131062353031,-0.07980701435503279,-0.05256355853785433
2010-07-11,-0.0006164111519526561,0.01815255143562533,0.05636035107362436
2010-07-18,0.005549507680226107,-0.03843108339662826,-0.012041983096953257
2010-07-25,-0.0004914323788779429,0.013803153567265802,0.03515910296525804
2010-08-01,0.004295621772176128,-0.020118101348254536,-0.0012684914659533142
2010-08-08,0.0050482593305394285,0.040439798000410754,0.019225760622977983
2010-08-15,0.002559824220629281,-0.008570710562098571,-0.03630217757824106
2010-08-22,0.0026749867900865976,0.030960737889194068,-0.007201338241179078
2010-08-29,-0.0009701993519558583,0.04017187936159572,-0.006230901494835295
2010-09-05,-0.000795242647719574,0.006561407717017742,0.03771253696915711
2010-09-12,-0.0035329368184894294,-0.012106422855147625,0.005321208333149974
2010-09-19,0.0024441039539959686,0.032805481018117755,0.01446151523621575
2010-09-26,0.0031714538589879826,0.016246764464149077,0.020713169435250256
2010-10-03,0.004045342656250561,0.016705647884308172,-0.0018290051051128575
2010-10-10,0.005584506246249399,0.012367354414424492,0.016839752681011788
2010-10-17,-0.00591546122081088,0.0019197685935399278,0.009953303350917375
2010-10-24,0.0034009509101582402,-0.043894901867760905,0.005522370094988238
2010-10-31,0.0009676584172335634,0.04390606409892328,0.0011835701170943569
2010-11-07,0.001673023392366746,0.048691207966583994,0.035699087427301546
2010-11-14,-0.009320825108176334,-0.0003329515187830978,-0.020534619002345877
2010-11-21,-0.000977616472158549,-0.013151124472554065,0.0007485209521644887
2010-11-28,0.0007345567235232942,-0.011302449957413141,-0.012386319560845349
2010-12-05,-0.0042921432033153906,0.06995392195051431,0.03442766466645941
2010-12-12,-0.01144717522751837,-0.01674365935713351,0.012938169508217356
2010-12-19,0.001495053388304246,-0.01978588169104223,0.00380550029192972
2010-12-26,-0.0004976517725867602,-0.002415003080210587,0.010458594300210677
2011-01-02,0.005675653374376921,0.026381865764940615,0.001194010200074036
2011-01-09,-0.0008722626918780119,-0.07694820437497962,0.011053736663961589
2011-01-16,0.0014960896068627605,-0.03278107893157067,0.01698910502283324
2011-01-23,-0.0014938546664221564,-0.01712822186612384,-0.007192506543820643
2011-01-30,0.003117524921783854,0.004820045837300002,-0.005063276090345181
2011-02-06,-0.011152303558733978,0.035239995204553676,0.026855440722072244
2011-02-13,-0.00037855910520923075,-0.006772536601689749,0.014944884758035126
2011-02-20,0.0044139189747332,0.05831685797751485,0.010667785522724405
2011-02-27,0.007407149816864189,-0.0005086696540552715,-0.01635324925372017
2011-03-06,-0.0017274785862489983,0.02459723474773745,0.0010580301238221068
2011-03-13,0.005507866038388043,-0.042715315238585294,-0.01230487507257838
2011-03-20,0.004729330293049561,-0.02006211036082317,-0.019298409062990185
2011-03-27,-0.006566740402761395,0.05047655896098524,0.027708537819445267
2011-04-03,-0.0007693783698401457,0.004200124486965828,0.014089677672931789
2011-04-10,-0.003379927660410842,0.06993471028664144,-0.0021779352829705
2011-04-17,0.008164539482355293,-0.03924935908184368,-0.006172088378022411
2011-04-24,0.002117953784615656,0.019368367246654916,0.013178122249960067
2011-05-01,0.006464107892261151,-0.006865509295509331,0.01980859757389375
2011-05-08,0.005610386333699813,-0.09823164518037686,-0.016345341008229597
2011-05-15,0.0,-0.033517600171882767,-0.001192566058742961
2011-05-22,0.001601228252487985,0.028592514509694578,-0.003208009469263917
2011-05-29,0.0033204412582090725,0.03873750890816452,-0.0007480965395082473
2011-06-05,0.0037325143000290772,-0.024689209048111338,-0.023144460038355574
2011-06-12,0.001469211200787246,-0.054699917122920994,-0.021622380161557042
2011-06-19,0.0004891474200403589,-0.026779084907246342,0.0006258816534974176
2011-06-26,0.0026890598758761985,0.011737603633849014,-0.0018889742895218387
2011-07-03,-0.01039550070006201,0.022061612060432445,0.05606807381530787
2011-07-10,0.0070398368693427305,0.047450758232592705,0.003584214022961385
2011-07-17,0.0033102393593373858,0.060934255384032854,-0.020163813494996408
2011-07-24,0.0002439586676608041,0.017414648150577472,0.02194575490636863
2011-07-31,0.0051326040412273954,-0.06369327958677562,-0.03901042400353105
2011-08-07,0.007690762455803801,-0.025839453713030314,-0.07152221872138664
2011-08-14,0.009677708474815194,0.06856745345440896,-0.016322876302254152
2011-08-21,0.00622990240152288,0.03444786186421567,-0.04639332951573916
2011-08-28,-0.007024540660038103,0.019915016213658543,0.04731905742506548
2011-09-04,0.007008073179164853,0.03889256172021316,-0.0010172641241120717
2011-09-11,0.001313069940675149,0.013711231720972439,-0.016376846358992836
2011-09-18,-0.00417263534099499,-0.025683711195049308,0.053732747723988616
2011-09-25,0.006224670956693545,-0.12010624779664403,-0.06566806358279609
2011-10-02,-0.0036878565024339727,-0.02162733896572533,-0.0034351155919835064
2011-10-09,-0.005339422786089454,-0.005616853387038878,0.022624910304755108
2011-10-16,-0.0027690700497915444,0.05612238312216378,0.05928616247824303
2011-10-23,0.0030182656481525516,-0.06866802448614706,0.011421987232211661
2011-10-30,0.0018051585602245623,0.12041491094103463,0.03734781027657674
2011-11-06,0.01022409661732171,0.013558200850702695,-0.024261229539757845
2011-11-13,-0.003576327246495814,0.016476300292708634,0.009403806697977801
2011-11-20,0.0003594575662146937,-0.08425603883172428,-0.036949545423761165
2011-11-27,0.00047817170126518427,-0.03978258260637202,-0.046236995637654044
2011-12-04,-0.0006744288349219696,0.06315011368896739,0.07323350694302366
2011-12-11,0.0,-0.007210331522075841,0.009531101990347679
2011-12-18,0.0077935728277893634,-0.08905419848341256,-0.029265372774486265
2011-12-25,-0.0019413493272768534,0.0049651083297455045,0.0394769695437589
2012-01-01,0.0030009871570637614,-0.02576259134107406,-0.007041558760023325
2012-01-08,-0.002394013468106082,0.03733222018330018,0.017609779374571755
2012-01-15,0.004319738389300998,0.013120832873602994,0.008847941547389437
2012-01-22,-0.003942456843648134,-0.034597359721853294,0.02413846858881996
2012-01-29,0.006357449895457279,0.09505554766338653,-0.0009852127743400496
2012-02-05,0.0012370841623636775,-0.012250695437617254,0.02063415509383848
2012-02-12,-0.0011931257952153551,-0.03454996183191039,-0.0013375987605940276
2012-02-19,-0.0022695794583629247,-0.006239633757943341,0.015257023244076295
2012-02-26,0.003951065509756324,0.042659096437878796,0.0038122117277994416
2012-03-04,0.001134151295880903,-0.029578191445630564,0.00277546111269511
2012-03-11,-0.002627030746984782,-0.028289963201844737,0.0018933012865960386
2012-03-18,-0.00802239588074094,-0.062171276797463704,0.024314088971941317
2012-03-25,0.00374187914279811,-0.0034048271527913343,-0.0046335512589293915
2012-04-01,0.001443003933632836,-0.004421380194589375,0.008306790118835172
2012-04-08,0.0009158049166868576,-0.06742007597747157,-0.007243638996592305
2012-04-15,0.007583008746981035,0.02813834316809327,-0.01895699884095714
2012-04-22,0.00023937986820188328,-0.029052549323273502,0.005906304385124628
2012-04-29,0.001671474780544191,0.014744226909941593,0.017687183986726085
2012-05-06,0.003106184681804791,-0.058760630105610834,-0.024146585048628322
2012-05-13,0.00011884877140611039,-0.03700357306553448,-0.010146038071448982
2012-05-20,0.001667571336159801,-0.018858876789292767,-0.04328597646469812
2012-05-27,-0.0007139426383432346,0.0790484761042125,0.018190047279094346
2012-06-03,0.009242386501387534,0.0371856046530854,-0.02982547560710047
2012-06-10,-0.00543564472310154,-0.0053672690194996875,0.038545553966796264
2012-06-17,0.003089351371593274,0.012734748254943584,0.013035177350256832
2012-06-24,-0.003435142192099505,-0.04987208437368296,-0.0050688633720603615
2012-07-01,0.002971649708454649,0.004261999056661692,0.019781155715207444
2012-07-08,0.0044783563590646835,-0.007594600280241504,-0.004482086834623034
2012-07-15,0.0034282290531819637,-0.04771520417204622,0.0019188423205984684
2012-07-22,0.003535412133818694,-0.013944911606833865,0.005303917547293535
2012-07-29,-0.002113214015020848,0.03379693699889419,0.016193929163155873
2012-08-05,-4.1805533201211276e-05,-0.006260243316668412,0.004831093495065275
2012-08-12,-0.0012971007546512814,0.046430287125634795,0.010693225505577164
2012-08-19,-0.005314626549558721,0.010925296899677583,0.009513597959233344
2012-08-26,0.005817563941167947,0.04918390801080208,-0.00471190527206522
2012-09-02,0.005429395798004277,0.007777864102246568,-0.0024733895900169722
2012-09-09,-0.0030111467541218406,0.052565971235849274,0.022456635741288977
2012-09-16,-0.005428670126088719,0.06738004773334927,0.02016216002134774
2012-09-23,0.0052209344608715735,0.017638235683063108,-0.004016010326483688
2012-09-30,0.00507482631108136,-0.02043435322398046,-0.013025330446511885
2012-10-07,-0.002306928416855092,-0.0007447454916467144,0.015072641408105047
2012-10-14,0.0025952730247207345,-0.037092299634646,-0.022239026578734666
2012-10-21,-0.003764297210160361,0.0013549657974500917,0.0034991976411955505
2012-10-28,0.0008260936003590125,-0.009472251561673861,-0.014227050097110894
2012-11-04,0.0004723268697104377,-0.028883711140733404,0.0014860944723760205
2012-11-11,0.0012967690918381791,0.018287814055639062,-0.024018185940096415
2012-11-18,0.000589692264743702,-0.08288926959792708,-0.012956177664135593
2012-11-25,-0.002354885731944978,0.04884864059307925,0.036518162398347265
2012-12-02,0.0022421543341435424,-0.02441518293551892,0.0056601629810939524
2012-12-09,0.000436836255865547,-0.03406941301585342,0.0018291305515292233
2012-12-16,-0.00318363121719889,0.011974714777783113,-0.002177007797328323
2012-12-23,-0.00023682025057225609,-0.027968926410316897,0.011982316357264544
2012-12-30,-0.004850665480816141,0.004740786679117148,-0.019328714806854164
2013-01-06,-0.003923561546260612,0.008902676591935776,0.0452755876887585
2013-01-13,0.0005971210475497202,0.0015441770982012049,0.004782756605954619
2013-01-20,0.0010732158851560758,-0.0063875465391943775,0.008566875708024835
2013-01-27,-0.004051730450535529,-0.07071599695525754,0.012944234241170971
2013-02-03,-0.004359540253307093,0.007156464062663348,0.006589118683353989
2013-02-10,0.0040924983121550795,0.0023685048099997275,0.003702778950718244
2013-02-17,-0.00167846580058173,-0.05741968334335046,0.002042288841442419
2013-02-24,0.0018018365893979205,-0.04913506917287069,-0.0014463906920855196
2013-03-03,0.004509197266404197,-0.0216188591252241,0.001448485768418717
2013-03-10,-0.006696590639630129,0.0,0.021891726421324753
2013-03-17,0.001805067988680964,0.006197717586515772,0.006967405849753305
2013-03-24,0.0027646316102019064,0.021960456867376577,-0.0014752091771871312
2013-03-31,0.002397579816130868,-0.008123670065424693,0.006876359365724838
2013-04-07,0.007271381967778323,-0.07371195121610641,-0.009638368562114086
2013-04-14,-0.000595682852498447,-0.08100406506429358,0.023459640097698298
2013-04-21,0.001073106400684809,-0.112662980154288,-0.020906329320758976
2013-04-28,0.0015475614932345394,0.030430236699835467,0.01775147438046143
2013-05-05,-0.0020025805495266225,0.0078072457308979715,0.019779936689202415
2013-05-12,-0.004178093628667612,0.004041653228129327,0.012641882423881201
2013-05-19,-0.0025166210588608573,-0.11506215651106855,0.02160195699434775
2013-05-26,-0.0026431461010989477,0.04245658355837034,-0.009763967176873556
2013-06-02,-0.007228448588365244,0.07272730987183351,-0.011251743975723927
2013-06-09,-0.0028580989969063664,-0.017288063767047057,0.008259675158003965
2013-06-16,0.0014637271092781123,-0.030010360849697326,-0.00983025760604539
2013-06-23,-0.02045835071731883,-0.1145095179176363,-0.02002849371257942
2013-06-30,0.0054695380638432045,-0.016465600843009853,0.008486453240148517
2013-07-07,-0.009948742025891466,-0.04369134840271216,0.016207627118643986
2013-07-14,0.008509602607877476,0.040563545761283626,0.027542332141458292
2013-07-21,0.007444925810743852,0.061140793558024376,0.009910001896551668
2013-07-28,-0.0024627728069763766,0.06651200529899715,-0.0003545656998213964
2013-08-04,-0.001288070578175149,-0.07215368764892915,0.010880203934581889
2013-08-11,0.00297295160381017,0.03438837740706924,-0.009593483868809205
2013-08-18,-0.011981598466163423,0.12542493139979016,-0.02055344048274621
2013-08-25,0.0,0.011749127226949874,0.004763100765664552
2013-09-01,0.0021260153473281473,-0.06668902553356826,-0.017824456477192108
2013-09-08,-0.006613631102301731,-0.004265717164636973,0.014604332414742238
2013-09-15,0.004530682713755008,-0.08496986690268193,0.019814625549726905
2013-09-22,0.008894869322420229,0.005072468180369771,0.013123095888770697
2013-09-29,0.003725822768208875,-0.022903879699078034,-0.010602002235914898
2013-10-06,-0.00010032246944979839,-0.038935118414510916,-0.0001188043144975115
2013-10-13,0.00037190334183812013,-0.04712711296467198,0.008111842276526504
2013-10-20,0.006568542864348714,0.057700623187890265,0.024257464517271732
2013-10-27,0.0035711484403397886,0.0795736698091789,0.008945097943220626
2013-11-03,-0.003919927153007041,-0.08510639979938472,0.0014779949823859884
2013-11-10,-0.005185143765696121,0.008305677409832901,0.006128742308530999
2013-11-17,0.00459119610592662,-0.0061781602792568835,0.015567987573104514
2013-11-24,-0.0006168583876077216,-0.07791124513898173,0.0042206499371300055
2013-12-01,0.000988385887709109,0.001348441161243663,0.0010512322088105375
2013-12-08,-0.004516479478050339,-0.0727109494301521,-0.00033169902773177995
2013-12-15,-0.00012470379032958334,0.02178124704777562,-0.015640397590164667
2013-12-22,0.0018648656753739168,-0.02747510921154095,0.024904265771962475
2013-12-29,-0.004838235539764146,0.044790653767230904,0.012613061695781358
2014-01-05,0.0022517860434474457,0.02729413787042101,-0.005221965097945369
2014-01-12,0.005615900406150454,0.008245510310287418,0.006834647000418359
2014-01-19,0.002605732879770839,0.05997275847209549,-0.002715064191846639
2014-01-26,0.003589173735286888,0.014573646013687824,-0.02586609694744857
2014-02-02,0.0025907532296827185,-0.00802710176687682,-0.003969077466387305
2014-02-09,0.0003821652059878833,0.01831349299892593,0.00841856171117028
2014-02-16,-0.0011097408153529775,0.1020493974579213,0.024154384481008595
2014-02-23,0.001110973708221774,0.006831021004390259,-0.0007066686965191415
2014-03-02,0.004312848137817404,-0.024500728064436372,0.013051386881912208
2014-03-09,-0.005385569848724625,0.011591931512259235,0.010574694328209677
2014-03-16,0.004945229860940259,0.05920573558073294,-0.01912240694034073
2014-03-23,-0.002953016912951356,-0.07969707093337708,0.012790130744912531
2014-03-30,0.0017274143002248277,-0.05564279452927623,-0.003812895408051853
2014-04-06,0.0007410260964810789,0.006639157049962208,0.004905391840682283
2014-04-13,0.006045011012620227,-0.0016488848253312094,-0.026233667860061982
2014-04-20,-0.0028205460187599174,-0.026837334259357415,0.026885774719895394
2014-04-27,0.0024592895201009934,0.03775993347466233,-0.0005367366585613542
2014-05-04,0.005135292886338849,-0.005723698293720103,0.00950169461513739
2014-05-11,-0.0003668625166982631,-0.024259800562229872,-0.0005319702803631143
2014-05-18,0.005261520223634131,-0.013063768822988209,0.0004789127498434631
2014-05-25,-0.00036543085562468214,-0.004696739471703015,0.012230973483546848
2014-06-01,0.0024350469895733085,-0.03474902484702258,0.01224024812085811
2014-06-08,-0.0037852282217577526,0.006222204549958477,0.014012900685348884
2014-06-15,-0.00012265210311068753,0.06492932745560176,-0.006397447825878366
2014-06-22,-0.00024426865573734524,0.07092498380186929,0.014159663759979901
2014-06-29,0.00415583197411129,0.006196808735714265,-0.0006122840719157141
2014-07-06,-0.004978507181453318,0.020015417043728334,0.012154210900375828
2014-07-13,0.005761912466580865,0.030943226967975912,-0.008022499499965807
2014-07-20,0.000852794534383694,-0.013909185179562411,0.005594742333964842
2014-07-27,0.0007306635284443086,-0.00445433037324261,5.065024180250788e-05
2014-08-03,-0.0009415794766267638,-0.023117087927760016,-0.026400987929758535
2014-08-10,0.0025631047652878713,0.02213742055646506,0.0038444235218610956
2014-08-17,0.004261390002121557,0.0014936477249853919,0.012833492737496677
2014-08-24,-0.0025457038177368885,-0.026845638099741498,0.017729165807406133
2014-08-31,0.0037682551797528774,0.022605457673420704,0.007631075020597011
2014-09-07,-0.00377467215663152,-0.06069709825719638,0.001993129431770546
2014-09-14,-0.006577313160185394,-0.04746704556760728,-0.009845520807873931
2014-09-21,0.0011034767723274719,-0.05108863609289194,0.012595647387600994
2014-09-28,0.002571980367098714,-0.03000892071047645,-0.013951077252347122
2014-10-05,0.003927704916818042,-0.06141958079734933,-0.006973409012199117
2014-10-12,0.006828080307447637,0.006786515102461754,-0.03042954988353097
2014-10-19,0.004117729954882465,-0.003851896227672569,-0.010863737268749674
2014-10-26,-0.003014934326235452,-0.010633026816357916,0.04223492061321821
2014-11-02,-0.003629908155546979,-0.15925758905364396,0.02662536646398883
2014-11-09,0.0016186255099766012,0.08309123668009244,0.008330637176299227
2014-11-16,-0.000729033105720589,0.02038620973074412,0.00442620592000087
2014-11-23,0.0023091040594656054,0.045215765197834434,0.01194676386321225
2014-11-30,0.005095073262320282,-0.07645873791038738,0.002515833377490617
2014-12-07,-0.005126981627399885,0.021241768055598298,0.003861052212297489
2014-12-14,0.007535126318908736,-0.005333428030604992,-0.034182553062073406
2014-12-21,-0.0013274562037569604,-0.006434188041745781,0.0336988892934027
2014-12-28,-0.003625420524970502,-0.0091804040281106,0.009296901417772174
2015-01-04,0.006577134027507148,0.038377316464428324,-0.014440388211049093
2015-01-11,0.006532314042948073,0.09345288510394067,-0.0057440082043399565
2015-01-18,0.006010283387403614,0.07001435750250451,-0.012827468849262225
2015-01-25,0.0004789334171011461,-0.01895290994817056,0.01656505116316187
2015-02-01,0.007404215372273315,0.025298947135591998,-0.026930936662999172
2015-02-08,-0.012473061890236559,-0.04306861616167834,0.030584252539006318
2015-02-15,-0.003970026857543885,-0.003281734822192517,0.020578789326524127
2015-02-22,-0.0018113015712067915,-0.03809983255054428,0.0069598649765834075
2015-03-01,0.005202809029213107,0.04058704162534443,-0.002745916572764462
2015-03-08,-0.009624738408447797,-0.1268797139010337,-0.015000212891204456
2015-03-15,0.005967430298722709,-0.02744899462955175,-0.008048218984835875
2015-03-22,0.00859450870211953,0.06972880516100477,0.026814435453441643
2015-03-29,-0.0016798868703854497,-0.025349088846776002,-0.02219487052704494
2015-04-05,0.004947540806347517,0.00796162176981019,0.003402461604757878
2015-04-12,-0.0019193570409282712,0.024223348212976115,0.017438498841069405
2015-04-19,0.004445150998674929,0.013881825431772965,-0.009950586589707044
2015-04-26,-0.0025109414281221376,-0.018255643817159162,0.017792663762780547
2015-05-03,-0.008891397941358736,0.0470041547431308,-0.004394032453558627
2015-05-10,-0.0010904190051260754,-0.01480030180944214,0.004271159699988036
2015-05-17,-0.0009712365186764771,0.03755650103967256,0.00387489843273503
2015-05-24,-0.0032792739489874156,-0.042953665711642164,0.00258891805960082
2015-05-31,0.003411755116251136,-0.012607421270875552,-0.008685775567012777
2015-06-07,-0.011974203159754948,-0.038304147577262526,-0.0064883975482346035
2015-06-14,0.0001229804468056983,-0.014870086994408283,0.0011438690460403578
2015-06-21,0.005172323303821669,0.004851963660836844,0.008692262881242474
2015-06-28,-0.008453539437355606,-0.029506388020555274,-0.0046960509913839266
2015-07-05,0.004114964567686341,-0.025428484580555244,-0.011962703745667325
2015-07-12,-0.0007400042000865747,-0.04991496246000049,0.0008195472044221219
2015-07-19,0.002467346268652637,-0.07940298003797719,0.024098717909931677
2015-07-26,0.003816190013553822,-0.08690013719498024,-0.021084188883078392
2015-08-02,0.0031885298770348847,-0.02343754943094456,0.012019318390464218
2015-08-09,-1.253691488833919e-05,-0.02545447856567462,-0.01211386698241479
2015-08-16,-0.0011024572086151263,0.08134336336325787,0.007069097539267544
2015-08-23,0.006008776424556883,0.062111669562412875,-0.05534359339457129
2015-08-30,-0.00597288668386442,-0.07407408146691163,0.0073297388735962254
2015-09-06,0.0035414289382507125,-0.060350980769906526,-0.033571087616353634
2015-09-13,-0.002693512369962736,-0.01344268962079087,0.02154857864541815
2015-09-20,0.003928710268662483,0.09613918525924992,-0.0013920670371735389
2015-09-27,-0.003301948794982912,-0.03453032676763823,-0.013302617840891928
2015-10-04,0.009628105264586129,0.03648078367576546,0.011148516794856844
2015-10-11,-0.004261709166079819,0.12215318569998446,0.03246134154966973
2015-10-18,0.003668642139210476,0.007994930219353824,0.009635898094017659
2015-10-25,-0.0006090724561481631,0.007931643236180452,0.020859017891251552
2015-11-01,-0.002803896881906076,-0.09443091394237035,0.0020239660436247586
2015-11-08,-0.008833823878995228,-0.10026733731093729,0.010147726768493959
2015-11-15,0.0023487488240394594,0.011887014479681879,-0.03570753623854073
2015-11-22,0.0017262442879084627,-0.016152675855739096,0.033425433120727766
2015-11-29,0.0013548099198925634,0.0037312677224328183,0.0011945170544251926
2015-12-06,-0.0017609811193635139,0.1026023074082163,0.00028634540068694925
2015-12-13,0.004195972344696486,-0.03034390462868819,-0.036924133329305664
2015-12-20,-0.002580935665580153,-0.051460359830657,-0.003316631431295236
2015-12-27,-0.0015993426824363333,0.05516116904499735,0.028297034564090495
2016-01-03,-0.0004950422216878358,-0.03854240296827005,-0.008799990911937838
2016-01-10,0.006563046913388826,0.05830918913606942,-0.058615833947148976
2016-01-17,0.0013524454894664473,-0.09848501905315821,-0.02141513399006878
2016-01-24,-0.0011057778260512574,-0.004583623023706629,0.01442968083777929
2016-01-31,0.005166199343268785,0.0905603009012248,0.016795934570565052
2016-02-07,0.0018878665880339707,0.19985913347510476,-0.029785256105604896
2016-02-14,0.003548816471408145,0.10498548783928441,-0.007022990506252769
2016-02-21,0.0003662844695611067,-0.024416142288318676,0.02877340051334265
2016-02-28,0.0020721782782799902,0.016866245061174956,0.01609359457517212
2016-03-06,-0.0033532520163425117,0.054574450505664895,0.02737219753386566
2016-03-13,-0.0004893579908222812,0.013698621669492983,0.01162475281892994
2016-03-20,0.008198213002788224,0.03153151230442508,0.013188591352494505
2016-03-27,-0.0010916827135606377,-0.05579817798530107,-0.00616478655855679
2016-04-03,0.007328841885428261,0.033915879203512134,0.018708406322303084
2016-04-10,0.0037476473313589054,0.06560634838615909,-0.011695573539172499
2016-04-17,0.00036143975726177224,0.03544772567839827,0.01603925923814642
2016-04-24,-0.00409361507152517,0.017567525295403508,0.005726861102537173
2016-05-01,0.0029012388443818704,0.1434262944626017,-0.012633294275324558
2016-05-08,0.0027055218252138857,-0.02710037624475181,-0.0029564481324284575
2016-05-15,0.0021676076939589617,-0.013529522082829315,-0.004666561766000998
2016-05-22,-0.006489532882927196,-0.02985076338416448,0.003565214311892939
2016-05-29,0.0007253481894149427,-0.07359657105167483,0.023115372991444838
2016-06-05,0.009434382414538423,0.13689395395525117,0.00019019101201012134
2016-06-12,0.001679306041255213,0.024871677914973578,-0.0009984573120931373
2016-06-19,0.0020370050223146308,-0.006548358350285222,-0.011786519402751439
2016-06-26,0.0005974745628254396,0.037223569271487955,-0.015882519626899794
2016-07-03,0.009969791572171482,0.08598126173115417,0.03286774857319097
2016-07-10,0.0061623379694950575,0.051290924788809145,0.013004814253346764
2016-07-17,-0.009894675751430215,-0.02193841990053247,0.014954225625582795
2016-07-24,0.0021415080674676013,-0.03649138587798317,0.006533088508096974
2016-07-31,0.00486803065487984,0.06289079474323978,-0.0005525879682152235
2016-08-07,-0.00562314937771613,-0.011768544176017026,0.004882249821855478
2016-08-14,0.003928933642738386,0.02712530208838726,0.0012832104766546948
2016-08-21,-0.001541947966395285,-0.03510466375837362,0.00036638740752237275
2016-08-28,-0.0017816172077491643,-0.09279038469449918,-0.0057199623796825305
2016-09-04,0.0018561540527246567,0.0062546533374712165,0.0049703215074716756
2016-09-11,-0.005117203968190043,-0.03436925637279986,-0.023309092641990325
2016-09-18,0.0004788410407321475,-0.017039065619270377,0.0054755503769650105
2016-09-25,0.0041844944395921235,0.04083206756559843,0.012279332976293356
2016-10-02,0.0016662572463586045,-0.02183567176918677,0.0014351890092172415
2016-10-09,-0.005584558302037079,-0.12977677963669265,-0.005825408886832695
2016-10-16,-0.002873929798915542,-0.000434713669890896,-0.00892849300459253
2016-10-23,0.004443863661780956,0.07090027337752303,0.004035390518258408
2016-10-30,-0.006456479396485082,-0.032899979463595685,-0.006729540550091895
2016-11-06,0.0029276221085574594,0.05291890501576679,-0.018773040036645927
2016-11-13,-0.018995062095895188,-0.16553648804925414,0.03773640675806966
2016-11-20,-0.0068625164032716235,0.0062141341997519195,0.009611176505498253
2016-11-27,-0.0014808369610075367,-0.020902674187183057,0.013821761655750997
2016-12-04,-0.0004939693774984599,0.0368753690280752,-0.008306559982537598
2016-12-11,-0.0014873676732369834,-0.03275613660897869,0.031090786218182176
2016-12-18,-0.005707307434310915,-0.07692315248956161,-0.0006339691799859271
2016-12-25,0.004055106827181021,0.016557260472589652,0.002977289915217396
2017-01-01,0.006603553946336493,0.08169586838946397,-0.009658472982927435
2017-01-08,0.001979982124974411,0.07026762156341593,0.016463260782706213
2017-01-15,0.001359023580738361,0.015632012447301724,-0.0007042691074317098
2017-01-22,-0.003083949243736006,0.016710670074871814,-0.0013653984823108756
2017-01-29,-0.0002473804695922732,0.004325331180198733,0.009834959983340719
2017-02-05,0.000963407345989431,0.0551248600393377,0.0016157779490333368
2017-02-12,0.00446086939664081,0.032244943327166986,0.009462058354036573
2017-02-19,-0.0006166029406170503,-0.01977074606561735,0.0154638472118247
2017-02-26,0.006048825967822191,-0.02662370406113257,0.0070184358379166145
2017-03-05,-0.008010174552788407,-0.07998338626514012,0.007096426737110972
2017-03-12,-0.005948368798641801,-0.021171185139111093,-0.0030615855463320685
2017-03-19,0.004612397164866611,0.04325829076320242,0.0015615276585307925
2017-03-26,0.004964096296232512,0.011027748664680148,-0.01337393969049605
2017-04-02,0.001234587440265722,-0.004799372450913109,0.008039076658486133
2017-04-09,0.0015326207893420207,0.030249869073931013,-0.00229055036582837
2017-04-16,0.008022275688993608,0.04425541747812378,-0.011436987846520252
2017-04-23,0.0,-0.037897252315547636,0.008945546820900763
2017-04-30,-0.0015916420872729153,-0.05844984612413506,0.014877231918063893
2017-05-07,-0.0017448175363052876,-0.03058927059836758,0.006804325647302489
2017-05-14,0.001353465908235929,0.0542921393496647,-0.003003753805922438
2017-05-21,0.005900510979146567,0.006162217211183485,-0.0028037094707801247
2017-05-28,-0.0003660763936521594,0.0034993720881189017,0.014267429775805862
2017-06-04,0.005532601630268363,-0.007846439579079045,0.010177140838840026
2017-06-11,-0.0026799456886485995,0.0030755596863896173,-0.00311248456861557
2017-06-18,0.003664889113274228,-0.033727603210385704,0.0016976809578961305
2017-06-25,0.001095124534391978,0.030825001280348152,0.002019571975099943
2017-07-02,-0.005106517172095204,-0.029023729787228225,-0.005470070581511055
2017-07-09,-0.0018524071757788363,-0.03940221278506184,0.0012819709294011883
2017-07-16,0.0038109552720611006,0.02781715743461244,0.014249473759880171
2017-07-23,0.005511393016262245,0.02798154742334491,0.005375646410374246
2017-07-30,-0.001218343096904384,0.022311477810717628,0.00012153765827904728
2017-08-06,0.003821892074028943,-0.02575285299802299,0.002024924796581118
2017-08-13,0.0020733774665711024,0.037186241624892924,-0.013297708521946117
2017-08-20,0.0003651330824541166,-0.009503205663616066,-0.005776021108119478
2017-08-27,0.0019469903806530464,0.020933375999367065,0.007622361165380287
2017-09-03,0.000652633198319652,0.05852204096748714,0.01341187009012712
2017-09-10,0.004500782681444271,0.018563287775817505,-0.00508385418031565
2017-09-17,-0.004964812737469848,-0.043977891369557764,0.015599961093556436
2017-09-24,-0.001582219003824159,-0.027351745491007162,0.0010033778903089097
2017-10-01,-0.0009754159690393838,-0.021729959844290936,0.007176042550346207
2017-10-08,-0.001735501211796997,0.02743910155083973,0.012498527854993391
2017-10-15,0.004898573408196771,0.010597585953791233,0.002280040593456434
2017-10-22,-0.004387289695412577,-0.025587157052568532,0.008472279196257038
2017-10-29,-0.0007342744957040681,-0.028411432800861225,0.0023335741815273536
2017-11-05,0.004207060009199237,-0.006202990572211409,0.002871628957665573
2017-11-12,-0.004645634995114389,0.004012558698520019,-0.0013929891185220367
2017-11-19,0.003316429133988663,0.011989297533775645,-0.0008911107060772805
2017-11-26,0.0020806587995474413,0.0017551492209992858,0.00969491153720381
2017-12-03,-0.0016072999013657663,-0.014892718276936834,0.01574765636519526
2017-12-10,0.0007360536170610832,-0.03601596420261988,0.0039701455036944555
2017-12-17,0.002450122468299565,0.01429874618408733,0.00889712266908349
2017-12-24,-0.005500056219826299,0.04932620685210254,0.003752194329989633
2017-12-31,0.0050643529131708664,0.015290576764511066,-0.0024295588185586636
2018-01-07,-0.003799806876495282,0.018502555724331682,0.024582218678809165
2018-01-14,-0.0028313583547807664,0.014364217365173015,0.016458208438141275
2018-01-21,-0.004441824701717723,-0.01499381684907164,0.008959217305424039
2018-01-28,0.001610885138360496,0.029598333625052486,0.022003528934323446
2018-02-04,-0.008713164168625775,-0.059137585369028245,-0.038837587029464826
2018-02-11,-0.004379168387476651,-0.053688373864745675,-0.050644149185928966
2018-02-18,0.0010055854951214194,0.03828413523430774,0.044397567648838177
2018-02-25,-0.0008788243019276498,-0.02398926426486714,0.0058585522054241945
2018-03-04,-0.0005656602737936778,-0.02184800721702984,-0.02049418474414455
2018-03-11,-0.0006304368556564466,0.0037227608619623265,0.0363830746497793
2018-03-18,0.0026473625991090266,-0.006490575187593994,-0.012808269019583873
2018-03-25,-0.00012567957568110355,0.032197960713657325,-0.05889865075118983
2018-04-01,0.005156264355546281,-0.0063292817310339755,0.01976382885050043
2018-04-08,-0.00012526977388316318,0.004094649359668523,-0.013034480765486633
2018-04-15,-0.0011294326037071256,0.0371544980324634,0.020907306544387216
2018-04-22,-0.007660382398019694,-0.007863730207191999,0.005505898017287958
2018-04-29,-0.00012628478457443748,0.000880692830560692,-0.00018716660167128474
2018-05-06,0.0006075043207127706,-0.003519494846895843,-0.0020259947495946395
2018-05-13,0.0006341045453479577,0.010154440822070399,0.025674928849679812
2018-05-20,-0.004941157991463996,-0.03015726960664511,-0.005570874167400652
2018-05-27,0.007511871131946846,0.005407804250990633,0.00302204757814839
2018-06-03,0.004160828058110466,0.0,0.0053280635492136685
2018-06-10,-0.00278159309762005,0.002241207189184191,0.01677635049914117
2018-06-17,0.0006340986639035151,-0.005813928420907444,0.0006630058957104445
2018-06-24,0.0005066935671689254,-0.0022493628717612513,-0.008624090176639676
2018-07-01,0.0029131115517522232,0.005861202175796665,-0.012593848169896504
2018-07-08,0.003935622103130587,0.01344697305590925,0.015261145347584382
2018-07-15,0.0006306977560563976,-0.02874839436379495,0.01514019455561133
2018-07-22,-0.0026452319500472887,-0.00819675654654417,0.00032222222882061224
2018-07-29,-0.0018955876917940984,-0.021120211199345484,0.006221290734387264
2018-08-05,0.0017390866014719286,-0.007504795596699254,0.007746290576046588
2018-08-12,0.002785802972208762,-0.028355479392437766,-0.0015514470375792566
2018-08-19,0.0022735265985485142,-0.08949411667016716,0.0067102028294518945
2018-08-26,0.0018901445711350107,0.012286545730302967,0.008594444120212152
2018-09-02,-0.0023898908237383054,-0.021108420760883373,0.009738557645208923
2018-09-09,-0.0029313873077103647,-0.03611858986088701,-0.009334766489001556
2018-09-16,-0.0017743352659236322,0.0055929906874852,0.011404743403376383
2018-09-23,-0.0020314317759169143,0.04449394794729766,0.008360270307757878
2018-09-30,0.0012724074615744208,-0.01384456179760385,-0.004349658174832682
2018-10-07,-0.009514066619379702,0.007019299603518769,-0.009975145711083044
2018-10-14,0.003343353592363929,0.058981300805215575,-0.04124101901838717
2018-10-21,-0.002435036228063736,0.013164602634954337,0.0010870115358709853
2018-10-28,0.004367499986194234,-0.04747621983327033,-0.039529330336866786
2018-11-04,-0.006220574389241618,0.029905407134160455,0.024723987249320123
2018-11-11,0.002322419760441452,-0.030055816146410397,0.02158984247717899
2018-11-18,0.004119621369304882,0.01785698274166081,-0.014508927375981195
2018-11-25,0.0002562825506875477,-0.0010320192309186682,-0.03828595919837241
2018-12-02,0.0015375211549302215,-0.01394623785426985,0.047103300116682734
2018-12-09,0.007851840519311981,0.05814580598270869,-0.04382351819529984
2018-12-16,0.0017823671748249392,-0.003960600215922483,-0.01176152830823829
2018-12-23,0.003811553490938424,0.02127980078025593,-0.0705051076674248
2018-12-30,0.002639168720327989,0.007827654369208847,0.029289745834256697
2019-01-06,0.005442754791017412,0.0339806103019058,0.018728419118941853
2019-01-13,-0.0013848229973425497,-0.01032857966412093,0.02611042487191284
2019-01-20,-0.0022692164587896357,-0.03652758832730674,0.028882670093377527
2019-01-27,0.0037905213786204595,0.04283620947625044,-0.0025518488647328086
2019-02-03,0.005254619863846344,0.0656279192309206,0.016103205140768795
2019-02-10,0.003137531267402016,-0.010190620125538619,0.0015182810420231174
2019-02-17,0.00012557309365868186,0.004028657692431548,0.02551131039561949
2019-02-24,0.0007507880878789841,0.028087270982080526,0.006381453746753474
2019-03-03,-0.005208156529462049,-0.05897644899754928,0.004585287285408635
2019-03-10,0.00793550358832218,0.030875565896443247,-0.02125406464641022
2019-03-17,0.0023743359458245905,-0.003129237872450452,0.029472822423339595
2019-03-24,0.008976795263762272,0.021524744752531078,-0.007322620072870323
2019-03-31,0.003088908430382009,-0.01580337260466924,0.01156658083986839
2019-04-07,-0.0030871378392922644,0.00044601156938872677,0.021559016762976002
2019-04-14,-0.001734192727304018,-0.00980823639244599,0.005509990166765899
2019-04-21,-0.0001244615252002923,-0.039171514458637535,-0.0004826524231575924
2019-04-28,0.005336531607700534,-0.0018745225219827244,0.011688987897964465
2019-05-05,-0.0009268442454088976,-0.04741772376541331,0.0021130838902556626
2019-05-12,0.002849160005455431,-0.0004929313195818352,-0.02016818056926062
2019-05-19,0.002963913773144533,0.023175552656319542,-0.007844213328166427
2019-05-26,0.003694229866660459,-0.00867471893386862,-0.010705110248921623
2019-06-02,0.008956216758672975,0.04958673110510592,-0.026558167117462395
2019-06-09,0.003570786306710705,0.060213030441923054,0.04497417328233366
2019-06-16,0.0007289622358854775,0.019222433661524985,0.005597229698339978
2019-06-23,0.00448958805827071,0.08058289193019252,0.021329928267143528
2019-06-30,0.003624756976057908,0.013883430475264413,-0.003401478459684415
2019-07-07,-0.0010372982825304078,-0.0066510501810398415,0.018634787025131105
2019-07-14,-0.003020128022947488,0.032296160228148185,0.007337694090764124
2019-07-21,0.003876760967790993,0.06753153676718093,-0.011574968365984373
2019-07-28,0.00012090616889470773,-0.025017888791944443,0.016287076474320372
2019-08-04,0.00970877925415703,0.017961927358103535,-0.031091656049080596
2019-08-11,0.005869642624132698,0.05725599609193721,-0.0034174087095070194
2019-08-18,0.010241816730665931,-0.03678475931553071,-0.009498716505849769
2019-08-25,0.0007073381135540568,0.04809055061786749,-0.013848048444270233
2019-09-01,0.0024739334899910315,0.00742242699308493,0.026680768620500617
2019-09-08,-0.0012013220261930524,-0.0462156684805165,0.01914861398132972
2019-09-15,-0.017804347081295746,-0.06460682827727282,0.010199827468214018
2019-09-22,0.01068437477539419,0.07695209496410649,-0.004757931038659624
2019-09-29,0.0021380959120564924,-0.04322055438911698,-0.009655568259885228
2019-10-06,0.008930334852820243,0.015300482811903438,-0.00355446531762893
2019-10-13,-0.01000693505152106,-0.032292860479888774,0.0065567232042680335
2019-10-20,0.0005944939309552311,0.0055617234779359315,0.005704342179136956
2019-10-27,-0.0016636535930220075,0.02286135296616787,0.012182121459413553
2019-11-03,0.005176633391861696,0.009733259946700157,0.015053272543771978
2019-11-10,-0.010207916761254099,-0.0635488400342521,0.009146045783590795
2019-11-17,0.00551611955041631,0.0194434834430246,0.009225250594355083
2019-11-24,0.004173977681712904,0.0007479864102726275,-0.002662156552644457
2019-12-01,0.0010695799269888617,0.011958090910339836,0.010773051080291474
2019-12-08,-0.001664771860677039,-0.004062015137843766,0.0017818887339957623
2019-12-15,0.0026196681885728434,0.027808543310408496,0.0077809059290263605
2019-12-22,-0.0029691579911823585,-0.02128417128414961,0.01571551599360932
2019-12-29,0.002710399372347405,0.07168062828150479,0.0066408668294761775
2020-01-05,0.0034531962229134017,0.01039127511931448,-0.0013935389305265167
2020-01-12,-0.0007120806466547336,-0.024682876083841676,0.010235380436098396
2020-01-19,0.0016624426265074987,-0.0010544749778708118,0.019158202474933717
2020-01-26,0.006639029221451542,0.02814913151669618,-0.009579859906986177
2020-02-02,0.007183763792473652,-0.007871249750236231,-0.021413226862869283
2020-02-09,-0.0016050438911947573,-0.03656440053585219,0.0325429229491232
2020-02-16,0.0007042591735979542,0.013605547513049654,0.01625531186898277
2020-02-23,0.006333969026243391,0.08265620627913361,-0.012203776526833465
2020-03-01,0.01118837831265318,-0.14453506301951125,-0.11161109373358769
2020-03-08,0.015856779642327234,0.12166287979383683,0.00405070137688579
2020-03-15,-0.04820349967717408,-0.35396125909656273,-0.09460088077983297
2020-03-22,-0.018514332997120242,0.08157892923348342,-0.14545759287057514
2020-03-29,0.04734114211859741,0.18588821653511456,0.10760504379810376
2020-04-05,0.001066800171979132,0.0237996311028279,-0.020637620100944054
2020-04-12,0.017682277268593394,0.16032071139433324,0.12091545848796592
2020-04-19,0.0009144860760796902,0.034196883522384036,0.0303378045442102
2020-04-26,0.00011435939521775573,0.13326649814303737,-0.012803439995292543
2020-05-03,-0.0010972160344809856,-0.018862207807151532,-0.0006361739091413909
2020-05-10,-0.004009628842246649,0.04716120856094386,0.034124211349178646
2020-05-17,0.00460043447232894,0.049053390662828544,-0.021064129783916807
2020-05-24,0.0034348318220658314,-0.027891755996066747,0.031996599407136506
2020-05-31,0.003080090524382628,-0.03459916308782707,0.030057037942952558
2020-06-07,-0.004797512484159272,-0.0541958126845844,0.04935573635256585
2020-06-14,0.005153022848646049,0.005545313054444279,-0.047378940651309764
2020-06-21,0.0025060679134576436,0.027879869243235156,0.019027059617803932
2020-06-28,0.0021592137985777526,0.0488822367587769,-0.027832045947644324
2020-07-05,0.003541187463725004,0.027848798323348856,0.04059346756670079
2020-07-12,0.0022636504836017757,0.061653434768500937,0.01716661005438258
2020-07-19,0.0035014562771822355,0.023697939511317268,0.013004300521629597
2020-07-26,0.0036016609674134337,0.06410582374370599,-0.002610837027801738
2020-08-02,0.0032524956569779384,0.026535811161190415,0.017576702943949973
2020-08-09,0.0008842601870056033,-0.004657571561444307,0.024653925953157962
2020-08-16,-0.011523877562235496,-0.05591956607388138,0.006784621359519738
2020-08-23,0.004754187676860866,0.013382816722139035,0.007837771261808735
2020-08-30,-0.006420969837847568,0.026167833625372117,0.03269696241867459
2020-09-06,0.0020727558464022078,-0.026215407402700452,-0.02284775539307604
2020-09-13,0.0020407739843506523,0.007342195381576433,-0.02484186390072085
2020-09-20,-0.0007920744855051121,0.004859088177985971,-0.006245464700858294
2020-09-27,-0.0013583897216781216,-0.07108320628877285,-0.005806757615256619
2020-10-04,0.0003406151674814062,0.014315543621460813,0.015544754648882941
2020-10-11,-0.0018162117432678482,0.04644586059114819,0.038970834833912615
2020-10-18,0.0014784904090623385,-0.023295621329593508,0.0012686256625606962
2020-10-25,-0.004201414057669273,-0.025357842979529588,-0.004348222186920436
2020-11-01,-0.0013682089560569377,-0.03426064710785315,-0.055642177389356395
2020-11-08,0.006760153037993488,0.10482782502604304,0.07233412697253416
2020-11-15,-0.002272827580157566,-0.08232728582465176,0.02267534571502261
2020-11-22,0.006376911912035821,-0.05551163812950244,-0.007735271709499281
2020-11-29,-0.00011325224509439735,-0.04651817948920289,0.023471105945403803
2020-12-06,-0.0040486042637249975,0.0315511892390945,0.01699343707830847
2020-12-13,0.00364180704918593,-0.006513620317524227,-0.0095985978376395
2020-12-20,-0.0010205531418312486,0.042759364058911675,0.012158650501083557
2020-12-27,0.0022835235039007085,-0.009892903438680656,-0.0004875811745466141
2021-01-03,0.002045166408956689,-0.0002776003672124716,0.013224829567959562
2021-01-10,-0.010431942328047117,0.0138812425923458,0.019739104726417933
2021-01-17,0.0009163814041066587,-0.055038426902852544,-0.01458328644536433
2021-01-24,0.0003437459119286501,0.020863566573824377,0.019111097926309828
2021-01-31,0.0005719710091296459,-0.020437174228722488,-0.03345705692980738
2021-02-07,-0.0037918344351254296,0.002897816069657333,0.0476665863828698
2021-02-14,-0.0013799777152813109,0.004911802193130033,0.012715828034357113
2021-02-21,-0.006678814257032206,-0.05865426944049856,-0.0066473013512899914
2021-02-28,-0.003709584041068692,-0.04917539879198862,-0.024793046260171314
2021-03-07,-0.008285961957090193,0.020880239173983073,0.008597243181542646
2021-03-14,-0.005287751786967165,0.04090634409943661,0.027187601415785023
2021-03-21,-0.0025986128578413537,0.024486011049122514,-0.0083854491084554
2021-03-28,0.004145341094013988,-0.03304816178782821,0.016688993313998424
2021-04-04,0.0025078128528934762,0.02532808202154424,0.011692307790400758
2021-04-11,0.0017687393499685733,0.033630900497005234,0.02715873344745856
2021-04-18,0.003178432208138293,0.03743160772617049,0.014022257615075029
2021-04-25,0.002698536940652252,0.0008326915513741096,-0.0012462520540807986
2021-05-02,-0.0022231856938798034,-0.047143604123149774,0.0013436816179615008
2021-05-09,0.0027132490566548206,0.08905686126636758,0.01155045623719797
2021-05-16,-0.0035142473117012463,0.011224014378315994,-0.013124181603103136
2021-05-23,0.00047007999497372666,0.03831937576635358,-0.0039368333889533424
2021-05-30,0.0018801931113432424,0.003308568130594658,0.012290942999285903
2021-06-06,0.003101311003164131,-0.01877213670570077,0.006094597713723893
2021-06-13,0.005035612733346184,-0.010341329910067865,0.0040463187065580275
2021-06-20,0.0011653031979403927,-0.1084116144850179,-0.018930762293481562
2021-06-27,-0.004189834539975346,0.006738974962483546,0.0281739922068871
2021-07-04,0.005519348572981864,0.0017460958388353376,0.016666315187314762
2021-07-11,0.0034919550530227994,-0.0014526964847106916,0.004150133270475642
2021-07-18,0.0013923868949763385,-0.013092714730593147,-0.009597564343038378
2021-07-25,0.002432800994870865,-0.022700455917502027,0.019937875275495953
2021-08-01,0.002658060778405913,0.05339366892974762,-0.0032505849100814554
2021-08-08,-0.004433184564819781,-0.04811003399905345,0.009076241056147571
2021-08-15,0.0013918816625628772,-0.012635338550767372,0.0077515836333654775
2021-08-22,0.0016209246023313195,-0.06002436086991969,-0.005740998447823942
2021-08-29,-0.00034683180491179577,0.05705024889734012,0.015540433969970957
2021-09-05,-0.000636928158950556,0.020545777687724476,0.0062854431679331135
2021-09-12,-0.00011606433264255145,-0.05348552425038677,-0.01686236860207968
2021-09-19,-0.00011579966343000514,-0.029206316706703594,-0.005895062853081612
2021-09-26,-0.0038254477209210824,-0.029431032859314032,0.005686429234726509
2021-10-03,-0.0022062921818528647,-0.011792480902033775,-0.021783731531525796
2021-10-10,-0.00794278848930019,0.04568699690254574,0.008336423317895969
2021-10-17,0.004121202683676106,0.060319593805594485,0.018293603415422854
2021-10-24,-0.0038698884396307642,0.014452657850757777,0.016260246650298793
2021-10-31,0.0050618500294254964,-0.03879968806098655,0.01352849090010988
2021-11-07,0.006968099768933422,0.03279724318187727,0.0202068003180913
2021-11-14,-0.007689015079665684,0.061679369385444494,-0.0026891874346642863
2021-11-21,0.0005873111400116482,-0.03163659290580734,0.003466945575584468
2021-11-28,0.00046918019391606336,-0.04603490302416524,-0.021156392244726985
2021-12-05,0.0063989918712323846,-0.044520525850989645,-0.012092289094777109
2021-12-12,-0.007119666405941749,-0.006516823643785474,0.03819855102791925
2021-12-19,0.0035266830986298014,0.02099048547921134,-0.01965923154909166
2021-12-26,-0.0031559129351491633,0.023042963753030277,0.02333284977888428
2022-01-02,-0.0009432602265340151,0.023322664125440706,0.00926471123321182
2022-01-09,-0.014041094671835674,-0.06306579247841138,-0.01867524261631548
2022-01-16,-0.002991788678783691,0.031989296290290126,-0.002939301716733511
2022-01-23,0.0009599937511817203,0.021956718368019823,-0.05754014893404147
2022-01-30,-0.003957246925527569,-0.07424961115462259,0.009064375443528672
2022-02-06,-0.010044446652551775,0.037542642911553736,0.015273221928456149
2022-02-13,-0.004385142862657898,0.06677637915236478,-0.018364158928930507
2022-02-20,-0.002446899033861638,0.0638297541477919,-0.014144217385937519
2022-02-27,-0.002576022246166265,-0.0031884153791454928,0.008106231344679804
2022-03-06,0.008228045482130408,0.08752556375626197,-0.012746929920580241
2022-03-13,-0.01820146595433958,0.023796775691182548,-0.027998296280223878
2022-03-20,-0.002364113427445802,-0.027944659390460647,0.06149198384875687
2022-03-27,-0.018209420320381198,0.04030085221797952,0.01837943837253042
2022-04-03,0.008226465086937251,0.01988642340733393,0.0005080291729715469
2022-04-10,-0.019704233674911364,0.004558057968673923,-0.011812162753912281
2022-04-17,-0.0070867459428419766,0.029997533779495544,-0.02185135239719982
2022-04-24,-0.00986256366651983,-0.09593737129654467,-0.02683940528370754
2022-05-01,-0.001441601240480317,-0.05278830029975534,-0.032954673322663885
2022-05-08,-0.010506466382134927,-0.0214347190429367,-0.0016019518590331128
2022-05-15,0.00916937449015709,-0.09813086229835122,-0.02338688833932323
2022-05-22,0.005004033386358131,0.03821248213865891,-0.030095649551667658
2022-05-29,0.010482266182235689,0.014036124923096915,0.0657803964991035
2022-06-05,-0.010668365222618381,0.001538041789226119,-0.011366421221600365
2022-06-12,-0.01628354982108693,0.0003071478840810382,-0.05051877936142468
2022-06-19,-0.007609522249478751,-0.06693279564417465,-0.05736176951262073
2022-06-26,0.006591645260403123,-0.024021038641219516,0.06620017029680536
2022-07-03,0.013766955923239843,-0.050573217717576724,-0.02266186893052391
2022-07-10,-0.010434469041289529,-0.039062480627801155,0.01948900368312012
2022-07-17,0.009076299577258862,-0.05432370614237858,-0.009108069023292531
2022-07-24,0.011640436864278625,-0.007033984237678204,0.0258613677673738
2022-07-31,0.005491520020121765,0.0338449118437536,0.04277511236786391
2022-08-07,-0.009733425203847013,0.0003806903460590316,0.003592363483525096
2022-08-14,0.003947544776117029,0.03576861772243678,0.03296492846129229
2022-08-21,-0.010615989905091938,-0.07237323281267816,-0.01161314235581723
2022-08-28,-0.003973901996306206,-0.013861406521752273,-0.03986839504703377
2022-09-04,-0.010698983749615532,-0.044578241738108426,-0.03224688708217538
2022-09-11,-0.005388819817198853,0.05506512193051849,0.03661023746822023
2022-09-18,-0.009074757029521097,-0.04382475353362425,-0.047850945993240246
2022-09-25,-0.015855786120964832,-0.06499993130474913,-0.045673808547745054
2022-10-02,-0.009305515464700598,0.07486627872904772,-0.029270330391368615
2022-10-09,-0.003428144676753009,0.011193968038555768,0.015706380672827258
2022-10-16,-0.011419817982396552,-0.06847071137842686,-0.014223056321085892
2022-10-23,-0.008841888890569027,0.0713028564306184,0.04658446116500459
2022-10-30,0.015395684389367448,0.015612193726227241,0.03935440770571197
2022-11-06,-0.0071938058898664,0.009304263460208295,-0.032568949680612636
2022-11-13,0.022746715306699805,0.13426845029745538,0.058881387663345164
2022-11-20,0.0036368257355876565,-0.03286214017196365,-0.006223228560253702
2022-11-27,0.011289167195320804,0.03909386585651475,0.01590781849916545
2022-12-04,0.015257123004692064,0.05203938786786999,0.011383792517916769
2022-12-11,-0.004625835457854444,-0.028409104905878002,-0.03349635774165027
2022-12-18,0.0072445658596027585,-0.016167858446333838,-0.02097749407674787
2022-12-25,-0.01341489498495041,0.026525397359769443,-0.0009392744770532202
2023-01-01,-0.009513403561986378,-0.007274020980834406,-0.0012536504579694352
2023-01-08,0.021018991862600922,0.10118630962910258,0.014773968009956784
2023-01-15,0.008452666566042266,0.034537454955054336,0.0268501691535461
2023-01-22,0.0013518588373009344,-0.007044512899985311,-0.006574637127236382
2023-01-29,0.00027009037575176364,-0.0033928686572123334,0.024754932990551426
2023-02-05,-5.8308721061939295e-05,-0.061590888080612305,0.016441622338298822
2023-02-12,-0.014071195546876747,-0.02308703372811427,-0.010452326940775247
2023-02-19,-0.004528676743677296,-0.040850808829774654,-0.001911529498644593
2023-02-26,-0.008408915079061385,-0.04998240351709449,-0.026715196602411284
2023-03-05,0.0015839416599205958,0.06076322354783392,0.019703271451600335
2023-03-12,0.010990508377615837,-0.04994755290760755,-0.04522616123527534
2023-03-19,0.014448825565006818,0.12426467154265364,0.014429199732288067
2023-03-26,0.0061042007291589595,0.031720056107735095,0.01476967534612661
2023-04-02,-0.004584115257755039,0.025356553293377493,0.03446617106080341
2023-04-09,0.01076765563709392,0.06429681388450814,-0.0004885058223773608
2023-04-16,-0.010209527294972487,0.019169324471742577,0.007991336891958856
2023-04-23,-0.0027144692017083694,-0.042177245249375606,-0.0006302787797232146
2023-04-30,0.008165468186602354,-0.0008925551547783739,0.009048907916432647
2023-05-07,-0.0013532267313177693,0.054198915889905885,-0.007933938563140619
2023-05-14,-0.0017615473936050119,-0.050847541643237903,-0.0025204474107790587
2023-05-21,-0.01357399605203391,-0.04285710393165876,0.017080065383311194
2023-05-28,-0.004816301093001241,-0.05441542314375414,0.003344290968607
2023-06-04,0.007002918589639862,0.03288391992823714,0.01880868964232718
2023-06-11,-0.001238921596985354,-0.01050620583601325,0.004626995382811305
2023-06-18,0.0024811277101819407,0.009974242815423251,0.026034944921665915
2023-06-25,0.0010998306084184506,-0.05097159940209273,-0.01422200000347218
2023-07-02,-0.001648038515861927,0.010741849110096124,0.023245094810475875
2023-07-09,-0.002841161689048022,0.01926270049648071,0.0011505363811348257
