Date,CorporateBonds,Gold,SP500
2003-07-27 00:00:00+00:00,0.0,0.0,0.0
2003-08-03 00:00:00+00:00,0.0,0.0,-1.1720046997070312
2003-08-10 00:00:00+00:00,0.0,0.0,-0.15671539306640625
2003-08-17 00:00:00+00:00,0.0,0.0,0.9130401611328125
2003-08-24 00:00:00+00:00,0.0,0.0,0.10222625732421875
2003-08-31 00:00:00+00:00,0.0,0.0,1.137939453125
2003-09-07 00:00:00+00:00,0.0,0.0,0.9471511840820312
2003-09-14 00:00:00+00:00,0.0,0.0,-0.25894927978515625
2003-09-21 00:00:00+00:00,0.0,0.0,1.1024627685546875
2003-09-28 00:00:00+00:00,0.0,0.0,-2.5445098876953125
2003-10-05 00:00:00+00:00,0.0,0.0,2.352996826171875
2003-10-12 00:00:00+00:00,0.0,0.0,0.8071517944335938
2003-10-19 00:00:00+00:00,0.0,0.0,-0.21204376220703125
2003-10-26 00:00:00+00:00,0.0,0.0,-0.46512603759765625
2003-11-02 00:00:00+00:00,0.0,0.0,1.1765060424804688
2003-11-09 00:00:00+00:00,0.0,0.0,0.2120361328125
2003-11-16 00:00:00+00:00,0.0,0.0,-0.1026153564453125
2003-11-23 00:00:00+00:00,0.0,0.0,-0.8550186157226562
2003-11-30 00:00:00+00:00,0.0,0.0,1.5321884155273438
2003-12-07 00:00:00+00:00,0.0,0.0,0.27359771728515625
2003-12-14 00:00:00+00:00,0.0,0.0,0.8823776245117188
2003-12-21 00:00:00+00:00,0.0,0.0,0.8718109130859375
2003-12-28 00:00:00+00:00,0.0,0.0,0.5498123168945312
2004-01-04 00:00:00+00:00,0.0,0.0,1.05145263671875
2004-01-11 00:00:00+00:00,0.0,0.0,0.7972412109375
2004-01-18 00:00:00+00:00,0.0,0.0,1.264495849609375
2004-01-25 00:00:00+00:00,0.0,0.0,0.1374969482421875
2004-02-01 00:00:00+00:00,0.0,0.0,-0.652923583984375
2004-02-08 00:00:00+00:00,0.0,0.0,0.6666259765625
2004-02-15 00:00:00+00:00,0.0,0.0,0.46734619140625
2004-02-22 00:00:00+00:00,0.0,0.0,-0.1717987060546875
2004-02-29 00:00:00+00:00,0.0,0.0,0.09619140625
2004-03-07 00:00:00+00:00,0.0,0.0,0.9346694946289062
2004-03-14 00:00:00+00:00,0.0,0.0,-2.6115493774414062
2004-03-21 00:00:00+00:00,0.0,0.0,-0.77703857421875
2004-03-28 00:00:00+00:00,0.0,0.0,-0.02066802978515625
2004-04-04 00:00:00+00:00,0.0,0.0,2.4896011352539062
2004-04-11 00:00:00+00:00,0.0,0.0,-0.186187744140625
2004-04-18 00:00:00+00:00,0.0,0.0,-0.37241363525390625
2004-04-25 00:00:00+00:00,0.0,0.0,0.3655242919921875
2004-05-02 00:00:00+00:00,0.0,0.0,-2.3448028564453125
2004-05-09 00:00:00+00:00,0.0,0.0,-0.6896438598632812
2004-05-16 00:00:00+00:00,0.0,0.0,0.05516815185546875
2004-05-23 00:00:00+00:00,0.0,0.0,-0.1586456298828125
2004-05-30 00:00:00+00:00,0.0,0.0,2.1034622192382812
2004-06-06 00:00:00+00:00,0.0,0.0,0.082733154296875
2004-06-13 00:00:00+00:00,0.0,0.0,0.9448165893554688
2004-06-20 00:00:00+00:00,0.0,0.0,-0.21047210693359375
2004-06-27 00:00:00+00:00,0.0,0.0,0.1453399658203125
2004-07-04 00:00:00+00:00,0.0,0.0,-0.664459228515625
2004-07-11 00:00:00+00:00,0.0,0.0,-0.7960205078125
2004-07-18 00:00:00+00:00,0.0,0.0,-0.7060012817382812
2004-07-25 00:00:00+00:00,0.0,0.0,-1.211273193359375
2004-08-01 00:00:00+00:00,0.0,0.0,1.3012466430664062
2004-08-08 00:00:00+00:00,0.0,0.0,-2.7617645263671875
2004-08-15 00:00:00+00:00,0.0,0.0,0.23537445068359375
2004-08-22 00:00:00+00:00,0.0,0.0,2.2772216796875
2004-08-29 00:00:00+00:00,0.0,0.0,0.6714096069335938
2004-09-05 00:00:00+00:00,0.0,0.0,0.46373748779296875
2004-09-12 00:00:00+00:00,0.0,0.0,0.650665283203125
2004-09-19 00:00:00+00:00,0.0,0.0,0.3882598876953125
2004-09-26 00:00:00+00:00,0.0,0.0,-1.1746139526367188
2004-10-03 00:00:00+00:00,0.0,0.0,1.522186279296875
2004-10-10 00:00:00+00:00,0.0,0.0,-0.792388916015625
2004-10-17 00:00:00+00:00,0.0,0.0,-0.868804931640625
2004-10-24 00:00:00+00:00,0.0,0.0,-0.8827056884765625
2004-10-31 00:00:00+00:00,0.0,0.0,2.2311019897460938
2004-11-07 00:00:00+00:00,0.0,0.0,2.8358078002929688
2004-11-14 00:00:00+00:00,0.0,0.0,1.049530029296875
2004-11-21 00:00:00+00:00,0.0,0.0,-0.7103729248046875
2004-11-28 00:00:00+00:00,0.0,0.0,0.648345947265625
2004-12-05 00:00:00+00:00,0.0,0.0,0.6273956298828125
2004-12-12 00:00:00+00:00,0.0,0.0,0.05574798583984375
2004-12-19 00:00:00+00:00,0.0,0.0,0.47003936767578125
2004-12-26 00:00:00+00:00,0.0,0.0,0.9314956665039062
2005-01-02 00:00:00+00:00,0.0,0.0,0.07007598876953125
2005-01-09 00:00:00+00:00,0.0,0.0,-1.7020034790039062
2005-01-16 00:00:00+00:00,0.0,0.0,-0.1400604248046875
2005-01-23 00:00:00+00:00,0.0,0.0,-1.0226287841796875
2005-01-30 00:00:00+00:00,0.0,0.0,0.45529937744140625
2005-02-06 00:00:00+00:00,0.0,0.0,1.9611053466796875
2005-02-13 00:00:00+00:00,0.0,0.0,0.37821197509765625
2005-02-20 00:00:00+00:00,0.0,0.0,-0.266143798828125
2005-02-27 00:00:00+00:00,0.0,0.0,0.728424072265625
2005-03-06 00:00:00+00:00,0.0,0.0,0.9105300903320312
2005-03-13 00:00:00+00:00,0.0,0.0,-1.6389541625976562
2005-03-20 00:00:00+00:00,0.0,0.0,-0.969635009765625
2005-03-27 00:00:00+00:00,0.0,0.0,-0.9843978881835938
2005-04-03 00:00:00+00:00,0.0,0.0,0.20391845703125
2005-04-10 00:00:00+00:00,0.0,0.0,0.40074920654296875
2005-04-17 00:00:00+00:00,0.0,0.0,-2.7070999145507812
2005-04-24 00:00:00+00:00,0.0,0.0,0.9984664916992188
2005-05-01 00:00:00+00:00,0.0,0.0,0.126556396484375
2005-05-08 00:00:00+00:00,0.0,0.0,0.9422225952148438
2005-05-15 00:00:00+00:00,0.0,0.0,-0.963287353515625
2005-05-22 00:00:00+00:00,0.0,0.0,2.3907012939453125
2005-05-29 00:00:00+00:00,0.0,0.0,0.794586181640625
2005-06-05 00:00:00+00:00,0.0,0.0,-0.070343017578125
2005-06-12 00:00:00+00:00,0.0,0.0,0.0351409912109375
2005-06-19 00:00:00+00:00,0.0,0.0,1.1601333618164062
2005-06-26 00:00:00+00:00,0.0,0.0,-1.6802749633789062
2005-07-03 00:00:00+00:00,0.0,0.0,0.38824462890625
2005-07-10 00:00:00+00:00,0.0,0.0,1.263763427734375
2005-07-17 00:00:00+00:00,0.0,0.0,1.0731124877929688
2005-07-24 00:00:00+00:00,0.0,0.0,0.494171142578125
2005-07-31 00:00:00+00:00,0.0,0.0,0.141204833984375
2005-08-07 00:00:00+00:00,0.0,0.0,-0.6071548461914062
2005-08-14 00:00:00+00:00,0.0,0.0,0.1270904541015625
2005-08-21 00:00:00+00:00,0.0,0.0,-0.416534423828125
2005-08-28 00:00:00+00:00,0.0,0.0,-1.2072296142578125
2005-09-04 00:00:00+00:00,0.0,0.0,1.0660400390625
2005-09-11 00:00:00+00:00,0.0,0.0,1.6449356079101562
2005-09-18 00:00:00+00:00,0.0,0.0,-0.40544891357421875
2005-09-25 00:00:00+00:00,0.0,0.0,-1.460479736328125
2005-10-02 00:00:00+00:00,0.0,0.0,1.134368896484375
2005-10-09 00:00:00+00:00,0.0,0.0,-2.4318695068359375
2005-10-16 00:00:00+00:00,0.0,0.0,-0.6664962768554688
2005-10-23 00:00:00+00:00,0.0,0.0,-0.3828277587890625
2005-10-30 00:00:00+00:00,0.0,0.0,1.184051513671875
2005-11-06 00:00:00+00:00,0.0,0.0,1.63775634765625
2005-11-13 00:00:00+00:00,0.0,0.0,1.1698455810546875
2005-11-20 00:00:00+00:00,0.0,0.0,0.9713287353515625
2005-11-27 00:00:00+00:00,0.0,0.0,1.4179763793945312
2005-12-04 00:00:00+00:00,0.0,0.0,-0.19847869873046875
2005-12-11 00:00:00+00:00,0.0,0.0,-0.368682861328125
2005-12-18 00:00:00+00:00,0.0,0.0,0.49617767333984375
2005-12-25 00:00:00+00:00,0.0,0.0,0.2850799560546875
2006-01-01 00:00:00+00:00,0.0,0.0,-1.6036758422851562
2006-01-08 00:00:00+00:00,0.0,0.0,2.8011322021484375
2006-01-15 00:00:00+00:00,0.0,0.0,0.17105865478515625
2006-01-22 00:00:00+00:00,0.0,0.0,-1.9315567016601562
2006-01-29 00:00:00+00:00,0.0,0.0,1.8317718505859375
2006-02-05 00:00:00+00:00,0.0,0.0,-1.6179733276367188
2006-02-12 00:00:00+00:00,0.0,0.0,0.26372528076171875
2006-02-19 00:00:00+00:00,0.0,0.0,1.546661376953125
2006-02-26 00:00:00+00:00,0.0,0.0,0.427642822265625
2006-03-05 00:00:00+00:00,0.0,0.0,-0.46327972412109375
2006-03-12 00:00:00+00:00,0.0,0.0,-0.12115478515625
2006-03-19 00:00:00+00:00,0.0,0.0,1.817138671875
2006-03-26 00:00:00+00:00,0.0,0.0,-0.293365478515625
2006-04-02 00:00:00+00:00,0.0,0.0,-0.2719573974609375
2006-04-09 00:00:00+00:00,0.0,0.0,-0.2075347900390625
2006-04-16 00:00:00+00:00,0.0,0.0,-0.5939407348632812
2006-04-23 00:00:00+00:00,0.0,0.0,1.7460708618164062
2006-04-30 00:00:00+00:00,0.0,0.0,0.22895050048828125
2006-05-07 00:00:00+00:00,0.0,0.0,0.7513885498046875
2006-05-14 00:00:00+00:00,0.0,0.0,-2.34710693359375
2006-05-21 00:00:00+00:00,0.0,0.0,-1.5313873291015625
2006-05-28 00:00:00+00:00,0.0,0.0,0.915985107421875
2006-06-04 00:00:00+00:00,0.0,0.5098419189453125,0.44362640380859375
2006-06-11 00:00:00+00:00,0.0,-3.5688552856445312,-2.6118927001953125
2006-06-18 00:00:00+00:00,0.0,-0.43951416015625,-0.1066741943359375
2006-06-25 00:00:00+00:00,0.0,1.5031394958496094,-0.1509246826171875
2006-07-02 00:00:00+00:00,0.0,2.127246856689453,2.0412750244140625
2006-07-09 00:00:00+00:00,0.0,0.29007720947265625,-0.4815673828125
2006-07-16 00:00:00+00:00,0.0,-0.052738189697265625,-2.2209548950195312
2006-07-23 00:00:00+00:00,0.0,-2.7777366638183594,0.3090667724609375
2006-07-30 00:00:00+00:00,0.0,2.6107215881347656,2.8965911865234375
2006-08-06 00:00:00+00:00,0.0,0.7120094299316406,0.158111572265625
2006-08-13 00:00:00+00:00,0.0,-0.7911186218261719,-0.8553314208984375
2006-08-20 00:00:00+00:00,0.0,-0.27249908447265625,2.6450576782226562
2006-08-27 00:00:00+00:00,0.0,1.4064369201660156,-0.6325454711914062
2006-09-03 00:00:00+00:00,0.0,0.7999153137207031,1.1571884155273438
2006-09-10 00:00:00+00:00,0.0,-1.4503898620605469,-0.8193817138671875
2006-09-17 00:00:00+00:00,0.0,-3.5249080657958984,1.6246719360351562
2006-09-24 00:00:00+00:00,0.0,-0.3340339660644531,-0.3537750244140625
2006-10-01 00:00:00+00:00,0.0,0.7032260894775391,1.523284912109375
2006-10-08 00:00:00+00:00,0.0,-1.1251583099365234,1.0322952270507812
2006-10-15 00:00:00+00:00,0.0,1.2482185363769531,1.1695709228515625
2006-10-22 00:00:00+00:00,0.0,-0.043941497802734375,0.15154266357421875
2006-10-29 00:00:00+00:00,0.0,0.9669284820556641,0.7724761962890625
2006-11-05 00:00:00+00:00,0.0,1.722900390625,-0.9890365600585938
2006-11-12 00:00:00+00:00,0.0,0.18459701538085938,1.2272720336914062
2006-11-19 00:00:00+00:00,0.0,-1.4591903686523438,1.5737457275390625
2006-11-26 00:00:00+00:00,0.0,2.2415199279785156,-0.05051422119140625
2006-12-03 00:00:00+00:00,0.0,1.4416084289550781,-0.0938720703125
2006-12-10 00:00:00+00:00,0.0,-0.9141883850097656,0.866302490234375
2006-12-17 00:00:00+00:00,0.0,-0.6504898071289062,1.2367095947265625
2006-12-24 00:00:00+00:00,0.0,-0.8417015075683594,-1.1542510986328125
2006-12-31 00:00:00+00:00,0.0,1.075531005859375,0.6315231323242188
2007-01-07 00:00:00+00:00,0.0,-2.380279541015625,-0.7839736938476562
2007-01-14 00:00:00+00:00,0.0,0.6082992553710938,1.9600372314453125
2007-01-21 00:00:00+00:00,0.0,-0.3261871337890625,-0.304901123046875
2007-01-28 00:00:00+00:00,0.0,1.4722404479980469,-0.5008926391601562
2007-02-04 00:00:00+00:00,0.0,0.10579681396484375,1.9455184936523438
2007-02-11 00:00:00+00:00,0.0,0.6964492797851562,-0.63153076171875
2007-02-18 00:00:00+00:00,0.0,0.7317008972167969,1.299346923828125
2007-02-25 00:00:00+00:00,0.0,0.7846260070800781,-0.31209564208984375
2007-03-04 00:00:00+00:00,0.0,-3.6585731506347656,-4.81298828125
2007-03-11 00:00:00+00:00,0.0,0.3085479736328125,1.5317153930664062
2007-03-18 00:00:00+00:00,0.0,0.290924072265625,-1.2344741821289062
2007-03-25 00:00:00+00:00,0.0,1.295928955078125,3.542083740234375
2007-04-01 00:00:00+00:00,0.0,-0.22920989990234375,-1.0130538940429688
2007-04-08 00:00:00+00:00,0.0,1.4105300903320312,1.632537841796875
2007-04-15 00:00:00+00:00,0.0,1.0402717590332031,0.787078857421875
2007-04-22 00:00:00+00:00,0.21364593505859375,-0.7757911682128906,2.4051132202148438
2007-04-29 00:00:00+00:00,-0.0121612548828125,-0.9961891174316406,0.663238525390625
2007-05-06 00:00:00+00:00,0.13856887817382812,0.32617950439453125,1.0130386352539062
2007-05-13 00:00:00+00:00,-0.03668975830078125,-0.8463211059570312,-0.0437469482421875
2007-05-20 00:00:00+00:00,-0.20795059204101562,-0.6523628234863281,1.282745361328125
2007-05-27 00:00:00+00:00,-0.04892730712890625,-0.6612014770507812,-0.6778030395507812
2007-06-03 00:00:00+00:00,-0.16060638427734375,1.5868568420410156,1.7418670654296875
2007-06-10 00:00:00+00:00,-0.3068656921386719,-1.5604057312011719,-2.2155990600585938
2007-06-17 00:00:00+00:00,0.0,0.7052688598632812,1.9603347778320312
2007-06-24 00:00:00+00:00,0.0368499755859375,-0.2644805908203125,-1.8445510864257812
2007-07-01 00:00:00+00:00,0.2332000732421875,-0.793426513671875,-0.08785247802734375
2007-07-08 00:00:00+00:00,-0.2567100524902344,2.3273887634277344,1.866546630859375
2007-07-15 00:00:00+00:00,0.18466567993164062,0.6876411437988281,1.3687362670898438
2007-07-22 00:00:00+00:00,0.25241851806640625,1.5251388549804688,-0.9881439208984375
2007-07-29 00:00:00+00:00,0.19085693359375,-3.543975830078125,-6.1411590576171875
2007-08-05 00:00:00+00:00,0.26190948486328125,0.4055328369140625,-0.9588775634765625
2007-08-12 00:00:00+00:00,-0.23491287231445312,0.32617950439453125,0.666107177734375
2007-08-19 00:00:00+00:00,0.29673004150390625,-4.081727981567383,0.0
2007-08-26 00:00:00+00:00,0.10506057739257812,1.6838245391845703,2.6496810913085938
2007-09-02 00:00:00+00:00,0.3028984069824219,0.45842742919921875,-0.5415802001953125
2007-09-09 00:00:00+00:00,0.3562278747558594,3.1031723022460938,-1.112640380859375
2007-09-16 00:00:00+00:00,-0.1613616943359375,0.8815803527832031,2.0714569091796875
2007-09-23 00:00:00+00:00,-0.043437957763671875,2.9180450439453125,2.7747955322265625
2007-09-30 00:00:00+00:00,0.13031005859375,-0.1146087646484375,0.44863128662109375
2007-10-07 00:00:00+00:00,-0.035511016845703125,0.21158599853515625,2.4048309326171875
2007-10-14 00:00:00+00:00,0.0,1.9394874572753906,0.35303497314453125
2007-10-21 00:00:00+00:00,0.5855293273925781,-0.8727760314941406,-4.897979736328125
2007-10-28 00:00:00+00:00,0.037384033203125,1.4105415344238281,2.90496826171875
2007-11-04 00:00:00+00:00,0.17251968383789062,2.0364532470703125,-1.7797698974609375
2007-11-11 00:00:00+00:00,-0.025020599365234375,-0.3526344299316406,-4.4567108154296875
2007-11-18 00:00:00+00:00,0.11257171630859375,-2.962116241455078,0.47805023193359375
2007-11-25 00:00:00+00:00,0.23132705688476562,1.6749992370605469,-1.2208251953125
2007-12-02 00:00:00+00:00,0.28137969970703125,-2.195140838623047,3.331512451171875
2007-12-09 00:00:00+00:00,-0.3032493591308594,0.035266876220703125,1.6547088623046875
2007-12-16 00:00:00+00:00,-0.21343231201171875,-1.8425064086914062,-2.750518798828125
2007-12-23 00:00:00+00:00,0.20086288452148438,0.6082839965820312,1.2841873168945312
2007-12-30 00:00:00+00:00,0.3092994689941406,2.1290206909179688,-0.6136398315429688
2008-01-06 00:00:00+00:00,0.5227851867675781,2.931304931640625,-4.4286041259765625
2008-01-13 00:00:00+00:00,0.13860702514648438,2.2589874267578125,-0.8576431274414062
2008-01-20 00:00:00+00:00,0.32122039794921875,-3.6574134826660156,-5.981193542480469
2008-01-27 00:00:00+00:00,0.23306655883789062,1.8645591735839844,0.7245712280273438
2008-02-03 00:00:00+00:00,-0.02459716796875,-1.1384658813476562,4.835243225097656
2008-02-10 00:00:00+00:00,-0.3034782409667969,-0.54681396484375,-4.813056945800781
2008-02-17 00:00:00+00:00,-0.39202880859375,-0.7081680297851562,1.5304183959960938
2008-02-24 00:00:00+00:00,-0.12644195556640625,2.8058090209960938,0.3548736572265625
2008-03-02 00:00:00+00:00,0.7018241882324219,2.0079917907714844,-1.330810546875
2008-03-09 00:00:00+00:00,-0.576934814453125,0.2958183288574219,-3.0386505126953125
2008-03-16 00:00:00+00:00,0.3110389709472656,2.662384033203125,-0.07393646240234375
2008-03-23 00:00:00+00:00,0.3807945251464844,-7.745113372802734,2.3095779418945312
2008-03-30 00:00:00+00:00,-0.08885955810546875,1.1653556823730469,-0.4235076904296875
2008-04-06 00:00:00+00:00,0.025440216064453125,-0.15239715576171875,3.9973297119140625
2008-04-13 00:00:00+00:00,0.16567230224609375,-0.6185302734375,-2.6079483032226562
2008-04-20 00:00:00+00:00,-0.5989265441894531,0.9681358337402344,3.7893142700195312
2008-04-27 00:00:00+00:00,-0.1273956298828125,-3.558807373046875,0.8321609497070312
2008-05-04 00:00:00+00:00,0.421295166015625,-1.9273033142089844,1.4191055297851562
2008-05-11 00:00:00+00:00,0.19831085205078125,2.4920578002929688,-1.9392318725585938
2008-05-18 00:00:00+00:00,-0.1087646484375,1.2191276550292969,2.7936782836914062
2008-05-25 00:00:00+00:00,0.11513900756835938,0.3854713439941406,-3.7298507690429688
2008-06-01 00:00:00+00:00,-0.5820198059082031,-1.550811767578125,2.013519287109375
2008-06-08 00:00:00+00:00,0.2195281982421875,0.6005935668945312,-3.0165481567382812
2008-06-15 00:00:00+00:00,-0.8858909606933594,-3.17333984375,-0.104034423828125
2008-06-22 00:00:00+00:00,0.34023284912109375,0.6185340881347656,-2.906463623046875
2008-06-29 00:00:00+00:00,0.18616104125976562,3.989093780517578,-3.024200439453125
2008-07-06 00:00:00+00:00,-0.003223419189453125,-1.0936393737792969,-0.91094970703125
2008-07-13 00:00:00+00:00,0.135345458984375,1.4701309204101562,-1.8443984985351562
2008-07-20 00:00:00+00:00,-0.399566650390625,-1.0398483276367188,1.5979690551757812
2008-07-27 00:00:00+00:00,0.01288604736328125,-2.9492416381835938,-0.37335968017578125
2008-08-03 00:00:00+00:00,0.5120964050292969,-1.6673507690429688,0.5077438354492188
2008-08-10 00:00:00+00:00,-0.06472396850585938,-5.4681854248046875,2.3969497680664062
2008-08-17 00:00:00+00:00,0.16176605224609375,-1.6494274139404297,0.5973739624023438
2008-08-24 00:00:00+00:00,0.032337188720703125,2.7161731719970703,-0.38829803466796875
2008-08-31 00:00:00+00:00,0.19414138793945312,0.13446044921875,-0.6421585083007812
2008-09-07 00:00:00+00:00,0.2910118103027344,-4.473152160644531,-3.26312255859375
2008-09-14 00:00:00+00:00,0.2467803955078125,-1.2549972534179688,1.2470169067382812
2008-09-21 00:00:00+00:00,-0.14937591552734375,3.5408782958984375,-0.934539794921875
2008-09-28 00:00:00+00:00,-0.31824493408203125,0.5647506713867188,-2.4558868408203125
2008-10-05 00:00:00+00:00,0.09176254272460938,-6.077766418457031,-7.893363952636719
2008-10-12 00:00:00+00:00,-3.930591583251953,-2.4293079376220703,-16.40253448486328
2008-10-19 00:00:00+00:00,2.4639205932617188,-4.168371200561523,3.537322998046875
2008-10-26 00:00:00+00:00,0.23468399047851562,-3.487092971801758,-4.6338348388671875
2008-11-02 00:00:00+00:00,-0.6322593688964844,2.8237361907958984,7.352622985839844
2008-11-09 00:00:00+00:00,1.1584701538085938,0.7171401977539062,-2.230560302734375
2008-11-16 00:00:00+00:00,0.1374359130859375,-1.0757102966308594,-5.437522888183594
2008-11-23 00:00:00+00:00,-0.20286941528320312,2.2231311798095703,-5.332309722900391
2008-11-30 00:00:00+00:00,0.7788581848144531,3.1733455657958984,7.938426971435547
2008-12-07 00:00:00+00:00,0.2076568603515625,-2.994058609008789,-1.622222900390625
2008-12-14 00:00:00+00:00,0.22998046875,4.876552581787109,0.7960662841796875
2008-12-21 00:00:00+00:00,0.9921989440917969,1.7121696472167969,-0.06314849853515625
2008-12-28 00:00:00+00:00,0.6268539428710938,1.4970264434814453,-0.7798309326171875
2009-01-04 00:00:00+00:00,0.2968101501464844,0.9591789245605469,4.391326904296875
2009-01-11 00:00:00+00:00,-0.2902069091796875,-1.80181884765625,-2.930084228515625
2009-01-18 00:00:00+00:00,0.1186981201171875,-0.3406391143798828,-3.0512008666992188
2009-01-25 00:00:00+00:00,-0.5672035217285156,2.8775177001953125,-1.4764137268066406
2009-02-01 00:00:00+00:00,-0.1516876220703125,0.08069038391113281,-0.21200942993164062
2009-02-08 00:00:00+00:00,-0.159576416015625,1.0667400360107422,3.1421051025390625
2009-02-15 00:00:00+00:00,0.10593032836914062,0.233062744140625,-3.1950950622558594
2009-02-22 00:00:00+00:00,0.006610870361328125,1.2101764678955078,-4.043087005615234
2009-03-01 00:00:00+00:00,-0.2515678405761719,-3.289875030517578,-2.6423683166503906
2009-03-08 00:00:00+00:00,-0.0764007568359375,-0.4302825927734375,-3.793224334716797
2009-03-15 00:00:00+00:00,0.046474456787109375,0.17928314208984375,5.428615570068359
2009-03-22 00:00:00+00:00,0.48504638671875,4.007015228271484,0.8851394653320312
2009-03-29 00:00:00+00:00,-0.01992034912109375,-0.4930305480957031,3.7364768981933594
2009-04-05 00:00:00+00:00,-0.14847946166992188,-1.9093875885009766,2.0207672119140625
2009-04-12 00:00:00+00:00,0.3334159851074219,-1.6404552459716797,1.1819381713867188
2009-04-19 00:00:00+00:00,-0.08670806884765625,-1.8555946350097656,0.968475341796875
2009-04-26 00:00:00+00:00,0.2600975036621094,3.2988433837890625,-0.32028961181640625
2009-05-03 00:00:00+00:00,-0.088348388671875,-1.4432487487792969,0.9379043579101562
2009-05-10 00:00:00+00:00,0.20074844360351562,3.9621963500976562,3.8813858032226562
2009-05-17 00:00:00+00:00,0.3144989013671875,0.17032623291015625,-3.2560882568359375
2009-05-24 00:00:00+00:00,-0.16725921630859375,3.944263458251953,0.236419677734375
2009-05-31 00:00:00+00:00,0.08697891235351562,1.8914566040039062,2.676544189453125
2009-06-07 00:00:00+00:00,-0.6526832580566406,-2.5368804931640625,1.5403366088867188
2009-06-14 00:00:00+00:00,0.28875732421875,-1.6046028137207031,0.4041290283203125
2009-06-21 00:00:00+00:00,0.053676605224609375,-1.0308837890625,-1.9216842651367188
2009-06-28 00:00:00+00:00,0.6245155334472656,0.726104736328125,-0.1533660888671875
2009-07-05 00:00:00+00:00,-0.004100799560546875,-0.7978172302246094,-1.5566940307617188
2009-07-12 00:00:00+00:00,0.4581565856933594,-2.841676712036133,-1.4187088012695312
2009-07-19 00:00:00+00:00,-0.41100311279296875,3.1374874114990234,4.731475830078125
2009-07-26 00:00:00+00:00,0.21561050415039062,1.1294975280761719,3.013763427734375
2009-08-02 00:00:00+00:00,0.4312095642089844,-0.11653518676757812,0.5751190185546875
2009-08-09 00:00:00+00:00,-0.6692161560058594,0.18825149536132812,1.83282470703125
2009-08-16 00:00:00+00:00,0.790924072265625,-0.6902389526367188,-0.3144378662109375
2009-08-23 00:00:00+00:00,0.04055023193359375,0.08066940307617188,1.6717681884765625
2009-08-30 00:00:00+00:00,0.27036285400390625,0.7888450622558594,0.31439208984375
2009-09-06 00:00:00+00:00,0.129241943359375,4.338706970214844,-1.01226806640625
2009-09-13 00:00:00+00:00,0.2916412353515625,0.9591751098632812,2.07818603515625
2009-09-20 00:00:00+00:00,-0.054256439208984375,-0.15239334106445312,1.88519287109375
2009-09-27 00:00:00+00:00,0.24416351318359375,-2.5548171997070312,-1.7490615844726562
2009-10-04 00:00:00+00:00,0.10740280151367188,-0.2778892517089844,-1.5102005004882812
2009-10-11 00:00:00+00:00,-0.24491500854492188,4.957233428955078,3.67535400390625
2009-10-18 00:00:00+00:00,0.027179718017578125,0.0806732177734375,1.2559280395507812
2009-10-25 00:00:00+00:00,-0.03400421142578125,-1.5149612426757812,-0.6241302490234375
2009-11-01 00:00:00+00:00,0.31981658935546875,-3.872547149658203,-3.4826889038085938
2009-11-08 00:00:00+00:00,-0.09358596801757812,4.706230163574219,2.750701904296875
2009-11-15 00:00:00+00:00,0.2935371398925781,1.9362640380859375,1.9185943603515625
2009-11-22 00:00:00+00:00,0.150146484375,0.9322967529296875,-0.14641571044921875
2009-11-29 00:00:00+00:00,0.3822669982910156,0.0,0.10787200927734375
2009-12-06 00:00:00+00:00,-0.46207427978515625,-0.116546630859375,1.1095046997070312
2009-12-13 00:00:00+00:00,0.0410614013671875,-2.572734832763672,0.0770721435546875
2009-12-20 00:00:00+00:00,0.06845855712890625,-1.37152099609375,-0.23626708984375
2009-12-27 00:00:00+00:00,-0.5956001281738281,0.7035179138183594,1.7584609985351562
2010-01-03 00:00:00+00:00,0.1270751953125,-0.6739540100097656,-0.8056640625
2010-01-10 00:00:00+00:00,0.21290206909179688,3.261974334716797,2.4246978759765625
2010-01-17 00:00:00+00:00,0.267852783203125,-2.1746482849121094,-0.7204208374023438
2010-01-24 00:00:00+00:00,0.14426422119140625,-3.261981964111328,-3.4317703247070312
2010-01-31 00:00:00+00:00,0.06870269775390625,-2.7587509155273438,-1.40985107421875
2010-02-07 00:00:00+00:00,0.15708160400390625,1.5186653137207031,-0.5655059814453125
2010-02-14 00:00:00+00:00,-0.241180419921875,1.3748779296875,1.0690231323242188
2010-02-21 00:00:00+00:00,-0.13088607788085938,0.566131591796875,2.4014663696289062
2010-02-28 00:00:00+00:00,0.3927268981933594,-0.6110687255859375,-0.30987548828125
2010-03-07 00:00:00+00:00,0.06496047973632812,2.282489776611328,2.719024658203125
2010-03-14 00:00:00+00:00,-0.08293533325195312,-1.2939987182617188,0.9373703002929688
2010-03-21 00:00:00+00:00,0.13129043579101562,0.2875518798828125,0.7649993896484375
2010-03-28 00:00:00+00:00,-0.2763862609863281,-1.4377899169921875,0.4744720458984375
2010-04-04 00:00:00+00:00,0.02413177490234375,2.4172821044921875,0.948974609375
2010-04-11 00:00:00+00:00,0.0069122314453125,2.0488433837890625,1.3612594604492188
2010-04-18 00:00:00+00:00,0.3258056640625,-1.824188232421875,-0.1478118896484375
2010-04-25 00:00:00+00:00,-0.04856109619140625,1.4018402099609375,1.9057540893554688
2010-05-02 00:00:00+00:00,0.31890106201171875,2.0668106079101562,-2.3335723876953125
2010-05-09 00:00:00+00:00,0.23427581787109375,-1.2400779724121094,-5.872711181640625
2010-05-16 00:00:00+00:00,0.1529541015625,3.6124343872070312,2.0457000732421875
2010-05-23 00:00:00+00:00,0.40322113037109375,-5.337787628173828,-3.7180938720703125
2010-05-30 00:00:00+00:00,-0.16683578491210938,2.381336212158203,0.2022247314453125
2010-06-06 00:00:00+00:00,0.08649063110351562,-0.94354248046875,-1.9834823608398438
2010-06-13 00:00:00+00:00,0.013927459716796875,1.7792625427246094,2.22467041015625
2010-06-20 00:00:00+00:00,0.18135833740234375,2.9384727478027344,2.0080337524414062
2010-06-27 00:00:00+00:00,0.27889251708984375,-0.16175079345703125,-3.0167617797851562
2010-07-04 00:00:00+00:00,0.2433319091796875,-3.864044189453125,-4.431396484375
2010-07-11 00:00:00+00:00,-0.034912109375,0.8087387084960938,4.501731872558594
2010-07-18 00:00:00+00:00,0.31470489501953125,-1.7433128356933594,-1.0159988403320312
2010-07-25 00:00:00+00:00,-0.028003692626953125,0.6020774841308594,2.9307861328125
2010-08-01 00:00:00+00:00,0.24477005004882812,-0.8896293640136719,-0.10941314697265625
2010-08-08 00:00:00+00:00,0.288909912109375,1.7523002624511719,1.6568603515625
2010-08-15 00:00:00+00:00,0.14727783203125,-0.38641357421875,-3.1886978149414062
2010-08-22 00:00:00+00:00,0.15431976318359375,1.3838768005371094,-0.6096267700195312
2010-08-29 00:00:00+00:00,-0.056125640869140625,1.8511505126953125,-0.5236129760742188
2010-09-05 00:00:00+00:00,-0.046016693115234375,0.31451416015625,3.149627685546875
2010-09-12 00:00:00+00:00,-0.20392227172851562,-0.5840988159179688,0.46112060546875
2010-09-19 00:00:00+00:00,0.14065933227539062,1.5635948181152344,1.260009765625
2010-09-26 00:00:00+00:00,0.18282699584960938,0.7997627258300781,1.8307647705078125
2010-10-03 00:00:00+00:00,0.23406982421875,0.8357162475585938,-0.165008544921875
2010-10-10 00:00:00+00:00,0.3243751525878906,0.6290283203125,1.5164642333984375
2010-10-17 00:00:00+00:00,-0.345550537109375,0.09885025024414062,0.9114532470703125
2010-10-24 00:00:00+00:00,0.1974639892578125,-2.2645111083984375,0.5107345581054688
2010-10-31 00:00:00+00:00,0.0564117431640625,2.165660858154297,0.11000823974609375
2010-11-07 00:00:00+00:00,0.097564697265625,2.5071449279785156,3.3236160278320312
2010-11-14 00:00:00+00:00,-0.5444564819335938,-0.017971038818359375,-1.98004150390625
2010-11-21 00:00:00+00:00,-0.05654144287109375,-0.7099113464355469,0.07073211669921875
2010-11-28 00:00:00+00:00,0.042388916015625,-0.6020736694335938,-1.170745849609375
2010-12-05 00:00:00+00:00,-0.24828338623046875,3.6843299865722656,3.2136459350585938
2010-12-12 00:00:00+00:00,-0.6593704223632812,-0.9435462951660156,1.2493057250976562
2010-12-19 00:00:00+00:00,0.08507156372070312,-1.0963211059570312,0.37223052978515625
2010-12-26 00:00:00+00:00,-0.028339385986328125,-0.13114547729492188,1.0268020629882812
2011-01-02 00:00:00+00:00,0.3235015869140625,1.4293899536132812,0.11846160888671875
2011-01-09 00:00:00+00:00,-0.049991607666015625,-4.279136657714844,1.0979156494140625
2011-01-16 00:00:00+00:00,0.08570098876953125,-1.6826934814453125,1.7061233520507812
2011-01-23 00:00:00+00:00,-0.08570098876953125,-0.8504066467285156,-0.73455810546875
2011-01-30 00:00:00+00:00,0.17854690551757812,0.23522186279296875,-0.5134506225585938
2011-02-06 00:00:00+00:00,-0.6407279968261719,1.7279319763183594,2.7092514038085938
2011-02-13 00:00:00+00:00,-0.02147674560546875,-0.343780517578125,1.548126220703125
2011-02-20 00:00:00+00:00,0.25063323974609375,2.9402084350585938,1.121612548828125
2011-02-27 00:00:00+00:00,0.4225502014160156,-0.027141571044921875,-1.7377090454101562
2011-03-06 00:00:00+00:00,-0.09931182861328125,1.3117942810058594,0.110565185546875
2011-03-13 00:00:00+00:00,0.31594085693359375,-2.3340797424316406,-1.2874526977539062
2011-03-20 00:00:00+00:00,0.2728538513183594,-1.0494232177734375,-1.9944076538085938
2011-03-27 00:00:00+00:00,-0.3805732727050781,2.5873794555664062,2.8082733154296875
2011-04-03 00:00:00+00:00,-0.04430389404296875,0.22617340087890625,1.4675674438476562
2011-04-10 00:00:00+00:00,-0.1944427490234375,3.7815513610839844,-0.23006439208984375
2011-04-17 00:00:00+00:00,0.46811676025390625,-2.270751953125,-0.650482177734375
2011-04-24 00:00:00+00:00,0.12239456176757812,1.0765762329101562,1.380340576171875
2011-05-01 00:00:00+00:00,0.3744316101074219,-0.389007568359375,2.1022415161132812
2011-05-08 00:00:00+00:00,0.32712554931640625,-5.527587890625,-1.7690505981445312
2011-05-15 00:00:00+00:00,0.0,-1.7007980346679688,-0.12693023681640625
2011-05-22 00:00:00+00:00,0.0938568115234375,1.402252197265625,-0.34108734130859375
2011-05-29 00:00:00+00:00,0.19497299194335938,1.9541091918945312,-0.0793609619140625
2011-06-05 00:00:00+00:00,0.2199249267578125,-1.2936973571777344,-2.4512863159179688
2011-06-12 00:00:00+00:00,0.08690261840820312,-2.7954483032226562,-2.2370758056640625
2011-06-19 00:00:00+00:00,0.0289764404296875,-1.2936973571777344,0.0633544921875
2011-06-26 00:00:00+00:00,0.15927886962890625,0.5518569946289062,-0.19132232666015625
2011-07-03 00:00:00+00:00,-0.6175727844238281,1.0494270324707031,5.6682891845703125
2011-07-10 00:00:00+00:00,0.41382598876953125,2.306926727294922,0.3826751708984375
2011-07-17 00:00:00+00:00,0.19601821899414062,3.103057861328125,-2.1604995727539062
2011-07-24 00:00:00+00:00,0.014522552490234375,0.9408493041992188,2.303985595703125
2011-07-31 00:00:00+00:00,0.3049659729003906,-3.5011024475097656,-4.1854248046875
2011-08-07 00:00:00+00:00,0.4593353271484375,-1.3298759460449219,-7.3743743896484375
2011-08-14 00:00:00+00:00,0.5823974609375,3.437786102294922,-1.56256103515625
2011-08-21 00:00:00+00:00,0.3785591125488281,1.8455352783203125,-4.368812561035156
2011-08-28 00:00:00+00:00,-0.42952728271484375,1.1037216186523438,4.249229431152344
2011-09-04 00:00:00+00:00,0.42551422119140625,2.1983680725097656,-0.095672607421875
2011-09-11 00:00:00+00:00,0.08028030395507812,0.8051528930664062,-1.5386734008789062
2011-09-18 00:00:00+00:00,-0.25543212890625,-1.528900146484375,4.965721130371094
2011-09-25 00:00:00+00:00,0.37952423095703125,-6.966026306152344,-6.3947906494140625
2011-10-02 00:00:00+00:00,-0.2262725830078125,-1.1037101745605469,-0.3125152587890625
2011-10-09 00:00:00+00:00,-0.326324462890625,-0.2804450988769531,2.0514450073242188
2011-10-16 00:00:00+00:00,-0.16831588745117188,2.786407470703125,5.497276306152344
2011-10-23 00:00:00+00:00,0.18291473388671875,-3.600627899169922,1.1218948364257812
2011-10-30 00:00:00+00:00,0.10976791381835938,5.8804168701171875,3.7102508544921875
2011-11-06 00:00:00+00:00,0.6228561401367188,0.7418327331542969,-2.500213623046875
2011-11-13 00:00:00+00:00,-0.22006988525390625,0.9137306213378906,0.9455795288085938
2011-11-20 00:00:00+00:00,0.021999359130859375,-4.749561309814453,-3.75030517578125
2011-11-27 00:00:00+00:00,0.029415130615234375,-2.0536155700683594,-4.519660949707031
2011-12-04 00:00:00+00:00,-0.041484832763671875,3.1301727294921875,6.827545166015625
2011-12-11 00:00:00+00:00,0.0,-0.3799552917480469,0.9536209106445312
2011-12-18 00:00:00+00:00,0.4779853820800781,-4.659099578857422,-2.956085205078125
2011-12-25 00:00:00+00:00,-0.11999130249023438,0.2366180419921875,3.8708572387695312
2012-01-01 00:00:00+00:00,0.18517303466796875,-1.2338943481445312,-0.7176971435546875
2012-01-08 00:00:00+00:00,-0.14813232421875,1.7419662475585938,1.782196044921875
2012-01-15 00:00:00+00:00,0.2665863037109375,0.6350936889648438,0.911285400390625
2012-01-22 00:00:00+00:00,-0.24439620971679688,-1.6965980529785156,2.50799560546875
2012-01-29 00:00:00+00:00,0.3925323486328125,4.500080108642578,-0.1048126220703125
2012-02-05 00:00:00+00:00,0.076934814453125,-0.6350898742675781,2.193511962890625
2012-02-12 00:00:00+00:00,-0.07427597045898438,-1.7691879272460938,-0.145172119140625
2012-02-19 00:00:00+00:00,-0.14108657836914062,-0.30847930908203125,1.6531829833984375
2012-02-26 00:00:00+00:00,0.2450408935546875,2.095813751220703,0.41933441162109375
2012-03-04 00:00:00+00:00,0.070587158203125,-1.5151481628417969,0.306488037109375
2012-03-11 00:00:00+00:00,-0.1637420654296875,-1.4062843322753906,0.20961761474609375
2012-03-18 00:00:00+00:00,-0.49855804443359375,-3.003082275390625,2.69744873046875
2012-03-25 00:00:00+00:00,0.230712890625,-0.15423202514648438,-0.5264968872070312
2012-04-01 00:00:00+00:00,0.08925628662109375,-0.1996002197265625,0.9395904541015625
2012-04-08 00:00:00+00:00,0.056793212890625,-3.030303955078125,-0.8261489868164062
2012-04-15 00:00:00+00:00,0.4703636169433594,1.1794548034667969,-2.1464157104492188
2012-04-22 00:00:00+00:00,0.014865875244140625,-1.2520370483398438,0.6559982299804688
2012-04-29 00:00:00+00:00,0.10458755493164062,0.6169471740722656,1.9763336181640625
2012-05-06 00:00:00+00:00,0.19444656372070312,-2.4950103759765625,-2.74578857421875
2012-05-13 00:00:00+00:00,0.007526397705078125,-1.4788627624511719,-1.125823974609375
2012-05-20 00:00:00+00:00,0.10474777221679688,-0.7258148193359375,-4.7545318603515625
2012-05-27 00:00:00+00:00,-0.044940948486328125,2.984935760498047,1.9115524291992188
2012-06-03 00:00:00+00:00,0.5812110900878906,1.5151596069335938,-3.1912918090820312
2012-06-10 00:00:00+00:00,-0.3449897766113281,-0.22682952880859375,4.001220703125
2012-06-17 00:00:00+00:00,0.1950225830078125,0.5352935791015625,1.4053421020507812
2012-06-24 00:00:00+00:00,-0.217529296875,-2.1230239868164062,-0.5536270141601562
2012-07-01 00:00:00+00:00,0.1875152587890625,0.17238235473632812,2.1494216918945312
2012-07-08 00:00:00+00:00,0.2833747863769531,-0.3084754943847656,-0.49668121337890625
2012-07-15 00:00:00+00:00,0.2179718017578125,-1.9234199523925781,0.2117156982421875
2012-07-22 00:00:00+00:00,0.22545242309570312,-0.5353012084960938,0.5861663818359375
2012-07-29 00:00:00+00:00,-0.13521194458007812,1.2792625427246094,1.799285888671875
2012-08-05 00:00:00+00:00,-0.002735137939453125,-0.24495315551757812,0.5454864501953125
2012-08-12 00:00:00+00:00,-0.08283615112304688,1.8054695129394531,1.2131271362304688
2012-08-19 00:00:00+00:00,-0.3389930725097656,0.4445648193359375,1.0909881591796875
2012-08-26 00:00:00+00:00,0.3691253662109375,2.0232315063476562,-0.54547119140625
2012-09-02 00:00:00+00:00,0.3464813232421875,0.3356819152832031,-0.284942626953125
2012-09-09 00:00:00+00:00,-0.193206787109375,2.286346435546875,2.5808792114257812
2012-09-16 00:00:00+00:00,-0.34726715087890625,3.0847244262695312,2.3692245483398438
2012-09-23 00:00:00+00:00,0.3321075439453125,0.8619117736816406,-0.48145294189453125
2012-09-30 00:00:00+00:00,0.324676513671875,-1.0161514282226562,-1.555145263671875
2012-10-07 00:00:00+00:00,-0.14830780029296875,-0.036285400390625,1.7761459350585938
2012-10-14 00:00:00+00:00,0.16641998291015625,-1.8054771423339844,-2.6601638793945312
2012-10-21 00:00:00+00:00,-0.2420654296875,0.063507080078125,0.40924072265625
2012-10-28 00:00:00+00:00,0.052947998046875,-0.4445648193359375,-1.6697463989257812
2012-11-04 00:00:00+00:00,0.03029632568359375,-1.3427619934082031,0.17189788818359375
2012-11-11 00:00:00+00:00,0.0831756591796875,0.8256187438964844,-2.7829513549804688
2012-11-18 00:00:00+00:00,0.0378265380859375,-3.810558319091797,-1.46514892578125
2012-11-25 00:00:00+00:00,-0.15129852294921875,2.0595130920410156,4.076202392578125
2012-12-02 00:00:00+00:00,0.14369964599609375,-1.0796546936035156,0.65478515625
2012-12-09 00:00:00+00:00,0.02805328369140625,-1.4697837829589844,0.21285247802734375
2012-12-16 00:00:00+00:00,-0.20461273193359375,0.498992919921875,-0.25372314453125
2012-12-23 00:00:00+00:00,-0.0151519775390625,-1.1794548034667969,1.3936309814453125
2012-12-30 00:00:00+00:00,-0.31075286865234375,0.19433212280273438,-2.2750701904296875
2013-01-06 00:00:00+00:00,-0.2501373291015625,0.3666572570800781,5.226158142089844
2013-01-13 00:00:00+00:00,0.03786468505859375,0.06416702270507812,0.5770263671875
2013-01-20 00:00:00+00:00,0.0682373046875,-0.2658348083496094,1.038665771484375
2013-01-27 00:00:00+00:00,-0.2577018737792969,-2.9241065979003906,1.5826797485351562
2013-02-03 00:00:00+00:00,-0.2762298583984375,0.274993896484375,0.8160552978515625
2013-02-10 00:00:00+00:00,0.2581901550292969,0.09167098999023438,0.46164703369140625
2013-02-17 00:00:00+00:00,-0.1063385009765625,-2.2274627685546875,0.25554656982421875
2013-02-24 00:00:00+00:00,0.1139373779296875,-1.796630859375,-0.1813201904296875
2013-03-03 00:00:00+00:00,0.28559112548828125,-0.75164794921875,0.1813201904296875
2013-03-10 00:00:00+00:00,-0.4260673522949219,0.0,2.7449569702148438
2013-03-17 00:00:00+00:00,0.11411666870117188,0.2108154296875,0.8928070068359375
2013-03-24 00:00:00+00:00,0.17502593994140625,0.7516517639160156,-0.1904144287109375
2013-03-31 00:00:00+00:00,0.15217971801757812,-0.2841529846191406,0.885894775390625
2013-04-07 00:00:00+00:00,0.4628028869628906,-2.5574493408203125,-1.2502593994140625
2013-04-14 00:00:00+00:00,-0.03823089599609375,-2.6032848358154297,3.013885498046875
2013-04-21 00:00:00+00:00,0.06876373291015625,-3.3274364471435547,-2.748870849609375
2013-04-28 00:00:00+00:00,0.09926605224609375,0.7974777221679688,2.28521728515625
2013-05-05 00:00:00+00:00,-0.12865447998046875,0.2108325958251953,2.5915374755859375
2013-05-12 00:00:00+00:00,-0.26776123046875,0.10999870300292969,1.6890869140625
2013-05-19 00:00:00+00:00,-0.160736083984375,-3.1441078186035156,2.9228363037109375
2013-05-26 00:00:00+00:00,-0.16834640502929688,1.0266494750976562,-1.3496856689453125
2013-06-02 00:00:00+00:00,-0.45905303955078125,1.8332958221435547,-1.5400543212890625
2013-06-09 00:00:00+00:00,-0.18018722534179688,-0.46748924255371094,1.117828369140625
2013-06-16 00:00:00+00:00,0.09201431274414062,-0.7974834442138672,-1.34136962890625
2013-06-23 00:00:00+00:00,-1.2880325317382812,-2.9516124725341797,-2.7060699462890625
2013-06-30 00:00:00+00:00,0.33734130859375,-0.3758258819580078,1.123687744140625
2013-07-07 00:00:00+00:00,-0.6169052124023438,-0.9808158874511719,2.164154052734375
2013-07-14 00:00:00+00:00,0.522430419921875,0.8708171844482422,3.7372589111328125
2013-07-21 00:00:00+00:00,0.460968017578125,1.3658084869384766,1.3817596435546875
2013-07-28 00:00:00+00:00,-0.1536712646484375,1.5766334533691406,-0.049896240234375
2013-08-04 00:00:00+00:00,-0.08012771606445312,-1.8241291046142578,1.5315399169921875
2013-08-11 00:00:00+00:00,0.18480300903320312,0.8066501617431641,-1.3651123046875
2013-08-18 00:00:00+00:00,-0.746795654296875,3.0432777404785156,-2.8966217041015625
2013-08-25 00:00:00+00:00,0.0,0.32082366943359375,0.6575775146484375
2013-09-01 00:00:00+00:00,0.13088226318359375,-1.8424625396728516,-2.472137451171875
2013-09-08 00:00:00+00:00,-0.4080924987792969,-0.10999488830566406,1.9893646240234375
2013-09-15 00:00:00+00:00,0.2777252197265625,-2.181631088256836,2.7384796142578125
2013-09-22 00:00:00+00:00,0.5477828979492188,0.11916542053222656,1.8496246337890625
2013-09-29 00:00:00+00:00,0.23144149780273438,-0.5408248901367188,-1.513946533203125
2013-10-06 00:00:00+00:00,-0.006267547607421875,-0.8983135223388672,-0.016693115234375
2013-10-13 00:00:00+00:00,0.023159027099609375,-1.0449810028076172,1.14593505859375
2013-10-20 00:00:00+00:00,0.40975189208984375,1.2191448211669922,3.454376220703125
2013-10-27 00:00:00+00:00,0.22420501708984375,1.778299331665039,1.30487060546875
2013-11-03 00:00:00+00:00,-0.24695205688476562,-2.053295135498047,0.2174072265625
2013-11-10 00:00:00+00:00,-0.3254585266113281,0.1833343505859375,0.9033660888671875
2013-11-17 00:00:00+00:00,0.2866935729980469,-0.13750076293945312,2.3085479736328125
2013-11-24 00:00:00+00:00,-0.038730621337890625,-1.7232990264892578,0.635650634765625
2013-12-01 00:00:00+00:00,0.061962127685546875,0.027500152587890625,0.158935546875
2013-12-08 00:00:00+00:00,-0.283416748046875,-1.4849739074707031,-0.050262451171875
2013-12-15 00:00:00+00:00,-0.007816314697265625,0.4124908447265625,-2.3670501708984375
2013-12-22 00:00:00+00:00,0.11651992797851562,-0.5316543579101562,3.71014404296875
2013-12-29 00:00:00+00:00,-0.3027687072753906,0.8429107666015625,1.9257659912109375
2014-01-05 00:00:00+00:00,0.14019775390625,0.5366439819335938,-0.8072662353515625
2014-01-12 00:00:00+00:00,0.3504981994628906,0.1665496826171875,1.05120849609375
2014-01-19 00:00:00+00:00,0.16357040405273438,1.2213382720947266,-0.420501708984375
2014-01-26 00:00:00+00:00,0.22589111328125,0.3145885467529297,-3.9945831298828125
2014-02-02 00:00:00+00:00,0.16360092163085938,-0.17580223083496094,-0.5970611572265625
2014-02-09 00:00:00+00:00,0.024139404296875,0.39786338806152344,1.2614593505859375
2014-02-16 00:00:00+00:00,-0.07019805908203125,2.2576236724853516,3.6497650146484375
2014-02-23 00:00:00+00:00,0.07019805908203125,0.1665515899658203,-0.1093902587890625
2014-03-02 00:00:00+00:00,0.2731895446777344,-0.6014194488525391,2.0183258056640625
2014-03-09 00:00:00+00:00,-0.3426170349121094,0.27758026123046875,1.6567230224609375
2014-03-16 00:00:00+00:00,0.3129425048828125,1.4341487884521484,-3.0274505615234375
2014-03-23 00:00:00+00:00,-0.18777084350585938,-2.0448226928710938,1.986175537109375
2014-03-30 00:00:00+00:00,0.10947799682617188,-1.313863754272461,-0.5997314453125
2014-04-06 00:00:00+00:00,0.04708099365234375,0.14804458618164062,0.7686614990234375
2014-04-13 00:00:00+00:00,0.38409423828125,-0.037014007568359375,-4.1304779052734375
2014-04-20 00:00:00+00:00,-0.18024063110351562,-0.6014194488525391,4.1220550537109375
2014-04-27 00:00:00+00:00,0.15673446655273438,0.8234786987304688,-0.0845184326171875
2014-05-04 00:00:00+00:00,0.3282470703125,-0.1295337677001953,1.49505615234375
2014-05-11 00:00:00+00:00,-0.02355194091796875,-0.5459022521972656,-0.084442138671875
2014-05-18 00:00:00+00:00,0.33782196044921875,-0.28682899475097656,0.0760345458984375
2014-05-25 00:00:00+00:00,-0.0236053466796875,-0.101776123046875,1.942779541015625
2014-06-01 00:00:00+00:00,0.15716552734375,-0.7494621276855469,1.968048095703125
2014-06-08 00:00:00+00:00,-0.2448883056640625,0.12953567504882812,2.280670166015625
2014-06-15 00:00:00+00:00,-0.00787353515625,1.360128402709961,-1.055908203125
2014-06-22 00:00:00+00:00,-0.015716552734375,1.5821952819824219,2.3219451904296875
2014-06-29 00:00:00+00:00,0.2677001953125,0.148040771484375,-0.1018524169921875
2014-07-06 00:00:00+00:00,-0.32202911376953125,0.48113250732421875,2.019927978515625
2014-07-13 00:00:00+00:00,0.37082672119140625,0.7587108612060547,-1.349395751953125
2014-07-20 00:00:00+00:00,0.05525970458984375,-0.35159873962402344,0.93359375
2014-07-27 00:00:00+00:00,0.04729461669921875,-0.11103057861328125,0.0084381103515625
2014-08-03 00:00:00+00:00,-0.06104278564453125,-0.5736579895019531,-4.4303131103515625
2014-08-10 00:00:00+00:00,0.1660308837890625,0.5366497039794922,0.628021240234375
2014-08-17 00:00:00+00:00,0.27678680419921875,0.03700828552246094,2.1048583984375
2014-08-24 00:00:00+00:00,-0.16606903076171875,-0.6661834716796875,2.9450531005859375
2014-08-31 00:00:00+00:00,0.245147705078125,0.5459022521972656,1.2901153564453125
2014-09-07 00:00:00+00:00,-0.24649810791015625,-1.4989204406738281,0.3394317626953125
2014-09-14 00:00:00+00:00,-0.4279022216796875,-1.1010551452636719,-1.6804656982421875
2014-09-21 00:00:00+00:00,0.07137298583984375,-1.128814697265625,2.1287689208984375
2014-09-28 00:00:00+00:00,0.1663818359375,-0.6291751861572266,-2.3875885009765625
2014-10-05 00:00:00+00:00,0.254730224609375,-1.2490978240966797,-1.17669677734375
2014-10-12 00:00:00+00:00,0.44464111328125,0.12953758239746094,-5.099090576171875
2014-10-19 00:00:00+00:00,0.26995086669921875,-0.07402420043945312,-1.7650299072265625
2014-10-26 00:00:00+00:00,-0.198486328125,-0.20355224609375,6.7873687744140625
2014-11-02 00:00:00+00:00,-0.23821258544921875,-3.016341209411621,4.4595947265625
2014-11-09 00:00:00+00:00,0.1058502197265625,1.323115348815918,1.4325103759765625
2014-11-16 00:00:00+00:00,-0.04773712158203125,0.35160064697265625,0.767425537109375
2014-11-23 00:00:00+00:00,0.1511993408203125,0.7957229614257812,2.0805511474609375
2014-11-30 00:00:00+00:00,0.33414459228515625,-1.4063949584960938,0.4434356689453125
2014-12-07 00:00:00+00:00,-0.33802032470703125,0.3608531951904297,0.68212890625
2014-12-14 00:00:00+00:00,0.494354248046875,-0.09252548217773438,-6.062652587890625
2014-12-21 00:00:00+00:00,-0.08773040771484375,-0.11103057861328125,5.772552490234375
2014-12-28 00:00:00+00:00,-0.2393646240234375,-0.1573944091796875,1.646240234375
2015-01-04 00:00:00+00:00,0.432525634765625,0.6519336700439453,-2.5807647705078125
2015-01-11 00:00:00+00:00,0.43255615234375,1.648468017578125,-1.0117340087890625
2015-01-18 00:00:00+00:00,0.4005279541015625,1.350442886352539,-2.2463836669921875
2015-01-25 00:00:00+00:00,0.0319976806640625,-0.39116477966308594,2.86370849609375
2015-02-01 00:00:00+00:00,0.496612548828125,0.5122413635253906,-4.7328033447265625
2015-02-08 00:00:00+00:00,-0.8427505493164062,-0.8940849304199219,5.2301025390625
2015-02-15 00:00:00+00:00,-0.26485443115234375,-0.06519508361816406,3.62677001953125
2015-02-22 00:00:00+00:00,-0.12038421630859375,-0.7543830871582031,1.2518463134765625
2015-03-01 00:00:00+00:00,0.34511566162109375,0.7730083465576172,-0.4972991943359375
2015-03-08 00:00:00+00:00,-0.6417083740234375,-2.5146141052246094,-2.709381103515625
2015-03-15 00:00:00+00:00,0.394012451171875,-0.47498130798339844,-1.4319000244140625
2015-03-22 00:00:00+00:00,0.5709228515625,1.1734848022460938,4.7321624755859375
2015-03-29 00:00:00+00:00,-0.112548828125,-0.4563560485839844,-4.02191162109375
2015-04-05 00:00:00+00:00,0.33095550537109375,0.13970184326171875,0.6029052734375
2015-04-12 00:00:00+00:00,-0.12900543212890625,0.42841529846191406,3.1003875732421875
2015-04-19 00:00:00+00:00,0.2982177734375,0.25145912170410156,-1.8000030517578125
2015-04-26 00:00:00+00:00,-0.16921234130859375,-0.3352794647216797,3.186553955078125
2015-05-03 00:00:00+00:00,-0.5976943969726562,0.8475208282470703,-0.800933837890625
2015-05-10 00:00:00+00:00,-0.07268524169921875,-0.2794055938720703,0.7751007080078125
2015-05-17 00:00:00+00:00,-0.06458282470703125,0.6985073089599609,0.706207275390625
2015-05-24 00:00:00+00:00,-0.218048095703125,-0.8288917541503906,0.4736480712890625
2015-05-31 00:00:00+00:00,0.22611236572265625,-0.2328357696533203,-1.5932464599609375
2015-06-07 00:00:00+00:00,-0.7962265014648438,-0.6985073089599609,-1.17987060546875
2015-06-14 00:00:00+00:00,0.0080718994140625,-0.2607707977294922,0.2066650390625
2015-06-21 00:00:00+00:00,0.339874267578125,0.08381843566894531,1.5720977783203125
2015-06-28 00:00:00+00:00,-0.5583267211914062,-0.5122356414794922,-0.8567657470703125
2015-07-05 00:00:00+00:00,0.26944732666015625,-0.4284172058105469,-2.172149658203125
2015-07-12 00:00:00+00:00,-0.04862213134765625,-0.8195772171020508,0.1471099853515625
2015-07-19 00:00:00+00:00,0.16217041015625,-1.2386808395385742,4.32708740234375
2015-07-26 00:00:00+00:00,0.251312255859375,-1.247995376586914,-3.877044677734375
2015-08-02 00:00:00+00:00,0.21077728271484375,-0.3073415756225586,2.16351318359375
2015-08-09 00:00:00+00:00,-0.00075531005859375,-0.32596683502197266,-2.20684814453125
2015-08-16 00:00:00+00:00,-0.07314300537109375,1.0151586532592773,1.272216796875
2015-08-23 00:00:00+00:00,0.3981170654296875,0.8382062911987305,-10.030136108398438
2015-08-30 00:00:00+00:00,-0.3981170654296875,-1.061727523803711,1.254852294921875
2015-09-06 00:00:00+00:00,0.234649658203125,-0.8009519577026367,-5.789642333984375
2015-09-13 00:00:00+00:00,-0.1790924072265625,-0.16764068603515625,3.5915374755859375
2015-09-20 00:00:00+00:00,0.26055145263671875,1.18280029296875,-0.237091064453125
2015-09-27 00:00:00+00:00,-0.21984100341796875,-0.4656705856323242,-2.26171875
2015-10-04 00:00:00+00:00,0.6388626098632812,0.47498416900634766,1.870269775390625
2015-10-11 00:00:00+00:00,-0.28549957275390625,1.6484689712524414,5.5065460205078125
2015-10-18 00:00:00+00:00,0.2447052001953125,0.12107658386230469,1.6876068115234375
2015-10-25 00:00:00+00:00,-0.04077911376953125,0.12107372283935547,3.688446044921875
2015-11-01 00:00:00+00:00,-0.187591552734375,-1.4528894424438477,0.3653717041015625
2015-11-08 00:00:00+00:00,-0.589447021484375,-1.3970098495483398,1.83551025390625
2015-11-15 00:00:00+00:00,0.155303955078125,0.14901351928710938,-6.52435302734375
2015-11-22 00:00:00+00:00,0.11446380615234375,-0.20489215850830078,5.8892974853515625
2015-11-29 00:00:00+00:00,0.0899200439453125,0.046566009521484375,0.217529296875
2015-12-06 00:00:00+00:00,-0.11710357666015625,1.2852468490600586,0.0521697998046875
2015-12-13 00:00:00+00:00,0.278564453125,-0.4191007614135742,-6.733123779296875
2015-12-20 00:00:00+00:00,-0.17201995849609375,-0.6891918182373047,-0.5824737548828125
2015-12-27 00:00:00+00:00,-0.10634613037109375,0.7007379531860352,4.9529571533203125
2016-01-03 00:00:00+00:00,-0.032867431640625,-0.5166301727294922,-1.583892822265625
2016-01-10 00:00:00+00:00,0.43543243408203125,0.7514619827270508,-10.457290649414062
2016-01-17 00:00:00+00:00,0.09033203125,-1.3432369232177734,-3.596649169921875
2016-01-24 00:00:00+00:00,-0.07393646240234375,-0.05636119842529297,2.3715667724609375
2016-01-31 00:00:00+00:00,0.34505462646484375,1.1084070205688477,2.8002471923828125
2016-02-07 00:00:00+00:00,0.12677001953125,2.6676883697509766,-5.04925537109375
2016-02-14 00:00:00+00:00,0.23874664306640625,1.6813983917236328,-1.155120849609375
2016-02-21 00:00:00+00:00,0.02469635009765625,-0.43209266662597656,4.699249267578125
2016-02-28 00:00:00+00:00,0.13997650146484375,0.29119110107421875,2.7039642333984375
2016-03-06 00:00:00+00:00,-0.2269439697265625,0.9581146240234375,4.6729583740234375
2016-03-13 00:00:00+00:00,-0.0330047607421875,0.2536182403564453,2.038970947265625
2016-03-20 00:00:00+00:00,0.5526809692382812,0.5917758941650391,2.3401641845703125
2016-03-27 00:00:00+00:00,-0.07422637939453125,-1.0802249908447266,-1.1083221435546875
2016-04-03 00:00:00+00:00,0.49756622314453125,0.6199569702148438,3.3424530029296875
2016-04-10 00:00:00+00:00,0.25626373291015625,1.2399120330810547,-2.128631591796875
2016-04-17 00:00:00+00:00,0.0247802734375,0.7138900756835938,2.8851165771484375
2016-04-24 00:00:00+00:00,-0.28104400634765625,0.3663368225097656,1.0467071533203125
2016-05-01 00:00:00+00:00,0.19841766357421875,3.0434207916259766,-2.322174072265625
2016-05-08 00:00:00+00:00,0.18553924560546875,-0.6575298309326172,-0.5365447998046875
2016-05-15 00:00:00+00:00,0.149078369140625,-0.3193702697753906,-0.8444061279296875
2016-05-22 00:00:00+00:00,-0.44727325439453125,-0.6951026916503906,0.6421356201171875
2016-05-29 00:00:00+00:00,0.04972076416015625,-1.6626091003417969,4.1780853271484375
2016-06-05 00:00:00+00:00,0.646392822265625,2.8649463653564453,0.035186767578125
2016-06-12 00:00:00+00:00,0.1162109375,0.5917758941650391,-0.1847076416015625
2016-06-19 00:00:00+00:00,0.14113616943359375,-0.1596851348876953,-2.1779327392578125
2016-06-26 00:00:00+00:00,0.04150390625,0.9017543792724609,-2.9000244140625
2016-07-03 00:00:00+00:00,0.6925430297851562,2.160449981689453,5.9061737060546875
2016-07-10 00:00:00+00:00,0.432403564453125,1.3996047973632812,2.4138641357421875
2016-07-17 00:00:00+00:00,-0.6985092163085938,-0.6293525695800781,2.8116455078125
2016-07-24 00:00:00+00:00,0.14968109130859375,-1.0238666534423828,1.246673583984375
2016-07-31 00:00:00+00:00,0.3409271240234375,1.7001819610595703,-0.1060333251953125
2016-08-07 00:00:00+00:00,-0.3957672119140625,-0.33815956115722656,0.9372100830078125
2016-08-14 00:00:00+00:00,0.27496337890625,0.7702503204345703,0.24755859375
2016-08-21 00:00:00+00:00,-0.10833740234375,-1.02386474609375,0.07073974609375
2016-08-28 00:00:00+00:00,-0.12493896484375,-2.611328125,-1.105194091796875
2016-09-04 00:00:00+00:00,0.1299591064453125,0.1596832275390625,0.95489501953125
2016-09-11 00:00:00+00:00,-0.3589935302734375,-0.8829727172851562,-4.500457763671875
2016-09-18 00:00:00+00:00,0.03339385986328125,-0.4226951599121094,1.0325469970703125
2016-09-25 00:00:00+00:00,0.29217529296875,0.9956893920898438,2.3282012939453125
2016-10-02 00:00:00+00:00,0.1168975830078125,-0.5542049407958984,0.2754669189453125
2016-10-09 00:00:00+00:00,-0.3923187255859375,-3.221891403198242,-1.11962890625
2016-10-16 00:00:00+00:00,-0.20074462890625,-0.009395599365234375,-1.7062225341796875
2016-10-23 00:00:00+00:00,0.30951690673828125,1.5311031341552734,0.764251708984375
2016-10-30 00:00:00+00:00,-0.451690673828125,-0.7608528137207031,-1.2796783447265625
2016-11-06 00:00:00+00:00,0.20349884033203125,1.1835498809814453,-3.545654296875
2016-11-13 00:00:00+00:00,-1.3242034912109375,-3.8982067108154297,6.99365234375
2016-11-20 00:00:00+00:00,-0.469329833984375,0.12211227416992188,1.84832763671875
2016-11-27 00:00:00+00:00,-0.10057830810546875,-0.41330528259277344,2.68365478515625
2016-12-04 00:00:00+00:00,-0.03354644775390625,0.7138919830322266,-1.6350555419921875
2016-12-11 00:00:00+00:00,-0.10076904296875,-0.65753173828125,6.0694427490234375
2016-12-18 00:00:00+00:00,-0.38628387451171875,-1.4935302734375,-0.1275787353515625
2016-12-25 00:00:00+00:00,0.27285003662109375,0.29674530029296875,0.598846435546875
2017-01-01 00:00:00+00:00,0.44625091552734375,1.4884262084960938,-1.9486541748046875
2017-01-08 00:00:00+00:00,0.13469696044921875,1.3848018646240234,3.2895050048828125
2017-01-15 00:00:00+00:00,0.0926513671875,0.32971763610839844,-0.143096923828125
2017-01-22 00:00:00+00:00,-0.21051788330078125,0.35797691345214844,-0.277008056640625
2017-01-29 00:00:00+00:00,-0.0168304443359375,0.09420394897460938,1.9932861328125
2017-02-05 00:00:00+00:00,0.06554412841796875,1.2058124542236328,0.33074951171875
2017-02-12 00:00:00+00:00,0.3036956787109375,0.7442169189453125,1.9397430419921875
2017-02-19 00:00:00+00:00,-0.04218292236328125,-0.4710216522216797,3.2000732421875
2017-02-26 00:00:00+00:00,0.41339874267578125,-0.6217498779296875,1.4748992919921875
2017-03-05 00:00:00+00:00,-0.5507736206054688,-1.8181419372558594,1.5017242431640625
2017-03-12 00:00:00+00:00,-0.40572357177734375,-0.4427623748779297,-0.6525421142578125
2017-03-19 00:00:00+00:00,0.31281280517578125,0.8855228424072266,0.331817626953125
2017-03-26 00:00:00+00:00,0.3380584716796875,0.2355060577392578,-2.845947265625
2017-04-02 00:00:00+00:00,0.08455657958984375,-0.10362434387207031,1.6878204345703125
2017-04-09 00:00:00+00:00,0.10504150390625,0.6500129699707031,-0.484771728515625
2017-04-16 00:00:00+00:00,0.5506439208984375,0.9797248840332031,-2.4150543212890625
2017-04-23 00:00:00+00:00,0.0,-0.8761024475097656,1.867340087890625
2017-04-30 00:00:00+00:00,-0.11016082763671875,-1.3000202178955078,3.133270263671875
2017-05-07 00:00:00+00:00,-0.12054443359375,-0.6405849456787109,1.454376220703125
2017-05-14 00:00:00+00:00,0.0933837890625,1.1021900177001953,-0.64642333984375
2017-05-21 00:00:00+00:00,0.407470703125,0.1318836212158203,-0.6014862060546875
2017-05-28 00:00:00+00:00,-0.02545166015625,0.07536506652832031,3.05242919921875
2017-06-04 00:00:00+00:00,0.38419342041015625,-0.1695690155029297,2.20849609375
2017-06-11 00:00:00+00:00,-0.18718719482421875,0.06594467163085938,-0.6822967529296875
2017-06-18 00:00:00+00:00,0.25524139404296875,-0.7253742218017578,0.371002197265625
2017-06-25 00:00:00+00:00,0.07656097412109375,0.6405906677246094,0.44207763671875
2017-07-02 00:00:00+00:00,-0.35727691650390625,-0.6217498779296875,-1.1999053955078125
2017-07-09 00:00:00+00:00,-0.12896728515625,-0.8195781707763672,0.279693603515625
2017-07-16 00:00:00+00:00,0.2647857666015625,0.5558052062988281,3.112396240234375
2017-07-23 00:00:00+00:00,0.3843841552734375,0.5746498107910156,1.190887451171875
2017-07-30 00:00:00+00:00,-0.08544158935546875,0.47101783752441406,0.0270233154296875
2017-08-06 00:00:00+00:00,0.267669677734375,-0.5558071136474609,0.4510650634765625
2017-08-13 00:00:00+00:00,0.14583587646484375,0.7819004058837891,-2.968048095703125
2017-08-20 00:00:00+00:00,0.0257110595703125,-0.20725059509277344,-1.2720184326171875
2017-08-27 00:00:00+00:00,0.13726806640625,0.452178955078125,1.6688995361328125
2017-09-03 00:00:00+00:00,0.0460357666015625,1.2906036376953125,2.9590606689453125
2017-09-10 00:00:00+00:00,0.31807708740234375,0.4333343505859375,-1.1366729736328125
2017-09-17 00:00:00+00:00,-0.35245513916015625,-1.0456657409667969,3.4702606201171875
2017-09-24 00:00:00+00:00,-0.11170196533203125,-0.6217498779296875,0.226654052734375
2017-10-01 00:00:00+00:00,-0.0687713623046875,-0.4804401397705078,1.6228485107421875
2017-10-08 00:00:00+00:00,-0.12235260009765625,0.5934867858886719,2.846771240234375
2017-10-15 00:00:00+00:00,0.344573974609375,0.23551177978515625,0.5258636474609375
2017-10-22 00:00:00+00:00,-0.310089111328125,-0.5746479034423828,1.958282470703125
2017-10-29 00:00:00+00:00,-0.051666259765625,-0.6217479705810547,0.543975830078125
2017-11-05 00:00:00+00:00,0.29581451416015625,-0.13188743591308594,0.6709442138671875
2017-11-12 00:00:00+00:00,-0.32802581787109375,0.08478736877441406,-0.326416015625
2017-11-19 00:00:00+00:00,0.233062744140625,0.2543506622314453,-0.208526611328125
2017-11-26 00:00:00+00:00,0.1467437744140625,0.03768157958984375,2.26654052734375
2017-12-03 00:00:00+00:00,-0.11353302001953125,-0.3202953338623047,3.7172088623046875
2017-12-10 00:00:00+00:00,0.05188751220703125,-0.7630558013916016,0.95196533203125
2017-12-17 00:00:00+00:00,0.1729888916015625,0.2920360565185547,2.1416473388671875
2017-12-24 00:00:00+00:00,-0.389251708984375,1.0218143463134766,0.9112396240234375
2017-12-31 00:00:00+00:00,0.35643768310546875,0.33237457275390625,-0.59228515625
2018-01-07 00:00:00+00:00,-0.26883697509765625,0.40834808349609375,5.9778594970703125
2018-01-14 00:00:00+00:00,-0.19947052001953125,0.3228797912597656,4.100616455078125
2018-01-21 00:00:00+00:00,-0.31219482421875,-0.3418731689453125,2.26904296875
2018-01-28 00:00:00+00:00,0.1127471923828125,0.6647510528564453,5.622528076171875
2018-02-04 00:00:00+00:00,-0.6105270385742188,-1.3674869537353516,-10.142364501953125
2018-02-11 00:00:00+00:00,-0.30420684814453125,-1.168060302734375,-12.712051391601562
2018-02-18 00:00:00+00:00,0.0695648193359375,0.7882041931152344,10.579666137695312
2018-02-25 00:00:00+00:00,-0.060882568359375,-0.5128097534179688,1.45806884765625
2018-03-04 00:00:00+00:00,-0.039154052734375,-0.4558277130126953,-5.1304168701171875
2018-03-11 00:00:00+00:00,-0.04349517822265625,0.07597160339355469,8.921279907226562
2018-03-18 00:00:00+00:00,0.1828765869140625,-0.1329517364501953,-3.2548980712890625
2018-03-25 00:00:00+00:00,-0.00872039794921875,0.6552581787109375,-14.775726318359375
2018-04-01 00:00:00+00:00,0.35712432861328125,-0.13295364379882812,4.66595458984375
2018-04-08 00:00:00+00:00,-0.00876617431640625,0.08546829223632812,-3.1380767822265625
2018-04-15 00:00:00+00:00,-0.07862091064453125,0.7787075042724609,4.9679107666015625
2018-04-22 00:00:00+00:00,-0.5325546264648438,-0.17093467712402344,1.335784912109375
2018-04-29 00:00:00+00:00,-0.00873565673828125,0.018993377685546875,-0.04571533203125
2018-05-06 00:00:00+00:00,0.04196929931640625,-0.0759735107421875,-0.494049072265625
2018-05-13 00:00:00+00:00,0.04369354248046875,0.21841812133789062,6.248809814453125
2018-05-20 00:00:00+00:00,-0.34122467041015625,-0.6552505493164062,-1.3907012939453125
2018-05-27 00:00:00+00:00,0.5162506103515625,0.11395263671875,0.750274658203125
2018-06-03 00:00:00+00:00,0.28810882568359375,0.0,1.3266754150390625
2018-06-10 00:00:00+00:00,-0.1934051513671875,0.0474853515625,4.19940185546875
2018-06-17 00:00:00+00:00,0.04395294189453125,-0.12345695495605469,0.1686859130859375
2018-06-24 00:00:00+00:00,0.0351715087890625,-0.04747962951660156,-2.1964569091796875
2018-07-01 00:00:00+00:00,0.20218658447265625,0.12345123291015625,-3.1797943115234375
2018-07-08 00:00:00+00:00,0.2740325927734375,0.2848968505859375,3.8047637939453125
2018-07-15 00:00:00+00:00,0.04409027099609375,-0.6172695159912109,3.8322296142578125
2018-07-22 00:00:00+00:00,-0.185028076171875,-0.17093658447265625,0.08270263671875
2018-07-29 00:00:00+00:00,-0.13219451904296875,-0.43683624267578125,1.599090576171875
2018-08-05 00:00:00+00:00,0.12107086181640625,-0.15194129943847656,2.003448486328125
2018-08-12 00:00:00+00:00,0.1942901611328125,-0.5697860717773438,-0.404327392578125
2018-08-19 00:00:00+00:00,0.1589813232421875,-1.7473468780517578,1.746124267578125
2018-08-26 00:00:00+00:00,0.13250732421875,0.21842002868652344,2.251617431640625
2018-09-02 00:00:00+00:00,-0.16780853271484375,-0.37985992431640625,2.5732421875
2018-09-09 00:00:00+00:00,-0.20537567138671875,-0.636260986328125,-2.490570068359375
2018-09-16 00:00:00+00:00,-0.12397003173828125,0.09496688842773438,3.014434814453125
2018-09-23 00:00:00+00:00,-0.1417083740234375,0.7597141265869141,2.23480224609375
2018-09-30 00:00:00+00:00,0.08856964111328125,-0.24690628051757812,-1.172515869140625
2018-10-07 00:00:00+00:00,-0.6629104614257812,0.12345314025878906,-2.6771240234375
2018-10-14 00:00:00+00:00,0.23075103759765625,1.0446090698242188,-10.958038330078125
2018-10-21 00:00:00+00:00,-0.1686248779296875,0.2469043731689453,0.276885986328125
2018-10-28 00:00:00+00:00,0.301727294921875,-0.90216064453125,-10.081069946289062
2018-11-04 00:00:00+00:00,-0.43160247802734375,0.5412979125976562,6.0560455322265625
2018-11-11 00:00:00+00:00,0.16013336181640625,-0.5602912902832031,5.418975830078125
2018-11-18 00:00:00+00:00,0.28467559814453125,0.3228797912597656,-3.7203216552734375
2018-11-25 00:00:00+00:00,0.017791748046875,-0.018991470336914062,-9.674896240234375
2018-12-02 00:00:00+00:00,0.1067657470703125,-0.2564048767089844,11.447265625
2018-12-09 00:00:00+00:00,0.545806884765625,1.0541038513183594,-11.151885986328125
2018-12-16 00:00:00+00:00,0.12487030029296875,-0.07596969604492188,-2.8618011474609375
2018-12-23 00:00:00+00:00,0.267547607421875,0.406585693359375,-16.953567504882812
2018-12-30 00:00:00+00:00,0.18597412109375,0.15274810791015625,6.5463714599609375
2019-01-06 00:00:00+00:00,0.38446807861328125,0.6682662963867188,4.3085479736328125
2019-01-13 00:00:00+00:00,-0.09838104248046875,-0.21002769470214844,6.1192474365234375
2019-01-20 00:00:00+00:00,-0.1609344482421875,-0.7350940704345703,6.9457244873046875
2019-01-27 00:00:00+00:00,0.26822662353515625,0.8305625915527344,-0.631439208984375
2019-02-03 00:00:00+00:00,0.37322235107421875,1.3269882202148438,3.9742279052734375
2019-02-10 00:00:00+00:00,0.224090576171875,-0.2195720672607422,0.380706787109375
2019-02-17 00:00:00+00:00,0.00897979736328125,0.08591842651367188,6.4071044921875
2019-02-24 00:00:00+00:00,0.05376434326171875,0.6014404296875,1.643585205078125
2019-03-03 00:00:00+00:00,-0.37337493896484375,-1.2983455657958984,1.188507080078125
2019-03-10 00:00:00+00:00,0.56597900390625,0.6396255493164062,-5.534271240234375
2019-03-17 00:00:00+00:00,0.17066192626953125,-0.06682586669921875,7.511322021484375
2019-03-24 00:00:00+00:00,0.6468353271484375,0.4582405090332031,-1.921234130859375
2019-03-31 00:00:00+00:00,0.22460174560546875,-0.34368133544921875,3.012420654296875
2019-04-07 00:00:00+00:00,-0.22515869140625,0.009546279907226562,5.679901123046875
2019-04-14 00:00:00+00:00,-0.12607574462890625,-0.21002769470214844,1.48297119140625
2019-04-21 00:00:00+00:00,-0.0090179443359375,-0.8305587768554688,-0.130584716796875
2019-04-28 00:00:00+00:00,0.3872528076171875,-0.038188934326171875,3.16168212890625
2019-05-05 00:00:00+00:00,-0.06757354736328125,-0.9642124176025391,0.578277587890625
2019-05-12 00:00:00+00:00,0.20763397216796875,-0.009548187255859375,-5.530670166015625
2019-05-19 00:00:00+00:00,0.2166748046875,0.44869232177734375,-2.10784912109375
2019-05-26 00:00:00+00:00,0.27080535888671875,-0.17183876037597656,-2.853851318359375
2019-06-02 00:00:00+00:00,0.659027099609375,0.9737606048583984,-7.00433349609375
2019-06-09 00:00:00+00:00,0.26511383056640625,1.241067886352539,11.546356201171875
2019-06-16 00:00:00+00:00,0.0543060302734375,0.4200553894042969,1.501556396484375
2019-06-23 00:00:00+00:00,0.33483123779296875,1.7947750091552734,5.754425048828125
2019-06-30 00:00:00+00:00,0.27144622802734375,0.3341331481933594,-0.93719482421875
2019-07-07 00:00:00+00:00,-0.07801055908203125,-0.16229248046875,5.11700439453125
2019-07-14 00:00:00+00:00,-0.22673797607421875,0.7828273773193359,2.052520751953125
2019-07-21 00:00:00+00:00,0.2902374267578125,1.6897621154785156,-3.26141357421875
2019-07-28 00:00:00+00:00,0.00907135009765625,-0.6682662963867188,4.535980224609375
2019-08-04 00:00:00+00:00,0.729736328125,0.4677886962890625,-8.80023193359375
2019-08-11 00:00:00+00:00,0.4454498291015625,1.517923355102539,-0.93719482421875
2019-08-18 00:00:00+00:00,0.7818603515625,-1.0310440063476562,-2.595977783203125
2019-08-25 00:00:00+00:00,0.0545501708984375,1.298349380493164,-3.748870849609375
2019-09-01 00:00:00+00:00,0.19091033935546875,0.21002769470214844,7.122711181640625
2019-09-08 00:00:00+00:00,-0.09294891357421875,-1.3174419403076172,5.248291015625
2019-09-15 00:00:00+00:00,-1.3758010864257812,-1.7565898895263672,2.84912109375
2019-09-22 00:00:00+00:00,0.8109207153320312,1.9570693969726562,-1.342559814453125
2019-09-29 00:00:00+00:00,0.16397857666015625,-1.183786392211914,-2.71160888671875
2019-10-06 00:00:00+00:00,0.686553955078125,0.4009590148925781,-0.98858642578125
2019-10-13 00:00:00+00:00,-0.7761306762695312,-0.8592014312744141,1.817108154296875
2019-10-20 00:00:00+00:00,0.045654296875,0.14319992065429688,1.59112548828125
2019-10-27 00:00:00+00:00,-0.12784576416015625,0.5918960571289062,3.417724609375
2019-11-03 00:00:00+00:00,0.39705657958984375,0.25775909423828125,4.27447509765625
2019-11-10 00:00:00+00:00,-0.7869796752929688,-1.699310302734375,2.63629150390625
2019-11-17 00:00:00+00:00,0.42093658447265625,0.4868793487548828,2.683349609375
2019-11-24 00:00:00+00:00,0.32032012939453125,0.01909637451171875,-0.781463623046875
2019-12-01 00:00:00+00:00,0.08233642578125,0.3054943084716797,3.154022216796875
2019-12-08 00:00:00+00:00,-0.1284027099609375,-0.10501480102539062,0.52728271484375
2019-12-15 00:00:00+00:00,0.201751708984375,0.7160015106201172,2.3067626953125
2019-12-22 00:00:00+00:00,-0.229248046875,-0.5632572174072266,4.69525146484375
2019-12-29 00:00:00+00:00,0.20862579345703125,1.8565387725830078,2.0152587890625
2020-01-05 00:00:00+00:00,0.26654815673828125,0.28843116760253906,-0.425750732421875
2020-01-12 00:00:00+00:00,-0.05516815185546875,-0.6922359466552734,3.122314453125
2020-01-19 00:00:00+00:00,0.128692626953125,-0.028842926025390625,5.904022216796875
2020-01-26 00:00:00+00:00,0.5147018432617188,0.7691478729248047,-3.008819580078125
2020-02-02 00:00:00+00:00,0.5606536865234375,-0.2211284637451172,-6.660858154296875
2020-02-09 00:00:00+00:00,-0.126190185546875,-1.019124984741211,9.906219482421875
2020-02-16 00:00:00+00:00,0.05525970458984375,0.36534690856933594,5.109161376953125
2020-02-23 00:00:00+00:00,0.4973907470703125,2.2497615814208984,-3.898101806640625
2020-03-01 00:00:00+00:00,0.8842315673828125,-4.259164810180664,-35.215728759765625
2020-03-08 00:00:00+00:00,1.2671737670898438,3.066984176635742,1.13531494140625
2020-03-15 00:00:00+00:00,-3.9131927490234375,-10.00855827331543,-26.624603271484375
2020-03-22 00:00:00+00:00,-1.4305343627929688,1.4902267456054688,-37.06501770019531
2020-03-29 00:00:00+00:00,3.5901718139648438,3.6726913452148438,23.431167602539062
2020-04-05 00:00:00+00:00,0.0847015380859375,0.5576324462890625,-4.977447509765625
2020-04-12 00:00:00+00:00,1.4059906005859375,3.8457489013671875,28.5609130859375
2020-04-19 00:00:00+00:00,0.07398223876953125,0.9518222808837891,8.032470703125
2020-04-26 00:00:00+00:00,0.009246826171875,3.836130142211914,-3.4927978515625
2020-05-03 00:00:00+00:00,-0.08889007568359375,-0.6153144836425781,-0.17132568359375
2020-05-10 00:00:00+00:00,-0.3243560791015625,1.5094528198242188,9.18408203125
2020-05-17 00:00:00+00:00,0.37071990966796875,1.6440544128417969,-5.86260986328125
2020-05-24 00:00:00+00:00,0.2780609130859375,-0.9806671142578125,8.71771240234375
2020-05-31 00:00:00+00:00,0.25025177001953125,-1.1825637817382812,8.451263427734375
2020-06-07 00:00:00+00:00,-0.390960693359375,-1.7882728576660156,14.294647216796875
2020-06-14 00:00:00+00:00,0.41786956787109375,0.17305946350097656,-14.399383544921875
2020-06-21 00:00:00+00:00,0.2042999267578125,0.8749103546142578,5.5086669921875
2020-06-28 00:00:00+00:00,0.17642974853515625,1.576751708984375,-8.211181640625
2020-07-05 00:00:00+00:00,0.29000091552734375,0.9422073364257812,11.642913818359375
2020-07-12 00:00:00+00:00,0.18607330322265625,2.1440086364746094,5.123626708984375
2020-07-19 00:00:00+00:00,0.2883758544921875,0.8749046325683594,3.947845458984375
2020-07-26 00:00:00+00:00,0.297698974609375,2.4228248596191406,-0.802947998046875
2020-08-02 00:00:00+00:00,0.2697601318359375,1.0671882629394531,5.3912353515625
2020-08-09 00:00:00+00:00,0.07366943359375,-0.19228363037109375,7.695098876953125
2020-08-16 00:00:00+00:00,-0.9599380493164062,-2.2978363037109375,2.16986083984375
2020-08-23 00:00:00+00:00,0.39144134521484375,0.5191764831542969,2.523590087890625
2020-08-30 00:00:00+00:00,-0.5312347412109375,1.0287399291992188,10.6104736328125
2020-09-06 00:00:00+00:00,0.17043304443359375,-1.0575790405273438,-7.65673828125
2020-09-13 00:00:00+00:00,0.1680450439453125,0.28842926025390625,-8.13470458984375
2020-09-20 00:00:00+00:00,-0.06536102294921875,0.19228744506835938,-1.994415283203125
2020-09-27 00:00:00+00:00,-0.112030029296875,-2.8266258239746094,-1.842681884765625
2020-10-04 00:00:00+00:00,0.0280609130859375,0.5287933349609375,4.904205322265625
2020-10-11 00:00:00+00:00,-0.14962005615234375,1.7401962280273438,12.486053466796875
2020-10-18 00:00:00+00:00,0.12155914306640625,-0.913360595703125,0.422332763671875
2020-10-25 00:00:00+00:00,-0.34601593017578125,-0.9710540771484375,-1.449249267578125
2020-11-01 00:00:00+00:00,-0.11220550537109375,-1.2787094116210938,-18.465118408203125
2020-11-08 00:00:00+00:00,0.5536270141601562,3.7784461975097656,22.668731689453125
2020-11-15 00:00:00+00:00,-0.18735504150390625,-3.2784996032714844,7.620269775390625
2020-11-22 00:00:00+00:00,0.5246124267578125,-2.0286331176757812,-2.658477783203125
2020-11-29 00:00:00+00:00,-0.00934600830078125,-1.6055984497070312,8.00421142578125
2020-12-06 00:00:00+00:00,-0.335205078125,1.0383529663085938,5.931060791015625
2020-12-13 00:00:00+00:00,0.3002777099609375,-0.22113418579101562,-3.40704345703125
2020-12-20 00:00:00+00:00,-0.084442138671875,1.4421615600585938,4.274322509765625
2020-12-27 00:00:00+00:00,0.18875885009765625,-0.347930908203125,-0.173492431640625
2021-01-03 00:00:00+00:00,0.16945648193359375,-0.009662628173828125,4.7034912109375
2021-01-10 00:00:00+00:00,-0.8661041259765625,0.4832267761230469,7.112945556640625
2021-01-17 00:00:00+00:00,0.07530975341796875,-1.9425811767578125,-5.35882568359375
2021-01-24 00:00:00+00:00,0.0282440185546875,0.6958541870117188,6.920196533203125
2021-01-31 00:00:00+00:00,0.04708099365234375,-0.6958541870117188,-12.346466064453125
2021-02-07 00:00:00+00:00,-0.31211090087890625,0.096649169921875,17.001678466796875
2021-02-14 00:00:00+00:00,-0.1131591796875,0.16429519653320312,4.751678466796875
2021-02-21 00:00:00+00:00,-0.5468826293945312,-1.9715652465820312,-2.515625
2021-02-28 00:00:00+00:00,-0.301727294921875,-1.555999755859375,-9.320098876953125
2021-03-07 00:00:00+00:00,-0.6714096069335938,0.6281986236572266,3.1517333984375
2021-03-14 00:00:00+00:00,-0.42494964599609375,1.2563953399658203,10.052581787109375
2021-03-21 00:00:00+00:00,-0.2077484130859375,0.7828292846679688,-3.184783935546875
2021-03-28 00:00:00+00:00,0.3305206298828125,-1.0824356079101562,6.285369873046875
2021-04-04 00:00:00+00:00,0.200775146484375,0.8021583557128906,4.47705078125
2021-04-11 00:00:00+00:00,0.1419677734375,1.0920982360839844,10.520721435546875
2021-04-18 00:00:00+00:00,0.25551605224609375,1.2563934326171875,5.5794677734375
2021-04-25 00:00:00+00:00,0.21771240234375,0.028995513916015625,-0.502838134765625
2021-05-02 00:00:00+00:00,-0.1798248291015625,-1.6429786682128906,0.54144287109375
2021-05-09 00:00:00+00:00,0.21897125244140625,2.957355499267578,4.660858154296875
2021-05-16 00:00:00+00:00,-0.28436279296875,0.405914306640625,-5.3570556640625
2021-05-23 00:00:00+00:00,0.03789520263671875,1.4013671875,-1.585784912109375
2021-05-30 00:00:00+00:00,0.15166473388671875,0.12563323974609375,4.93157958984375
2021-06-06 00:00:00+00:00,0.2506561279296875,-0.7151756286621094,2.475433349609375
2021-06-13 00:00:00+00:00,0.4082489013671875,-0.3865852355957031,1.653533935546875
2021-06-20 00:00:00+00:00,0.094940185546875,-4.010791778564453,-7.767333984375
2021-06-27 00:00:00+00:00,-0.3417816162109375,0.22228240966796875,11.340972900390625
2021-07-04 00:00:00+00:00,0.448333740234375,0.057987213134765625,6.897674560546875
2021-07-11 00:00:00+00:00,0.28525543212890625,-0.0483245849609375,1.74627685546875
2021-07-18 00:00:00+00:00,0.114105224609375,-0.4349021911621094,-4.05523681640625
2021-07-25 00:00:00+00:00,0.1996917724609375,-0.7441673278808594,8.34326171875
2021-08-01 00:00:00+00:00,0.21869659423828125,1.7106208801269531,-1.387298583984375
2021-08-08 00:00:00+00:00,-0.3657379150390625,-1.6236419677734375,3.861083984375
2021-08-15 00:00:00+00:00,0.1143035888671875,-0.405914306640625,3.327606201171875
2021-08-22 00:00:00+00:00,0.133331298828125,-1.9039192199707031,-2.48358154296875
2021-08-29 00:00:00+00:00,-0.02857208251953125,1.7009639739990234,6.684295654296875
2021-09-05 00:00:00+00:00,-0.05245208740234375,0.6475238800048828,2.745452880859375
2021-09-12 00:00:00+00:00,-0.00952911376953125,-1.7202911376953125,-7.41180419921875
2021-09-19 00:00:00+00:00,-0.00954437255859375,-0.8891391754150391,-2.547515869140625
2021-09-26 00:00:00+00:00,-0.31475067138671875,-0.86981201171875,2.44287109375
2021-10-03 00:00:00+00:00,-0.18083953857421875,-0.3382587432861328,-9.411346435546875
2021-10-10 00:00:00+00:00,-0.6496047973632812,1.2950515747070312,3.523162841796875
2021-10-17 00:00:00+00:00,0.33437347412109375,1.7879447937011719,7.795684814453125
2021-10-24 00:00:00+00:00,-0.315277099609375,0.4542350769042969,7.05609130859375
2021-10-31 00:00:00+00:00,0.41080474853515625,-1.2370662689208984,5.96600341796875
2021-11-07 00:00:00+00:00,0.5683441162109375,1.005117416381836,9.031768798828125
2021-11-14 00:00:00+00:00,-0.631500244140625,1.952239990234375,-1.226318359375
2021-11-21 00:00:00+00:00,0.0478363037109375,-1.0631027221679688,1.576629638671875
2021-11-28 00:00:00+00:00,0.03826904296875,-1.498006820678711,-9.654541015625
2021-12-05 00:00:00+00:00,0.5220565795898438,-1.3820323944091797,-5.401580810546875
2021-12-12 00:00:00+00:00,-0.5845718383789062,-0.19329261779785156,16.856658935546875
2021-12-19 00:00:00+00:00,0.2874908447265625,0.6185321807861328,-9.0068359375
2021-12-26 00:00:00+00:00,-0.25817108154296875,0.6932659149169922,10.479705810546875
2022-01-02 00:00:00+00:00,-0.0769195556640625,0.7178497314453125,4.258209228515625
2022-01-09 00:00:00+00:00,-1.1440658569335938,-1.9863777160644531,-8.6629638671875
2022-01-16 00:00:00+00:00,-0.240325927734375,0.9440212249755859,-1.338043212890625
2022-01-23 00:00:00+00:00,0.07691192626953125,0.6686820983886719,-26.1160888671875
2022-01-30 00:00:00+00:00,-0.31726837158203125,-2.3108882904052734,3.877349853515625
2022-02-06 00:00:00+00:00,-0.8020553588867188,1.0816917419433594,6.592498779296875
2022-02-13 00:00:00+00:00,-0.34667205810546875,1.9962158203125,-8.0477294921875
2022-02-20 00:00:00+00:00,-0.1926116943359375,2.0355472564697266,-6.08465576171875
2022-02-27 00:00:00+00:00,-0.20220947265625,-0.1081695556640625,3.4378662109375
2022-03-06 00:00:00+00:00,0.64434814453125,2.9599075317382812,-5.449737548828125
2022-03-13 00:00:00+00:00,-1.437103271484375,0.8751869201660156,-11.81768798828125
2022-03-20 00:00:00+00:00,-0.18326568603515625,-1.0521926879882812,25.22821044921875
2022-03-27 00:00:00+00:00,-1.4081573486328125,1.4750328063964844,8.004119873046875
2022-04-03 00:00:00+00:00,0.6245803833007812,0.7571868896484375,0.22540283203125
2022-04-10 00:00:00+00:00,-1.5083770751953125,0.177001953125,-5.24139404296875
2022-04-17 00:00:00+00:00,-0.5318069458007812,1.170196533203125,-9.58154296875
2022-04-24 00:00:00+00:00,-0.7348251342773438,-3.8547592163085938,-11.51141357421875
2022-05-01 00:00:00+00:00,-0.10636138916015625,-1.9175453186035156,-13.755035400390625
2022-05-08 00:00:00+00:00,-0.7739944458007812,-0.737518310546875,-0.6466064453125
2022-05-15 00:00:00+00:00,0.66839599609375,-3.304079055786133,-9.4246826171875
2022-05-22 00:00:00+00:00,0.36811065673828125,1.1603622436523438,-11.8446044921875
2022-05-29 00:00:00+00:00,0.7749481201171875,0.4425086975097656,25.109710693359375
2022-06-05 00:00:00+00:00,-0.796966552734375,0.04916954040527344,-4.6241455078125
2022-06-12 00:00:00+00:00,-1.203521728515625,0.00983428955078125,-20.319000244140625
2022-06-19 00:00:00+00:00,-0.5532302856445312,-2.143718719482422,-21.905731201171875
2022-06-26 00:00:00+00:00,0.47560882568359375,-0.7178497314453125,23.830841064453125
2022-07-03 00:00:00+00:00,0.999847412109375,-1.47503662109375,-8.697906494140625
2022-07-10 00:00:00+00:00,-0.7682647705078125,-1.0816917419433594,7.310638427734375
2022-07-17 00:00:00+00:00,0.6612930297851562,-1.4455337524414062,-3.483184814453125
2022-07-24 00:00:00+00:00,0.855804443359375,-0.1770038604736328,9.799957275390625
2022-07-31 00:00:00+00:00,0.408447265625,0.8456859588623047,16.62847900390625
2022-08-07 00:00:00+00:00,-0.7279052734375,0.00983428955078125,1.456207275390625
2022-08-14 00:00:00+00:00,0.292327880859375,0.9243545532226562,13.411041259765625
2022-08-21 00:00:00+00:00,-0.7892837524414062,-1.9372119903564453,-4.88031005859375
2022-08-28 00:00:00+00:00,-0.292327880859375,-0.3441753387451172,-16.559600830078125
2022-09-04 00:00:00+00:00,-0.7838821411132812,-1.0915241241455078,-12.8599853515625
2022-09-11 00:00:00+00:00,-0.39058685302734375,1.2881965637207031,14.129241943359375
2022-09-18 00:00:00+00:00,-0.6542434692382812,-1.0816936492919922,-19.1435546875
2022-09-25 00:00:00+00:00,-1.1327133178710938,-1.5340347290039062,-17.398223876953125
2022-10-02 00:00:00+00:00,-0.65423583984375,1.65203857421875,-10.640533447265625
2022-10-09 00:00:00+00:00,-0.2387847900390625,0.2655048370361328,5.542572021484375
2022-10-16 00:00:00+00:00,-0.7926788330078125,-1.6422061920166016,-5.097930908203125
2022-10-23 00:00:00+00:00,-0.6067428588867188,1.593038558959961,16.45965576171875
2022-10-30 00:00:00+00:00,1.047119140625,0.3736763000488281,14.55279541015625
2022-11-06 00:00:00+00:00,-0.49680328369140625,0.22617340087890625,-12.517578125
2022-11-13 00:00:00+00:00,1.5596084594726562,3.2942428588867188,21.893524169921875
2022-11-20 00:00:00+00:00,0.255035400390625,-0.914520263671875,-2.450225830078125
2022-11-27 00:00:00+00:00,0.7945175170898438,1.0521907806396484,6.224273681640625
2022-12-04 00:00:00+00:00,1.0858917236328125,1.4553680419921875,4.524932861328125
2022-12-11 00:00:00+00:00,-0.33425140380859375,-0.8358535766601562,-13.46612548828125
2022-12-18 00:00:00+00:00,0.5210418701171875,-0.4621772766113281,-8.15081787109375
2022-12-25 00:00:00+00:00,-0.9718475341796875,0.7460002899169922,-0.357269287109375
2023-01-01 00:00:00+00:00,-0.679962158203125,-0.21000099182128906,-0.476409912109375
2023-01-08 00:00:00+00:00,1.4880218505859375,2.8999996185302734,5.607666015625
2023-01-15 00:00:00+00:00,0.6109771728515625,1.0900020599365234,10.34197998046875
2023-01-22 00:00:00+00:00,0.098541259765625,-0.23000335693359375,-2.600372314453125
2023-01-29 00:00:00+00:00,0.01971435546875,-0.10999679565429688,9.726593017578125
2023-02-05 00:00:00+00:00,-0.0042572021484375,-1.9900016784667969,6.620086669921875
2023-02-12 00:00:00+00:00,-1.0272903442382812,-0.6999988555908203,-4.277740478515625
2023-02-19 00:00:00+00:00,-0.3259735107421875,-1.210000991821289,-0.774139404296875
2023-02-26 00:00:00+00:00,-0.6025466918945312,-1.4200000762939453,-10.798553466796875
2023-03-05 00:00:00+00:00,0.11254119873046875,1.6399993896484375,7.75152587890625
2023-03-12 00:00:00+00:00,0.782135009765625,-1.4299983978271484,-18.143096923828125
2023-03-19 00:00:00+00:00,1.0395355224609375,3.3799991607666016,5.52667236328125
2023-03-26 00:00:00+00:00,0.44551849365234375,0.9699993133544922,5.73870849609375
2023-04-02 00:00:00+00:00,-0.33660888671875,0.7999992370605469,13.589508056640625
2023-04-09 00:00:00+00:00,0.78704833984375,2.0800018310546875,-0.199249267578125
2023-04-16 00:00:00+00:00,-0.7542953491210938,0.6599998474121094,3.25787353515625
2023-04-23 00:00:00+00:00,-0.1985015869140625,-1.4799995422363281,-0.259002685546875
2023-04-30 00:00:00+00:00,0.5954971313476562,-0.029998779296875,3.716156005859375
2023-05-07 00:00:00+00:00,-0.09949493408203125,1.8199996948242188,-3.287750244140625
2023-05-14 00:00:00+00:00,-0.12934112548828125,-1.8000030517578125,-1.036163330078125
2023-05-21 00:00:00+00:00,-0.9949111938476562,-1.4399986267089844,7.00396728515625
2023-05-28 00:00:00+00:00,-0.3482208251953125,-1.75,1.394805908203125
2023-06-04 00:00:00+00:00,0.503875732421875,1.0,7.87078857421875
2023-06-11 00:00:00+00:00,-0.0897674560546875,-0.3299999237060547,1.97265625
2023-06-18 00:00:00+00:00,0.1795501708984375,0.3099994659423828,11.1510009765625
2023-06-25 00:00:00+00:00,0.0797882080078125,-1.5999984741210938,-6.25
2023-07-02 00:00:00+00:00,-0.11968994140625,0.31999969482421875,10.07000732421875
2023-07-09 00:00:00+00:00,-1.0060043334960938,-0.6599998474121094,-4.730010986328125
2023-07-16 00:00:00+00:00,1.0699996948242188,2.509998321533203,10.730010986328125
2023-07-23 00:00:00+00:00,0.34000396728515625,0.40000152587890625,5.920013427734375
