Date,SP500,Technology,NASDAQ
2004-03-28,-0.0002694954357709278,0.012658084622966026,0.010074904081633917
2004-04-04,0.032513550395633084,0.044000100123225305,0.003994747931428233
2004-04-11,-0.0023552350209047335,-0.006226370917286728,-0.014959712370934408
2004-04-18,-0.00472149342892092,-0.03180696245084913,-0.027834016523091365
2004-04-25,0.004655628242584253,0.0007713974172299243,-0.0003806684674701466
2004-05-02,-0.0297304218604324,0.022090052951756478,0.012966055324446446
2004-05-09,-0.009011818557010498,0.0015889584341182705,-0.004144384350942165
2004-05-16,0.0007275258276211449,-0.007652431749967437,-0.007148199762626151
2004-05-23,-0.002090595357611136,0.006169244293729781,0.004117088523204693
2004-05-30,0.02777525310912532,0.029637622123603213,0.03904106278913333
2004-06-06,0.0010634446912360929,-0.01042240988505061,-0.0040870950185231125
2004-06-13,0.012126171693329635,0.022567849332630674,0.010739808579939725
2004-06-20,-0.002669647310057033,-0.012751391400133594,-0.006570434418497029
2004-06-27,0.0018484846154467327,0.01887730911907637,0.019499373651790775
2004-07-04,-0.00843308334615922,-0.019990297508577948,-0.009286702244668543
2004-07-11,-0.010187618012732491,-0.023383150457437107,-0.03006492235724556
2004-07-18,-0.009129318531986952,-0.03718777499976633,-0.032461059053262464
2004-07-25,-0.01580675644270746,-0.002645658693581132,-0.018086747286291116
2004-08-01,0.017253753901304236,0.014327254949691393,0.0013049653340421186
2004-08-08,-0.03599786477955069,0.007743827361765987,0.004813375140609366
2004-08-15,0.003182158957012904,0.00899104450871252,-0.011069927673156621
2004-08-22,0.03069263579206627,0.033794602886856984,0.0010128283618986988
2004-08-29,0.008780170447201474,0.009646550718854785,0.0018192383490917563
2004-09-05,0.006012114147990522,-0.01645441881142662,-0.009457107698770506
2004-09-12,0.008383193243485909,0.03777644439366035,0.027015786916991358
2004-09-19,0.004962427627187349,0.0015603621909991983,0.008330160712062495
2004-09-26,-0.014936240310851057,-0.015057322925086436,-0.016025415503618246
2004-10-03,0.019648752458984786,0.03320999843832406,0.033370917144582846
2004-10-10,-0.010030898524917453,-0.0030609217440731307,-0.011445773364033407
2004-10-17,-0.011110133134204614,-0.004605607409759571,-0.004411512071734736
2004-10-24,-0.011414552680936274,-0.0015431615388842301,0.0019042713305976733
2004-10-31,0.02918389782496078,0.027806981149371746,0.031250966053740115
2004-11-07,0.03604265046809885,0.03557069336932983,0.032379886221238996
2004-11-14,0.012875069680201356,0.01886823221454703,0.022756995212116493
2004-11-21,-0.00860335384100086,-0.0023744867164255945,-0.007054103627291197
2004-11-28,0.007919910625193483,0.0038078885637016224,0.015135533467746765
2004-12-05,0.007604519336748883,0.025130468436174835,0.021879470627732545
2004-12-12,0.0006712241385757878,-0.015726159806017992,-0.009259899132125327
2004-12-19,0.005650036787640866,0.004510150213967945,0.0033503985223553023
2004-12-26,0.01113536418507377,0.009541519515629426,0.011905285967093393
2005-01-02,0.0008278331517035387,-0.0023625166639631434,0.006859060554356589
2005-01-09,-0.020104517699040647,-0.031265181966725786,-0.03991368933322348
2005-01-16,-0.0016881457392802224,-0.011246992735875705,-0.0003352446251274621
2005-01-23,-0.012347788238787683,-0.024233091488759295,-0.0256907121648432
2005-01-30,0.005565793937197361,0.0025346159785659683,0.0007668286453914597
2005-02-06,0.023844103628069657,0.024266266117464852,0.02496768254318882
2005-02-13,0.004491523058276048,-0.003948319174419623,-0.004792347781240047
2005-02-20,-0.003146327157923734,-0.014866389570306504,-0.008686927896417562
2005-02-27,0.008637782533012839,0.006539773859426612,0.0032933638895515926
2005-03-06,0.010705955534910716,0.005497122266465038,0.0025226132102613708
2005-03-13,-0.019065649739383517,-0.011431880147204088,-0.014010427038849027
2005-03-20,-0.011499398140022543,-0.022121101415209843,-0.01656050985881019
2005-03-27,-0.011810452963208706,-0.0041135632980531245,-0.00833253484839569
2005-04-03,0.0024756149648614834,0.0010324490580204682,-0.0031390313782971857
2005-04-10,0.004853697362799059,0.005673524351647807,0.007325596184498018
2005-04-17,-0.03262658305523036,0.014632177776254807,-0.04561480095306858
2005-04-24,0.012439314368739796,0.010803138646291455,0.012598546594662752
2005-05-01,0.001557479481708146,0.0026565213853484426,-0.005454907287487765
2005-05-08,0.011577375423017289,0.01377903706389394,0.0237816202697001
2005-05-15,-0.01170069636551585,0.012022405648303813,0.00479327716367739
2005-05-22,0.029381267334379402,0.03460804705903775,0.03522901568021597
2005-05-29,0.00948584915146089,0.01397861612995932,0.014322541752928908
2005-06-05,-0.0008316012081035495,-0.0029536324012962023,-0.0020715839095574173
2005-06-12,0.0004166904177789199,-0.003950991480695443,-0.0040696194990038626
2005-06-19,0.013725399076687683,0.006445441668607277,0.013141108784234135
2005-06-26,-0.01961130890456586,-0.015271171137326123,-0.017625907726012913
2005-07-03,0.004622639118960548,-0.0010004882416911887,0.0019968623791555284
2005-07-10,0.014975134137027446,0.024035642704724802,0.026980933163782916
2005-07-17,0.012529461670352404,0.028362546442705305,0.020777398110269463
2005-07-24,0.0056978095127111494,-0.0033288283825635423,0.010645481053060957
2005-07-31,0.0016190735359955521,0.004294133484557872,0.0023351812204344125
2005-08-07,-0.006950306674481932,0.005224949400894019,-0.0031673703529218056
2005-08-14,0.0014651164432646357,-0.01748556214104935,-0.009646868150426036
2005-08-21,-0.00479420866783975,-0.001442807723614048,-0.009893757112609425
2005-08-28,-0.013962937699940614,-0.0077065646609408844,-0.006925602023217792
2005-09-04,0.012504406011303537,0.006795317806520762,0.009572018012878214
2005-09-11,0.019055937791473854,0.014947435197187442,0.016085387356164382
2005-09-18,-0.004609013282104835,-0.0033253167198148414,-0.006968440522601038
2005-09-25,-0.016680381540173705,-0.019542704746558837,-0.02014025866123681
2005-10-02,0.013175674594183562,0.016042527432426734,0.016463148876943334
2005-10-09,-0.027877563193057564,-0.03301402203613435,-0.028507752241436313
2005-10-16,-0.007858609313974196,-0.009895909992580165,-0.012208490606364752
2005-10-23,-0.004550188111690612,0.007995658485911106,0.00841710075643709
2005-10-30,0.014136574541514069,0.0019833015224610673,0.0036835487385462606
2005-11-06,0.019282384772255856,0.03364617877314924,0.03806441197044719
2005-11-13,0.01351265306728866,0.012446470134612753,0.015229825393583196
2005-11-20,0.011069431974151334,0.018912534476637433,0.011169322616642274
2005-11-27,0.01598378311950399,0.014385148808769843,0.016137768594198798
2005-12-04,-0.002202564029164855,0.007319328950822657,0.004578021032681123
2005-12-11,-0.004099614930576756,-0.009082431888987719,-0.007319589798838511
2005-12-18,0.005539914498849274,-0.004684887093256096,-0.0018832558776559205
2005-12-25,0.003164995730388309,-0.008345194433741376,-0.0013585286529885776
2006-01-01,-0.01774995093468157,-0.015626430049296813,-0.019604989307139054
2006-01-08,0.03156411934084802,-0.008499227341670024,0.045480948669161636
2006-01-15,0.0018683616291712557,-0.016475988879070425,0.004953080427199996
2006-01-22,-0.021059757883155505,-0.03886118873965305,-0.029926150054222056
2006-01-29,0.020401792163047272,0.020686705710079023,0.02515016707074369
2006-02-05,-0.017660079200682688,-0.019806993730393074,-0.018075410309207562
2006-02-12,0.0029301611188785603,0.016917276050143926,-0.00030946763797201626
2006-02-19,0.017134926551574337,0.013401847897622332,0.00905451468267593
2006-02-26,0.0046585731154891175,-0.010488215213816376,0.0020504790744486634
2006-03-05,-0.005022949949876732,0.013824435540314095,0.0068035794424168294
2006-03-12,-0.0013202867489962022,-0.01272761636549924,-0.017614894846497586
2006-03-19,0.019825972244173595,0.017956284167687686,0.01964595702942029
2006-03-26,-0.0031388481606775542,-0.000904121047742179,0.00274881548693795
2006-04-02,-0.0029182463734533926,0.00226306355334982,0.011661076048279151
2006-04-09,-0.0022338026439566727,0.005420230996819653,-0.00032909770466349464
2006-04-16,-0.006407095056816248,-0.00718739496284837,-0.0055193679410927565
2006-04-23,0.01895711195527494,-0.0018103795239408083,0.007200862911242334
2006-04-30,0.0024398270624603757,-0.009519470808117214,-0.008660371568163128
2006-05-07,0.007986902069810453,0.0032033572653111797,0.00861115032543558
2006-05-14,-0.02475091806123808,-0.04288287868552043,-0.04217164745543256
2006-05-21,-0.016558296897789426,-0.018111993435399154,-0.02223932196241718
2006-05-28,0.01007061942744314,0.007766333172919193,0.0075164709354369474
2006-06-04,0.004829342856173646,-0.0024085172234222796,0.004089720020906462
2006-06-11,-0.028294531723277228,-0.0371801638007504,-0.03800553158540099
2006-06-18,-0.0011895104570397441,0.012538002005880289,-0.002393425609413913
2006-06-25,-0.0016840132738462632,-0.007925011134253479,-0.003981305036808269
2006-07-02,0.022821920233190962,0.014977778797516716,0.023860869060863044
2006-07-09,-0.005263999209956571,-0.01721579598843692,-0.019350039637486494
2006-07-16,-0.02440548445491142,-0.04404440707675639,-0.04352463332372847
2006-07-23,0.0034810218551943883,-0.0052353694730225,-0.008324520156446025
2006-07-30,0.03251330471778435,0.04368391671467986,0.03650279272565138
2006-08-06,0.0017189335553775553,-0.003529793190856556,-0.004340609613624924
2006-08-13,-0.009282283006391778,-0.0030299762140425512,-0.008726523422761534
2006-08-20,0.02897428704061311,-0.003425786126859065,-0.012023053025996822
2006-08-27,-0.006734461199090158,0.010857571934110799,0.006884265693663683
2006-09-03,0.012403197974891533,0.02603655688471118,0.024702200207422864
2006-09-10,-0.008674140983160106,-0.008928559185727436,-0.012479652256889295
2006-09-17,0.017350125229511182,0.031015307846006035,0.032228446695755864
2006-09-24,-0.00371330874350273,-0.0046079682087544205,-0.007452241061651654
2006-10-01,0.01604941587996267,0.01851821060921477,0.017801373282118282
2006-10-08,0.010705030839695429,0.013636278903851773,0.01840219083686989
2006-10-15,0.011999331349901832,0.02287033729147181,0.024913173131803967
2006-10-22,0.001536535428144692,-0.0021919713252191997,-0.0063589927357163845
2006-10-29,0.007819541902709393,0.0,0.0035520933210659855
2006-11-05,-0.009934120384045397,-0.0057117091797405095,-0.008436105000550476
2006-11-12,0.012450455897398793,0.020326450367767812,0.025283243300768588
2006-11-19,0.01576954708516043,0.023820040884321214,0.023492349483204
2006-11-26,-0.000497800982475316,0.005076069182357701,0.005887459507620152
2006-12-03,-0.0009265780238846277,-0.018518185643493612,-0.019124014795739885
2006-12-10,0.008558109449710916,0.003001480552811797,0.010007478369181255
2006-12-17,0.012112989676124952,0.013040982001019108,0.008139890240094871
2006-12-24,-0.011170158021803323,-0.02207125079126182,-0.02279831541773114
2006-12-31,0.006181204223570713,0.009548586112006152,0.0058763224013096416
2007-01-07,-0.0076261268983583985,0.010318115976005293,0.007849972728268817
2007-01-14,0.019211904137246716,0.022128013470779084,0.028168868587604035
2007-01-21,-0.0029325422508299503,-0.026645088486143553,-0.020580788214388246
2007-01-28,-0.004831200418386028,-0.0012828870748740062,-0.006453719840096683
2007-02-04,0.018855844477721373,0.017130474282846864,0.016583887735148517
2007-02-11,-0.0060075407254234214,-0.008841525392476068,-0.006486507913656014
2007-02-18,0.012435448193362841,0.015292662642004906,0.014834414396298845
2007-02-25,0.004742526927878854,0.009320017741917153,0.01118076994104944
2007-03-04,0.0061328338136678595,0.009624142833735472,0.00789152913397373
2007-03-11,0.0015682765357467043,0.006863791004322828,0.0010096785197768465
2007-03-18,-0.012079508893447444,-0.0021733308169958887,-0.006236575742593731
2007-03-25,0.03508238439306033,0.027015064464063876,0.03214536526789602
2007-04-01,-0.009694032710721001,-0.010606724761567987,-0.011143658587331462
2007-04-08,0.015774998572190668,0.023156024505325945,0.020523363306337084
2007-04-15,0.0074875207986688785,0.0012570782068286324,0.00833549927691557
2007-04-22,0.02270854151225321,0.014231860974918797,0.013824551145656505
2007-04-29,0.006122685844579312,0.01568329803544022,0.01219925255793508
2007-05-06,0.009296118042945833,0.016253315557545944,0.005842281875350075
2007-05-13,-0.00039759640720971046,0.007197296395129227,-0.003860557128329445
2007-05-20,0.01166600455481892,0.004763686823295421,-0.0014713879270152885
2007-05-27,-0.00609320693776072,-0.004741101699601069,-0.0004924895110994809
2007-06-03,0.015755743761454166,0.018261741377389784,0.022184500083538117
2007-06-10,-0.019729899441813137,-0.012086625535384532,-0.015448018309426659
2007-06-17,0.01780814228986749,0.018078615435051848,0.020660227184329694
2007-06-24,-0.016462994207242287,-0.00969739017356075,-0.014371590530127154
2007-07-01,-0.0007969916223820039,0.0027418770052076713,0.005511873395710021
2007-07-08,0.01695140592333022,0.021484452077198846,0.024308274632531823
2007-07-15,0.01222391124134603,0.019120173992771994,0.015184638379787563
2007-07-22,0.0017527518533039244,0.005628489815682425,0.0040090346786728626
2007-07-29,-0.008872930092886033,-0.04328360182875757,-0.013533560525317234
2007-08-05,-0.0013497100808875784,-0.011309964109412984,-0.003252437770567218
2007-08-12,0.006328032489258728,-0.00433975960545252,0.013395676487058195
2007-08-19,0.0,-0.016243939079998215,-0.015662706428870132
2007-08-26,0.025015840770869824,0.037454678295280486,0.02860640841478812
2007-09-02,-0.004989550187343483,0.010869679165267376,0.007633889394115467
2007-09-09,-0.010298243458024658,-0.011136785252805925,-0.011808899760228142
2007-09-16,0.01937445285660333,0.004660563883939872,0.014218334631096674
2007-09-23,0.02545947768236201,0.034920650602243475,0.026531616135772484
2007-09-30,0.00401382423762886,0.009356128241033268,0.011335655479134843
2007-10-07,0.021431356219119513,0.01594395049942232,0.02917640879488248
2007-10-14,0.003080043523675524,0.011313600691476466,0.00912120283195117
2007-10-21,-0.042602091373457385,-0.02020898316552,-0.028698932698344448
2007-10-28,0.026390757663273368,0.02909696628226599,0.029000143788150412
2007-11-04,-0.01575287777189993,0.018306626999083475,0.015603766995974322
2007-11-11,-0.04007922562364774,0.010496600669431033,0.002873151222564596
2007-11-18,0.004478646113148521,-0.0035198393953538853,-0.00593554849184863
2007-11-25,-0.011386233106437493,-0.020516592413668877,-0.01541000922502822
2007-12-02,0.03143015081031941,0.018618979200205166,0.024786205368837022
2007-12-09,0.01513500612866836,0.02437162417748695,0.01698633269023353
2007-12-16,-0.024783086167494917,-0.005204286912593337,-0.026022084489497055
2007-12-23,0.011864902192086912,0.014371419453283574,0.021341255286337235
2007-12-30,-0.0056029650567259726,0.0042250704714596465,0.007414666558530847
2008-01-06,-0.04066558746282534,-0.020064948381933012,-0.016173926361331137
2008-01-13,-0.02443729278151191,-0.034208618253501744,-0.033393863100926624
2008-01-20,-0.00039414213879496174,-0.02273218748452821,-0.040951795648466516
2008-01-27,0.00742071382260856,0.012104458940149443,-0.005905961591791575
2008-02-03,0.00742071382260856,0.012104458940149443,0.037468901246469066
2008-02-10,0.015555713446466335,0.027149182581448272,-0.044962212407473334
2008-02-17,0.009553665160905611,0.004355384957412889,0.00735403625125608
2008-02-24,0.0035516168753448873,-0.010122920652217204,-0.007946399682947414
2008-03-02,-0.013272115477346524,-0.015117974346720908,-0.013836419057584481
2008-03-09,-0.030712876474236706,-0.005869363514264592,-0.025969848178983956
2008-03-16,-0.0007710681313501944,-0.0031784832565072696,0.0
2008-03-23,0.02410220853217493,0.02032193040387864,0.020619355291486396
2008-03-30,-0.004315667904533194,0.0017866174492151554,0.010989410712935133
2008-04-06,0.04090966683009234,0.036112532209588544,-0.016346979705476106
2008-04-13,-0.025641091267163296,0.004071616488935115,-0.03405342554533608
2008-04-20,0.03823653933514848,-0.010206415273646241,-0.012873527093934911
2008-04-27,0.008087622483361256,0.02023670912945208,0.015309112618218434
2008-05-04,0.013682190461441479,0.03291694957447833,0.02231185387897061
2008-05-11,-0.018443991896073264,-0.011698449583049664,-0.012704924455567701
2008-05-18,0.027070360681452854,0.03551028099717657,0.03407458432541177
2008-05-25,-0.03518850626919212,-0.03508087530920467,-0.033287926342201346
2008-06-01,0.019688477643755364,0.03553919482758916,0.03190205333510154
2008-06-08,-0.028927760883950993,-0.02485158460579595,-0.01906711772155023
2008-06-15,-0.0010269896478415363,-0.010518175626409332,-0.008106515145625437
2008-06-22,-0.028732140614939672,-0.026256686203920077,-0.01972292202459769
2008-06-29,-0.03077949530847801,-0.03410492983122171,-0.03759635000093853
2008-07-06,-0.009566612083238613,-0.025719453328511888,-0.030337317945938858
2008-07-13,-0.019555067342714505,-0.005816241180419235,-0.002805674325187746
2008-07-20,0.01728024035853082,0.026102360127394864,0.019516921971129086
2008-07-27,-0.003968529463686088,-0.01929830734902216,0.01215623040497138
2008-08-03,0.005419227323757214,-0.015462953807678037,0.00018607489847499714
2008-08-10,0.025443532535607494,0.0023231992437497406,0.04463086269868066
2008-08-17,0.006184053786510324,-0.0009230371759707534,0.015914800679681873
2008-08-24,-0.0039947016679222624,-0.018120073105774903,-0.015416819554026184
2008-08-31,-0.006633423495654545,-0.020862684123003516,-0.01747975751020603
2008-09-07,-0.03393132163947543,-0.006458789777693763,-0.00857666162427878
2008-09-14,0.013422612491648778,-0.013701837406411788,0.003987338623521408
2008-09-21,-0.00992600061801685,-0.03809139039766818,0.0055853050292145046
2008-09-28,-0.018135819523196872,-0.020244655088290098,-0.017120232472058905
2008-10-05,-0.022240728975786883,-0.0023979197789120166,-0.039825769973332314
2008-10-12,-0.02429318370208189,0.040251776867936684,0.037453564350090396
2008-10-19,-0.028509077329130883,0.040251776867936684,0.037453564350090396
2008-10-26,-0.030672516229884872,0.040251776867936684,0.037453564350090396
2008-11-02,-0.030672516229884872,0.040251776867936684,-0.04273798125722883
2008-11-09,-0.030672516229884872,0.040251776867936684,-0.04273798125722883
2008-11-16,-0.030672516229884872,-0.014426192160156504,-0.04273798125722883
2008-11-23,-0.027324471152931074,-0.009961585650160032,-0.0299195251577557
2008-11-30,-0.014968466301162359,-0.00549697914016356,-0.00762310803133151
2008-12-07,-0.005960506526347442,0.0034322338798293828,0.0018548529956195492
2008-12-14,0.01205541302328239,0.02129065991981527,0.020810775049521668
2008-12-21,-0.000945205462190124,0.00011107657462483544,0.015317498334994184
2008-12-28,-0.006312082482886949,-0.011077430872094063,-0.0032341490965483444
2009-01-04,-0.026654803009599548,-0.024891437751139667,-0.02946281162322162
2009-01-11,-0.04343285070083591,-0.03337254969208836,-0.03201489922849193
2009-01-18,-0.0452350548860565,-0.03922816220071035,-0.026889971738631502
2009-01-25,-0.022924977168287453,-0.003347220010757601,-0.03402791973449493
2009-02-01,-0.01314699837622002,-0.008725274388772741,-0.01730841630240343
2009-02-08,-0.008258008980186304,-0.025210746381056748,-0.01830966554780078
2009-02-15,-0.024223999745713487,-0.036318163995325614,-0.03603041822528963
2009-02-22,-0.045078979907274386,-0.03260205905418212,-0.040006846640133764
2009-03-01,-0.045078979907274386,-0.03108590533013983,-0.0439832750549779
2009-03-08,-0.045078979907274386,-0.03108590533013983,-0.0439832750549779
2009-03-15,0.015363594844766348,-0.002499212928647687,0.018002109347712292
2009-03-22,0.015363594844766348,0.02828743068994566,0.018002109347712292
2009-03-29,0.02391743066688934,0.02828743068994566,0.018002109347712292
2009-04-05,0.02543354160347977,0.0011968692819877003,0.018910297395998477
2009-04-12,0.01839581671794721,0.007472170813545231,0.015666770426150944
2009-04-19,0.014799712161189804,0.013747472345102763,0.012423243456303412
2009-04-26,-0.004822819495361119,0.00825486747095372,0.012683326731500077
2009-05-03,0.004685478287654921,0.022222702734268074,0.014702271473636452
2009-05-10,0.01419377607067096,-0.022311259292652874,0.011517013372777551
2009-05-17,0.003493831834513461,-0.016969267680282396,-0.03384703010440626
2009-05-24,0.021461834020416237,0.008333202493287839,-0.013391072811170246
2009-05-31,0.03942983620631901,0.04191309241584262,0.024692567401065624
2009-06-07,0.021830573654110452,0.0390935256214382,0.023696056603384696
2009-06-14,0.005605648550005116,0.002181054279608796,0.005071862886703915
2009-06-21,-0.026504907537901357,-0.009684629837742098,-0.016855001776415857
2009-06-28,-0.0021730773152552896,0.002207488666905011,0.005882449600998818
2009-07-05,-0.022103144893115823,-0.018171635475595416,-0.022684962537929954
2009-07-12,-0.021351369975753764,-0.017498868362386788,-0.02261148740142649
2009-07-19,0.01057555356382367,0.008692285352776774,0.009760771140542523
2009-07-26,0.024699694879243617,0.018377635673832216,0.02421906884344882
2009-08-02,0.007648687572448187,0.0025445993929327226,0.006378583140889571
2009-08-09,0.024187495604643505,0.004568463097226916,0.010993176648976588
2009-08-16,-0.004051326203827976,-0.004042533379362667,-0.0073640697256592835
2009-08-23,0.021629555343660067,0.019279348999169832,0.01781901191364721
2009-08-30,0.003980908471683975,0.009457868233564204,0.003894302054585408
2009-09-06,-0.012767839241792922,-0.009369255053818581,-0.004924161012929029
2009-09-13,0.026552564792732714,0.029865969576202467,0.030770996416340957
2009-09-20,0.02346414382038242,0.013410622479424594,0.024970064643475398
2009-09-27,-0.021270890279807664,-0.014839514684704569,-0.01966382389587229
2009-10-04,-0.020017567673113523,-0.016035178010247786,-0.02047415302960809
2009-10-11,-0.0017837801445033108,0.038024847892995206,0.04451417018285375
2009-10-18,0.0038790378865570796,0.004757485160362229,0.00818968030894407
2009-10-25,-0.007438609004298602,0.009943059279665212,0.0035546699782273428
2009-11-01,-0.04182120358180874,-0.033754815428557516,0.01592103644270232
2009-11-08,0.034473143651947424,0.031052374545679884,0.029583459308730853
2009-11-15,0.023242953551008805,0.03058818201414315,0.026244505379567684
2009-11-22,-0.0017335286227113667,-0.00958892479293072,-0.010074286828874568
2009-11-29,0.0012793399626431778,0.0009221700536286015,-0.0035414519384130427
2009-12-06,0.013142345298939428,0.023490927581286902,0.02614530114567226
2009-12-13,0.0009008463067941008,0.0009004898765847535,-0.0018411096145574124
2009-12-20,-0.0027599360066165035,0.00765200396674115,0.009761121594915378
2009-12-27,0.020596955228806335,0.030452504695111182,0.033458577811747325
2010-01-03,-0.00924644098133709,-0.003477074673099323,-0.007236344161502428
2010-01-10,0.028087427768413775,0.004797494551508352,0.021162118677858777
2010-01-17,-0.008117452107955558,-0.016493059501632157,-0.012592918354909943
2010-01-24,-0.03898299203084932,-0.04413090768952177,-0.036145241685870966
2010-01-31,-0.016664648519268077,-0.032318066415599866,-0.026273161525220967
2010-02-07,-0.006797785082790608,0.005248739645101752,-0.002901241150918832
2010-02-14,0.01293795548742116,0.013764120562481663,0.01980734839159015
2010-02-21,0.028693047223131263,0.021535273729036408,0.027634191919062134
2010-02-28,-0.0035987508418175995,-0.00595792767584602,-0.0025001925819604365
2010-03-07,0.03169615544406312,0.028584461783600412,0.03935650349212527
2010-03-14,0.01059025305704675,0.019722121983272833,0.017757350664779015
2010-03-21,0.00855359470287298,0.004947990040180095,0.002850916200201281
2010-03-28,0.00526012919675134,0.009214444949616318,0.008726366326831103
2010-04-04,0.010464787882139559,0.0026085026756847984,0.0031105600435128444
2010-04-11,0.014855677037420856,0.018213320597242788,0.021422790928697255
2010-04-18,-0.0015893635810805273,0.010647381211997597,0.011087777509058316
2010-04-25,0.02052622542580096,0.01474962477961217,0.0197036555563328
2010-05-02,-0.0020510460485339554,-0.006952307537183899,-0.003775815562969298
2010-05-09,-0.0004948665079037018,0.0008453464661710708,0.004294491006903656
2010-05-16,-0.009165850404093567,-0.005800401438264602,0.03584426869607871
2010-05-23,-0.0419702853152486,-0.04194573566285131,0.02420286495613022
2010-05-30,0.0023833829315140775,0.007918071255401005,-0.0021086015552920223
2010-06-06,-0.023315655558419413,-0.010166001084144671,-0.01677866432676578
2010-06-13,0.026773722240323705,0.014938778304284028,0.011008699937951949
2010-06-20,0.023537663851863178,0.030773079275854265,0.029506127781430358
2010-06-27,-0.005504890261491924,-0.003646303563275499,-0.00393255099685258
2010-07-04,-0.034547444374847025,-0.03806568640240526,-0.03737122977513552
2010-07-11,-0.012041268066212307,-0.0009351458214643671,-0.007921829648094958
2010-07-18,0.011558460018971206,0.018717993496191854,0.01678664026850929
2010-07-25,0.03515818810415472,0.038371132813848075,0.04149511018511354
2010-08-01,-0.0012679974947045203,-0.012167458840640744,-0.006508136138357434
2010-08-08,0.019225254339017006,0.016423211390534265,0.004234737595117832
2010-08-15,-0.03630201941314293,-0.045331690219839404,0.008933500198708755
2010-08-22,-0.007201324872288417,0.003760925934943593,-0.004549113691277418
2010-08-29,-0.006230560246620498,-0.014519538147789723,-0.011987616451379246
2010-09-05,0.03771244090772119,0.032794488742281525,0.03720236138387367
2010-09-12,0.005320541747161789,0.0004601506357633234,0.00390821733351987
2010-09-19,0.014462004877084267,0.04008445437038288,0.032611273050401346
2010-09-26,0.02071303612060782,0.026187707763483337,0.028333726420937788
2010-10-03,-0.0018287525834981277,-0.003893198778814555,-0.0043968935385811925
2010-10-10,0.01683963627283469,0.012157957421542465,0.013143482910207727
2010-10-17,0.009953462215046116,0.033462263034972795,0.027836226115224294
2010-10-24,0.005522807265037288,0.0008299263862276973,0.004301685844715353
2010-10-31,0.00118288660228405,0.009954966605463467,0.011301175186333445
2010-11-07,0.035699110178478266,0.030800372813805765,0.028543425633651642
2010-11-14,-0.020534718290182052,-0.030278918028336488,-0.023563587151306464
2010-11-21,0.0007489725845553075,-0.0012326238742511597,-3.567762473888347e-05
2010-11-28,-0.012386830929028925,-0.002467911184762195,0.006528656553767442
2010-12-05,0.03442763718934172,0.02309259704322497,0.0224496169072117
2010-12-12,0.01293829686870751,0.015316376644761043,0.017781512668376243
2010-12-19,0.003805694992376374,-0.0007866437007919558,0.002058710601623659
2010-12-26,0.010458443259165229,0.005183287583548246,0.008562385196947409
2011-01-02,0.001194286072378592,-0.0007932188167674159,-0.0047756527619964295
2011-01-09,0.01105341267448634,0.022231129832684937,0.01896052293009598
2011-01-16,0.016989337701807328,0.016310674315200613,0.019284813185908023
2011-01-23,-0.007192612593729053,-0.01719543793895062,-0.023866732697077286
2011-01-30,-0.005063693348892451,0.0042769988845443585,-0.0009853530514082331
2011-02-06,0.026855844589328104,0.03329449405200924,0.03067120706272264
2011-02-13,0.014944903942669452,0.007868156900801004,0.014494598588228325
2011-02-20,0.010667766360821007,0.0037175200172840928,0.008724162209125863
2011-02-27,-0.016353291740868636,-0.020370334318659644,-0.018666491383122374
2011-03-06,0.0010582462485619892,-0.0011343081215107187,0.0013016209644987065
2011-03-13,-0.012305105142372708,-0.02346725132801164,-0.024800000140276945
2011-03-20,-0.019298029339506195,-0.031621761972872364,-0.02649135284563109
2011-03-27,0.027708062781947262,0.03935705750802998,0.037595516708174515
2011-04-03,0.01408968970075608,0.005023293358422887,0.016966467400775453
2011-04-10,-0.0021777896909691563,-0.003075833833556474,-0.003290857276984971
2011-04-17,-0.006172212180208803,-0.00732733519053852,-0.005671812163040246
2011-04-24,0.013178120508854363,0.023698757311877428,0.020078495189776557
2011-05-01,0.01980856591664737,0.014800729327656859,0.018928049691053994
2011-05-08,-0.016345345283101276,-0.009723555499054348,-0.01600116227500037
2011-05-15,-0.0011921701812326324,-0.0007550509365655822,0.00032180116090185784
2011-05-22,-0.0032078760875058343,-0.010960142437240639,-0.008891698552308869
2011-05-29,-0.0007485680376689841,-0.0026747690925750245,-0.002304396494147265
2011-06-05,-0.023144270657355248,-0.021455804303641912,-0.022911434846152767
2011-06-12,-0.02162242683803839,-0.030148850747263256,-0.032585882461617977
2011-06-19,0.000625744598632183,-0.008966116715780625,-0.01030740665700225
2011-06-26,-0.0006314693683823758,-0.0026425604710614836,0.0018041011227394876
2011-07-03,0.0008476682870677821,0.008540277670642693,0.01473116425944665
2011-07-10,-0.008289696239491495,-0.003689298821416387,-0.004466965306261672
2011-07-17,-0.02016341238851549,-0.0207781572104605,-0.02448065022893542
2011-07-24,0.021945126609164367,0.030864216522618726,0.024743719294818778
2011-07-31,-0.008532450361982746,-0.0015962330963378846,-0.0055463433434611575
2011-08-07,-0.027666447331513078,-0.021343985852229463,-0.02274165821504398
2011-08-14,-0.016322867329896296,-0.008631288989164432,-0.009646910448346868
2011-08-21,-0.016322867329896296,-0.008631288989164432,-0.009646910448346868
2011-08-28,-0.0010171890706596187,-0.007562766645515695,0.0001935522107581189
2011-09-04,-0.008697012491062028,-0.006533367860672656,-0.002390813752006671
2011-09-11,-0.008697012491062028,-0.006533367860672656,-0.002390813752006671
2011-09-18,-0.016376835911464438,-0.02236750146940686,-0.0049751797147714605
2011-09-25,-0.0034347781341845796,-0.027948951147180268,-0.02731526224252334
2011-10-02,0.009594898047258438,-0.016666868431376436,-0.0004196171488244915
2011-10-09,0.009594898047258438,0.006496932230030006,-0.0004196171488244915
2011-10-16,0.017023471340107954,0.00579176794378633,0.0075423909789548715
2011-10-23,0.024385137913038868,0.009566955606872263,0.013203230995340876
2011-10-30,0.03734790737456328,0.03721110821760831,0.037797707977646366
2011-11-06,-0.024261658782691153,-0.016238626087031083,-0.01863251989097492
2011-11-13,0.009403933059127567,0.004222973340939573,-0.00275483595956183
2011-11-20,-0.013772573649257158,-0.016046078256346574,-0.02120942917903429
2011-11-27,-0.036949080357641884,-0.03631512985363272,-0.03966402239850675
2011-12-04,0.009530591345680461,0.011655442913356406,0.0075830595158601355
2011-12-11,-0.00986712582021293,-0.012427072125321958,-0.013496948273426845
2011-12-18,-0.02926484298610632,-0.03650958716400032,-0.034576956062713826
2011-12-25,0.03947698626829732,0.023218563053026386,0.024775591613424464
2012-01-01,-0.007041981619201332,-0.004303571319627775,-0.00515152552002629
2012-01-08,0.017609561988074507,0.020432393033944063,0.026512895974713624
2012-01-15,0.008848377284548459,0.00423536701147742,0.013630124511519348
2012-01-22,0.02413827965717763,0.02760771230502601,0.02804842769062943
2012-01-29,-0.000984802653808181,0.0037314713474019268,0.010711629590296257
2012-02-05,0.020633901229202722,0.030482969488885958,0.03163794775041384
2012-02-12,-0.0013378005720264818,0.011183483797918337,-0.0006126075833777778
2012-02-19,0.015257068881052938,0.01748106282023887,0.016495223086838706
2012-02-26,0.003812226379459549,0.010518979703502351,0.004055170298708388
2012-03-04,0.00277533641975225,0.009021431319928386,0.004197365299451805
2012-03-11,0.0018933422500122532,0.003438752772886966,0.004082449952315326
2012-03-18,0.024313729441489462,0.02727765444437069,0.022393676725809497
2012-03-25,-0.004632784676034896,0.003681495004676183,0.004143644753281217
2012-04-01,0.008306915356090183,0.00566833143840606,0.007708853909694335
2012-04-08,-0.007244214540132687,0.00033163539496761096,-0.0035807269816302556
2012-04-15,-0.018956723611264548,-0.018561393099805534,-0.022454121692906948
2012-04-22,0.005906321563057038,-0.011144889806042335,-0.003613063553597362
2012-04-29,0.017687010316794538,0.025614649885878693,0.022913230055095157
2012-05-06,-0.024146451426461435,-0.03196829223831987,-0.036771753250601336
2012-05-13,-0.010146430372005244,-0.013071496815373007,-0.022194643354049748
2012-05-20,-0.04328539512963503,-0.04252351939727028,0.006760579894897312
2012-05-27,0.01819016240846949,0.014561230589269725,-0.005298335462248394
2012-06-03,-0.029826196027090357,-0.02404011622051505,-0.03173536417178957
2012-06-10,0.03854574538639999,0.04154382247558819,0.04037879882470419
2012-06-17,0.013035351861749866,0.005300875137803862,0.005030795805429644
2012-06-24,-0.005069076481243329,0.0038770779001102706,0.006829529627332853
2012-07-01,0.019781318059781006,0.008778061142681981,0.014738567740707031
2012-07-08,-0.0044820049577261045,-0.001392258993133888,0.0007768280809334893
2012-07-15,0.0019189476437817543,-0.014639218171702773,-0.00982528577118491
2012-07-22,0.005303783126996642,0.017332985657581457,0.00578657448573594
2012-07-29,0.016193994697393466,0.012864472248436565,0.011209119924513677
2012-08-05,0.004830978149831022,0.01407537681474258,0.0033162662940127152
2012-08-12,0.010692546273676662,0.019972736032914273,0.01784433667601193
2012-08-19,0.009514779052355982,0.020577629212708226,0.018448381747909526
2012-08-26,-0.0047123191558978705,-0.005853782346863512,-0.0022102550661168285
2012-09-02,-0.0024739401623863344,-0.0026169922375507415,-0.0009219126028124913
2012-09-09,0.02245718291964094,0.019678757422405102,0.0226478212373753
2012-09-16,0.020162324138371046,0.01576066323002734,0.015154230135249414
2012-09-23,-0.004016380004244646,0.0019051404755980883,-0.0012531573346202807
2012-09-30,-0.013025107510681533,-0.021580535708725868,-0.02004112669706737
2012-10-07,0.015072335633127487,0.0019462132166498947,0.006405162989445934
2012-10-14,-0.02223862074236138,-0.03140159091535544,-0.029360413656287276
2012-10-21,0.0034990366209719515,-0.0210562002845317,-0.012644086079715788
2012-10-28,-0.014226872989561823,-0.01024247226890418,-0.005879041704099253
2012-11-04,0.0014854465349429802,-0.0010349082851558444,-0.0019478466689485385
2012-11-11,-0.024017941910942198,-0.024861523949205266,-0.02590757903278673
2012-11-18,-0.012955910622212352,-0.020538413722400062,-0.01781154829225029
2012-11-25,0.0365182934085837,0.043022518326286674,0.039858057471834796
2012-12-02,0.0056597451930118226,0.00970477525850888,0.014624902219495972
2012-12-09,0.0018289368286377172,-0.012357990779301997,-0.010696805329919234
2012-12-16,-0.002176805815797711,-0.0027806257413843793,-0.0022531466499733366
2012-12-23,0.011982060973731334,0.014867434952878567,0.016719761970024782
2012-12-30,-0.01932847366748658,-0.020379941623132947,-0.001686419916947235
2013-01-06,0.0452762437883627,0.04019739463217298,-0.006182245624728522
2013-01-13,0.00478230165114546,0.0030508465639749183,0.005316575003723734
2013-01-20,0.008567159539639935,-0.006759121679133728,0.0029050394529852586
2013-01-27,0.012943803609251736,-0.0030621142257365452,0.004785131698600287
2013-02-03,0.006589304226395143,0.014675678338142761,0.009331061298736953
2013-02-10,0.0037031889738561308,0.006727516989198268,0.004645974985858059
2013-02-17,0.002041782443644724,-0.005011790045284847,-0.0005761310958523058
2013-02-24,-0.001446241491004474,-0.003022384913668019,-0.00946418444069419
2013-03-03,0.0014483361348156532,-0.0003368552330023089,0.0025048616631462295
2013-03-10,0.021892072221337155,0.020552847344699865,0.023544557971017177
2013-03-17,0.006967601364719078,0.0011053522950987826,0.001448648274429809
2013-03-24,-0.001475664939321386,-0.0009934108946626496,-0.0012526871608620205
2013-03-31,0.006876249614017782,0.003314589121217626,0.006939913568952294
2013-04-07,-0.009637899146450968,-0.017839606279991704,-0.019482638737897462
2013-04-14,0.02345978243832847,0.02152750676186521,0.028431279985972724
2013-04-21,-0.02090704290438572,-0.033586021891254925,-0.02697761541006427
2013-04-28,0.017751885398865408,0.02350948165695388,0.022831746702830724
2013-05-05,0.019779814965471765,0.03894804871531954,0.030302529458155814
2013-05-12,0.012642007556622037,0.012175638569228209,0.01715198092791992
2013-05-19,0.02160164537832654,0.019309714163382896,0.01815464536248057
2013-05-26,-0.009763624223988798,-0.015838630332994486,-0.01138337238058551
2013-06-02,-0.011251939193861471,-0.0009463537135270261,-0.0009337524844486023
2013-06-09,0.00825961806097708,0.0022107163264699636,0.003851390496931728
2013-06-16,-0.00982992032709018,-0.011030384837034113,-0.013161434701449815
2013-06-23,-0.0200290951490254,-0.022815209377957002,-0.019368744073088418
2013-06-30,0.008487246866968778,0.002622211775552996,0.013701690371583863
2013-07-07,0.01620722180014611,0.0192874692344136,0.02236975914566952
2013-07-14,0.027542545500997884,0.02405359596037493,0.03469014576670304
2013-07-21,0.00991036097769693,-0.015032680324481462,-0.0034638037022830526
2013-07-28,-0.00035527242990252006,0.008902973786193868,0.007121678198710457
2013-08-04,0.010880508693343671,0.015127431629313515,0.02115327791750854
2013-08-11,-0.009593315564187632,-0.007450967122517027,-0.007990042190731295
2013-08-18,-0.020554110311379548,-0.004691967957755616,-0.015663484551666218
2013-08-25,0.004763817617072785,0.007856995023589386,0.015268767262585525
2013-09-01,-0.017824940563473612,-0.020892093834815162,-0.018568567673285075
2013-09-08,0.014604137865291689,0.011783394670338732,0.019538281410881986
2013-09-15,0.019814612017445388,0.01542358959175738,0.016986270996286468
2013-09-22,0.013123542077631889,0.009512731771950778,0.014118083970476647
2013-09-29,-0.010602294030634729,-0.005245358057905269,0.0018173769931546513
2013-10-06,-0.00011857308670559785,-0.001861184735430621,0.006917701681402155
2013-10-13,0.008111729472147333,0.008390403671567626,-0.004170411085943182
2013-10-20,0.02425722431849242,0.024344986459288842,0.03228220068892251
2013-10-27,0.008945369012349769,0.007822040583745027,0.0074292278292167335
2013-11-03,0.0014777978637221523,0.004776158492665106,-0.005406574032954303
2013-11-10,0.006128959364164022,0.00713028050391995,-0.0007164788135161082
2013-11-17,0.015567655781110412,0.011799213446099133,0.017028852750915258
2013-11-24,0.004220998820930744,-0.004081881671108789,0.0014249810415964959
2013-12-01,0.0010509914099170459,0.015515197000530723,0.017095685218863288
2013-12-08,-0.0003315542216066891,0.003747955474023623,0.0006478320897158607
2013-12-15,-0.015640728564431328,-0.017806150327680514,-0.015148242658900357
2013-12-22,0.02490444454905827,0.027261255066575618,0.025933709844280006
2013-12-29,0.012613026778424574,0.017734425145075727,0.012631642056368797
2014-01-05,-0.005221766617813706,-0.010117783930951196,-0.005937484435013296
2014-01-12,0.006834861207047682,0.0028393907063646306,0.010348667809323198
2014-01-19,-0.002715048997354197,0.012174446755802038,0.005487896451394247
2014-01-26,-0.0258661103000406,-0.017342709821739244,-0.016535755115600903
2014-02-02,-0.003968827118554397,-0.008824269674358787,-0.005883972685762795
2014-02-09,0.008418617898001468,0.008041347198058935,0.005355902486523734
2014-02-16,0.02415394315782171,0.027635432304565333,0.028638916532668812
2014-02-23,-0.0007065886796993048,-0.0033268779383874847,0.004568813678897721
2014-03-02,0.01305127959614083,0.011126387606581245,0.010486901165715157
2014-03-09,0.010575048113717456,0.0019254204021499355,0.006522589178547422
2014-03-16,-0.019122631106599286,-0.021691467084178906,-0.020944580302703186
2014-03-23,0.01279008299699913,0.02346969199597848,0.007393917520330806
2014-03-30,-0.003813200864050348,-0.006609745872698358,-0.02829932550629266
2014-04-06,0.004905690434758858,-0.004158450407502401,-0.006744804015887174
2014-04-13,-0.026233613656234667,-0.02004446965888096,-0.031009780340686022
2014-04-20,0.02688542495738555,0.023579551131915677,0.023949126448599367
2014-04-27,-0.0005364902875416577,-0.007771446545883132,-0.004873608441006816
2014-05-04,0.009501442372630065,0.017901904972381644,0.011860908207712573
2014-05-11,-0.0005320152901137076,-0.0016489680137912188,-0.012616645987619579
2014-05-18,0.0004792518848180105,0.009634170450174784,0.0045973889550423586
2014-05-25,0.012230445111890198,0.01799358105232529,0.023277808007457157
2014-06-01,0.012240572239395009,0.012854839313636512,0.013572058406499998
2014-06-08,0.014013029740112648,0.009782983714162974,0.018568663462726898
2014-06-15,-0.00639783802381011,-0.0015712475903708611,-0.00248761980907386
2014-06-22,0.014160122234534223,0.003556956341361772,0.013313569419670657
2014-06-29,-0.0006122338672600591,0.006563412179992678,0.006842917292755768
2014-07-06,0.01215405423832494,0.015910169087963943,0.02000941271978407
2014-07-13,-0.008022396805970056,-0.0007702549531688474,-0.015702415919566226
2014-07-20,0.005594563456395196,0.013617845841587206,0.0037730052801505654
2014-07-27,5.0737653388921444e-05,0.006844103214414421,0.00392815149162562
2014-08-03,-0.026400764968194324,-0.023414031333985563,-0.021781911154971745
2014-08-10,0.0038442058175947036,-0.0030942855057534135,0.004195101145844982
2014-08-17,0.012833665403740868,0.01603417464407375,0.021512794970911964
2014-08-24,0.017729384378886603,0.020870155069886875,0.01648841661748235
2014-08-31,0.007630907130334874,0.004238187220996448,0.009192410932818307
2014-09-07,0.0019928783140590323,0.00024798787509916487,0.0005741763697959534
2014-09-14,-0.009845351793427715,-0.0017372012425285188,-0.003338454911414379
2014-09-21,0.012595407155850502,0.007300817764667622,0.002668784732819507
2014-09-28,-0.013950987177496876,-0.013634185730439952,-0.014760523316498575
2014-10-05,-0.0069732339105009755,-0.005277405304749072,-0.008104673050920552
2014-10-12,-0.030429508780355996,-0.03865634560731546,-0.04454799057829584
2014-10-19,-0.01086397896834701,-0.010511855599555253,-0.02435529708618689
2014-10-26,0.042235067040824914,0.042496400620253505,0.014313568142049482
2014-11-02,0.02662539022356447,0.03286608964346227,0.01658809507056591
2014-11-09,0.008330723396206663,0.0073997346151244425,0.00038645026295491824
2014-11-16,0.004425920998259558,0.018854113437456244,0.01209064086014533
2014-11-23,0.011946436801943294,0.0014420560728329868,0.00521061472819051
2014-11-30,0.0025161935593125406,0.019678515426744037,0.01669004139279462
2014-12-07,0.0038609777595963735,-0.008707828152046071,-0.0022685636105765905
2014-12-14,-0.034182431894578036,-0.035612419459095324,-0.026598213297196693
2014-12-21,0.033699132840447676,0.028710708789762673,0.02402006678926849
2014-12-28,0.009296917279695727,0.01804226574866785,0.008704443609702128
2015-01-04,-0.014440854197076525,-0.024811354207925462,-0.0166532428579802
2015-01-11,-0.005743579507315855,-0.0004843851913207686,-0.004810905048671543
2015-01-18,-0.012827506836215918,-0.02109098337055082,-0.014814818659249829
2015-01-25,0.016564841850818635,0.02649823627135417,0.026648657020548416
2015-02-01,-0.0269306966236057,-0.037394439558044446,-0.025776112776727866
2015-02-08,0.030583958272704992,0.030074963673860644,0.023549948319662173
2015-02-15,0.020579002865855234,0.03771309979657933,0.03149817563490509
2015-02-22,0.006959469456981449,0.01008228112350773,0.012695628193288178
2015-03-01,-0.002745372995597406,0.00023166898070625663,0.0015253461955557768
2015-03-08,-0.015000641350136568,-0.01624476940364572,-0.0072850712162315645
2015-03-15,-0.008048378059455241,-0.02123171779683919,-0.011286010638519306
2015-03-22,0.026814450003384005,0.029504236407043916,0.031746260836028384
2015-03-29,-0.02219440974222109,-0.027503647890758876,-0.026897813778522628
2015-04-05,0.0034023637829481146,0.0,-0.0008750931770584724
2015-04-12,0.01743825564216972,0.01716236195527321,0.022312539210605165
2015-04-19,-0.00995030308447964,-0.014496420709421476,-0.012844311251419271
2015-04-26,0.017792578325829034,0.04002908267122551,0.03249720034371095
2015-05-03,-0.0043939061602306095,-0.0006957216725753668,-0.01702446545934344
2015-05-10,0.004270952385171167,-0.0016239201237875367,-0.00036767004788484936
2015-05-17,0.003874787515988798,0.006507038887048955,0.008941698618266214
2015-05-24,0.002588844000639412,0.0066957503724072165,0.008135393153119397
2015-05-31,-0.00868586195215304,-0.005274869245639469,-0.003798135452056095
2015-06-07,-0.006488381166162127,-0.009684530363545663,-0.0003096282044231513
2015-06-14,0.001144259508563339,-0.00651916085660087,-0.0034250765350899437
2015-06-21,0.008691935832491726,0.0014389218209460708,0.013046643517186984
2015-06-28,-0.004696165613636394,-0.006582247609741576,-0.007131177325581439
2015-07-05,-0.011962486497782088,-0.01230488280788955,-0.014033986347180782
2015-07-12,0.0008199629527303465,-0.009746100015987358,-0.002297720741345377
2015-07-19,0.024098519613269254,-0.016024797059845997,0.04250754008924029
2015-07-26,-0.021084443949982767,-0.009834331399095175,-0.02332187824467513
2015-08-02,0.012019693119105002,0.005193614097416477,0.007791862103721181
2015-08-09,-0.012114061152065148,-0.01080322161573477,-0.016524009930001915
2015-08-16,-0.0025226924228107794,-0.0018402231557044235,-0.007796043033887368
2015-08-23,0.0071990762425994115,0.016706034404301295,0.013457753771096481
2015-08-30,-0.013120572456470081,-0.002865128463488964,-0.001961639954183192
2015-09-06,-0.033570621091695396,-0.032019550431254595,-0.029906863588332167
2015-09-13,0.021548142237583612,0.029516479193497203,0.029552153790791014
2015-09-20,-0.0013922109037634023,-0.005422082340236112,0.0010140589168736724
2015-09-27,-0.013302622365420014,-0.006240499265258936,-0.02915336145950198
2015-10-04,0.011148687286637315,0.006782215523737811,0.004540656173317004
2015-10-11,0.032461385948065136,0.034930174866494745,0.026061208316146445
2015-10-18,0.009635964568691424,0.011812683770885624,0.011638561891912813
2015-10-25,0.02085907421166655,0.044317680543491056,0.02970720950493222
2015-11-01,0.0020238948358490827,-0.004107161451805119,0.004350307304558987
2015-11-08,0.010147627325764352,0.0158075647286553,0.01847541275043274
2015-11-15,-0.03570770099252585,-0.04442954889190842,-0.04259473829703386
2015-11-22,0.03342584492364442,0.04319115512933669,0.03592620828279158
2015-11-29,0.0011942732072571793,-0.006560928087076756,0.0044271208955515284
2015-12-06,0.00028626350942428935,0.015030745669462275,0.0028766343073876044
2015-12-13,-0.03692397453487728,-0.03971309826622371,-0.04060459755991841
2015-12-20,-0.0033167338241542055,-0.009770630702130578,-0.002106050359336975
2015-12-27,0.028297383886690453,0.025610864231309538,0.025473921662831023
2016-01-03,0.00974870334349165,0.007949804496326873,0.008668410015442163
2016-01-10,-0.015107575856712852,-0.014209507446003855,-0.020780688179889872
2016-01-17,-0.00349287427545375,0.0038640698038999166,-0.005264873550048232
2016-01-24,0.014429425962811049,0.026435899261151752,0.022894527627736583
2016-01-31,0.016795940509570784,0.021297902813278036,0.01392702050598893
2016-02-07,-0.02978526911613233,-0.042192240339934406,-0.0004573906708592035
2016-02-14,-0.0070230917132824144,-0.005822675690760115,0.016304355155251138
2016-02-21,0.02877345129806108,0.035396040266552076,0.03848300503646196
2016-02-28,0.016093494559007215,0.014756193433643983,0.019101203860392157
2016-03-06,0.027372333972342622,0.028114569456515248,0.027567939397207697
2016-03-13,0.011624987362720773,0.010608021903962372,0.0066673864393786975
2016-03-20,0.013188594020674849,0.021935239358924052,0.009935765702502763
2016-03-27,-0.0061649810880274325,0.0006882578658726768,-0.004618748823371099
2016-04-03,0.018707890533642857,0.02475918670898425,0.029546462566774956
2016-04-10,-0.011694852568768677,-0.01812066516565869,-0.012992080062172007
2016-04-17,0.016038711924786675,0.010252919519333492,0.01804491206298886
2016-04-24,0.005727374654035833,-0.02029782242087408,-0.006478089875141868
2016-05-01,-0.012633368724771055,-0.030156678004847448,-0.026674272854815606
2016-05-08,-0.0029563297805740296,0.002848735209034503,-0.008208744084956754
2016-05-15,-0.004666520043695832,-0.0009471450483573562,-0.00390189095365856
2016-05-22,0.0035648662830813915,0.012319602981602618,0.010996905444932814
2016-05-29,0.023115752347817375,0.03206148724727087,0.03437213063516498
2016-06-05,0.00019003379951931798,-0.0036277530699291294,0.0018283205698286231
2016-06-12,-0.0009985020399708722,0.00045512019743454424,-0.009705618723684917
2016-06-19,-0.01178674161245763,-0.01593280989769208,-0.01924793182148754
2016-06-26,-0.015882276284335806,-0.017886311583868886,-0.01924027595702449
2016-07-03,0.03286787874201913,0.028145549938257908,0.032835705417466166
2016-07-10,0.013004731325725771,0.01518308370435606,0.019370403883379295
2016-07-17,0.014954117105808518,0.019941057530326045,0.014693082087632092
2016-07-24,0.006532943113500833,0.018218081403937214,0.014031027318796907
2016-07-31,-0.0005523847531604398,0.013528308910967457,0.01215054521112613
2016-08-07,0.004882002389114293,0.012917144218781873,0.011427499058365376
2016-08-14,0.0012835300394051785,0.001275303880173162,0.0022543092798237296
2016-08-21,0.0003660942209831042,-0.0019104309512261164,0.0010490849129869417
2016-08-28,-0.00571993168636431,0.0006379701975387508,-0.0037148815803430546
2016-09-04,0.004970638443100306,0.006376430911837039,0.005936090404242034
2016-09-11,-0.023309382004645385,-0.02513229920789739,-0.023617544791358136
2016-09-18,0.0054757016854221074,0.026977646389469312,0.023148994881244445
2016-09-25,0.012279036141776167,0.005930966608528987,0.011665432596345227
2016-10-02,0.0014353852460076144,0.006106497270489397,0.0011779672996277135
2016-10-09,-0.005825324239444818,-0.0033485935525255917,-0.003689777420227802
2016-10-16,-0.008928494874346993,-0.005250126773434949,-0.01478341537628347
2016-10-23,0.00403515183464509,0.003377752071422435,0.008292753731762526
2016-10-30,-0.006729523439706342,-0.0018937748378571317,-0.012800967386463746
2016-11-06,-0.018773025035672575,-0.02655948155679444,-0.02769310374835654
2016-11-13,0.0377367439030456,0.0119096712039366,0.03779741510518764
2016-11-20,0.009610840118067676,0.013481772877311782,0.01611574027413476
2016-11-27,0.013821860028914168,0.013513509964283132,0.01454665304760705
2016-12-04,-0.008306457114484744,-0.0272917945636163,-0.026536792840871293
2016-12-11,0.031090874192676088,0.04197916054289075,0.03593277732826783
2016-12-18,-0.000634075273673651,0.0031745934344578064,-0.001348120809991693
2016-12-25,0.002977286996703521,0.00782050715674143,0.004695426366446709
2017-01-01,-0.009658312628871624,-0.012456699626638756,-0.014566051720348305
2017-01-08,0.01646308617284231,0.021505587451030816,0.025624533431053864
2017-01-15,-0.0007042652796387383,0.0052629160002473085,0.009610483861909769
2017-01-22,-0.0013653860416457109,0.002819137382531478,-0.003370942618290851
2017-01-29,0.009835124278201324,0.018875589727478825,0.01898171765643153
2017-02-05,0.0016159407365199385,-0.0009854740009536123,0.0010581995064897765
2017-02-12,0.009461818503956554,0.012428504440839871,0.011886817896100466
2017-02-19,0.015463710035458211,0.016952233698564134,0.01821552658330594
2017-02-26,0.007018490375316322,0.008431122852532669,0.0011526741739766866
2017-03-05,0.007096638716876935,0.004370090403519544,0.004352197086422871
2017-03-12,-0.0030619658660069327,0.004729440413197672,-0.001536433936251802
2017-03-19,0.0015617027164935848,0.00819887343605119,0.006699390736539801
2017-03-26,-0.013373765345948474,-0.009373953928848544,-0.012245342420776129
2017-04-02,0.008039060451584534,0.008894855023474424,0.01423978366894918
2017-04-09,-0.0022909601926131007,-0.004689344792267902,-0.00573945647746088
2017-04-16,-0.011437012563439986,-0.013004351058887864,-0.01236177343699052
2017-04-23,0.00894592633178215,0.015275844171344533,0.01815114492477754
2017-04-30,0.014876849418123061,0.02275725277366747,0.023194210204345422
2017-05-07,0.006804687076310101,0.01084977010462529,0.008788579876234381
2017-05-14,-0.003003888724832704,0.010733016860174027,0.0033553550098941454
2017-05-21,-0.002803535876744645,-0.005759450569613134,-0.006131085627561372
2017-05-28,0.014267152611581846,0.02063723484993707,0.020791581115586544
2017-06-04,0.010177475677238812,0.01436673817189682,0.015395642352864947
2017-06-11,-0.0031124257990732263,-0.0204583274521688,-0.015522199537597037
2017-06-18,0.0016975024675975892,-0.009771214892954627,-0.00904653361460206
2017-06-25,0.0020196302378889808,0.019004490739975344,0.018448417802197747
2017-07-02,-0.005470375651822734,-0.028063836172012135,-0.019924197458201953
2017-07-09,0.0012820005245091082,0.005299559382998531,0.0020617736915513607
2017-07-16,0.01424982264751451,0.03363030445620474,0.025904121951118908
2017-07-23,0.005375529489896724,0.010728053467968568,0.011925566789880326
2017-07-30,0.00012148508816944847,-0.0005218863737270762,-0.0020460763521975567
2017-08-06,0.00202491798518456,0.0029595420631671754,-0.0036268670035146666
2017-08-13,-0.013297756660884175,-0.008852569246365016,-0.014956955318632836
2017-08-20,-0.005775814543163116,-0.0005254832476930815,-0.006398128214643473
2017-08-27,0.00762225216770851,0.011039084113414477,0.00789996240020674
2017-09-03,0.013411843581933036,0.018717631461844686,0.02708261848806326
2017-09-10,-0.0050839801138947704,-0.012759587057646349,-0.01167619000215181
2017-09-17,0.015600126602859588,0.015851480313503474,0.01388013160782764
2017-09-24,0.0010031892484898552,-0.003745333444590271,-0.0033419233168113793
2017-10-01,0.00717616734852311,0.009910940663093948,0.010742321345488026
2017-10-08,0.012498445349932386,0.014382529657692045,0.01450443281829461
2017-10-15,0.002280248231134374,0.009174383749261494,0.002370136853564686
2017-10-22,0.008472152635084162,0.009917187009359285,0.003519634364865576
2017-10-29,0.0023333970532495307,0.023568032902241853,0.010892957975129347
2017-11-05,0.0028716658263638895,0.015190260494053032,0.009428104265610138
2017-11-12,-0.0013927401849458398,0.00015754959533986757,-0.0019957306320903534
2017-11-19,-0.0008915707560603892,-0.0023621646950789943,0.004717876019145084
2017-11-26,0.009695248764808762,0.018153152836848152,0.01568235439618615
2017-12-03,0.015747739322745202,-0.01534880374809966,-0.006034162591253778
2017-12-10,0.003970418279468868,0.0014169212787453755,-0.001096702021639695
2017-12-17,0.008896823752496452,0.018879156445419376,0.014108021967259354
2017-12-24,0.0037524407983644537,-0.00030967042740626116,0.003370520133722632
2017-12-31,-0.0024300247412135656,-0.009141666856713804,-0.008127895064949486
2018-01-07,0.024582035810803315,0.03674756071058849,0.03377614726347011
2018-01-14,0.016458312988195,0.007692082670570866,0.017445379703640018
2018-01-21,0.008959320552661687,0.01481832657854154,0.010373116819162753
2018-01-28,0.022003841491609055,0.020501368722928515,0.02308906291992785
2018-02-04,-0.00841687969410404,-0.039167488497019454,-0.006096551568802289
2018-02-11,0.0027800499341966156,-0.041770867059379324,-0.03528216605753243
2018-02-18,0.025128029669842067,-0.013925684168181018,0.013525840837665948
2018-02-25,0.005858358591473767,0.003795165262829414,0.001344098600070398
2018-03-04,-0.020494112421038824,-0.00893254675971833,-0.010837643637525152
2018-03-11,0.0363828888763158,0.04181443666610818,0.04173950987202879
2018-03-18,0.011787556714034031,0.016069413252052633,0.01565736210985408
2018-03-25,0.003477921533134809,0.0040297827250107,-0.00015135932763349347
2018-04-01,0.00336450952666284,-0.0016034003412173647,-0.005439524155981201
2018-04-08,-0.013034599461191676,-0.02094197629445904,-0.02100111530901605
2018-04-15,0.020907139204680014,0.0354411651168649,0.02769877020747913
2018-04-22,0.005506320404687681,-0.0016587762593737176,0.005555357448483456
2018-04-29,-0.00018751287306950637,-0.00483308122518622,-0.003684522749625274
2018-05-06,-0.0020257951076269043,0.026256195184379383,0.012615567145703332
2018-05-13,0.025674766120882708,0.03342168184907646,0.026805818126849124
2018-05-20,-0.005570773146661434,-0.014452946458194615,-0.006556912962372485
2018-05-27,0.003022035842509707,0.012777448260527624,0.010811338012047589
2018-06-03,0.005328346221352476,0.01921143820797999,0.016206942416922665
2018-06-10,0.01677587788310464,0.008299500891903788,0.01206985749325784
2018-06-17,0.0006629381135629941,0.004102134926446732,0.013193380203504912
2018-06-24,-0.008623969486210137,-0.012827621612081397,-0.006914205009824981
2018-07-01,-0.012593697074699706,-0.018785440122985553,-0.02372602292811221
2018-07-08,0.01526092622101416,0.02288731575495695,0.02371281262568181
2018-07-15,0.015140304030532015,0.020827711017314288,0.01789579369716021
2018-07-22,0.00032204775651178963,0.0001378618079028726,-0.0007385381984971184
2018-07-29,0.0062213130790556015,-0.009648662295706267,-0.010585441724000777
2018-08-05,0.0077466176339637816,0.012108711499622116,0.009640144195757205
2018-08-12,-0.0015515141716084813,0.004262804242031848,0.003469030181643795
2018-08-19,0.006709863682025752,0.0016433525631134316,-0.002905914772664664
2018-08-26,0.008594718364893339,0.015447370123997217,0.016587055695945097
2018-09-02,0.009738716844110096,0.017770721597284656,0.020584000840145666
2018-09-09,-0.009334747974316548,-0.026719408386638666,-0.02552549207512511
2018-09-16,0.011404879178080307,0.01848310081522686,0.01360322117554924
2018-09-23,0.008359856466905624,-0.001027475040451753,-0.0028813936025844367
2018-09-30,-0.004349436424016417,0.009650308888653703,0.0074358876229772
2018-10-07,-0.009975184705462325,-0.022700297338445807,-0.032051787358702066
2018-10-14,-0.041240972788671115,-0.03789730931028523,-0.03743492624106737
2018-10-21,0.0010869987282282612,-0.011576768536577076,-0.006384027335292863
2018-10-28,-0.03952945946007613,-0.027425088527193164,-0.037833091334972924
2018-11-04,0.02472399043632789,0.009546562518622181,0.02647896105623171
2018-11-11,0.02158961826174699,0.016002326418648183,0.006783979097260584
2018-11-18,-0.01450881220397715,-0.003668468463279284,-0.021470492007854558
2018-11-25,-0.026397468733871554,-0.013503865904243018,-0.03204427415457339
2018-12-02,-0.04105487334411784,-0.011901835491538337,-0.04261805630129223
2018-12-09,-0.02779270734176853,-0.00046440763786992356,-0.008406908024536364
2018-12-16,-0.02779270734176853,-0.00046440763786992356,-0.008406908024536364
2018-12-23,0.00876394043150458,0.018348941075364777,0.015655236420488605
2018-12-30,0.024009062432650663,0.01939542643094161,0.03157859129813434
2019-01-06,0.018728450743224823,0.0016285630732837397,0.023439801730755105
2019-01-13,0.026110266185284337,0.03317065057917157,0.03451920976350942
2019-01-20,0.02888267093867558,0.028485996758208287,0.026644270731666087
2019-01-27,-0.0025521241244054194,0.008875582146144367,0.001066038513967138
2019-02-03,0.016103922630587908,0.011223531909187123,0.013818868169866327
2019-02-10,0.001517835034895887,0.019799419616835623,0.00472614151563211
2019-02-17,0.02551112485513496,0.02397399368847286,0.02387026339033449
2019-02-24,0.006381491629078306,0.014651099036796289,0.007377791322976224
2019-03-03,0.004585511579332513,0.009909406327531567,0.009008262758067653
2019-03-10,-0.021253762456447722,-0.005768664150989533,-0.024647969946147485
2019-03-17,0.029472468747579805,-0.008462861353313977,0.037848858588370504
2019-03-24,-0.007322536292556858,0.00689777039443451,-0.005964711663052791
2019-03-31,0.011566694045150427,0.009274528865986342,0.01133764812945004
2019-04-07,0.021559035971753238,0.025945821046846396,0.027087780289731134
2019-04-14,0.005509739049791795,0.011722796918655964,0.0057276723463639545
2019-04-21,-0.0004824310996611736,0.013149605709473322,0.0017409348098897937
2019-04-28,0.011688891324412642,0.009509092032897293,0.01854697797506688
2019-05-05,0.002113151058293461,0.0035640908313780972,0.002160475531183481
2019-05-12,-0.020167844622609787,-0.033739172805809625,-0.030262133585711615
2019-05-19,-0.007844866564095665,-0.010501795084520538,-0.012714528213551235
2019-05-26,-0.010705193169758709,-0.027593207806202114,-0.02293546603483898
2019-06-02,-0.026557970938762,-0.02341462873675726,-0.024074849833088163
2019-06-09,0.04497446062348187,-0.010208652334476542,0.03876886941743063
2019-06-16,0.005596880751246092,0.01574764079382679,0.007047191059989855
2019-06-23,0.021329906266108978,0.03267653658929426,0.03014749905433267
2019-06-30,-0.0034013620564402602,-0.003447686867474986,-0.003171146205026454
2019-07-07,0.018634941049801457,0.02447450281431629,0.01942857073157045
2019-07-14,0.0073376274296625965,0.014884239611749672,0.010089650552252971
2019-07-21,-0.011574929503739395,-0.005545763712412777,-0.011844706449266384
2019-07-28,0.016287124918613838,0.023546586636446376,0.0225520096724936
2019-08-04,-0.031091932706261427,-0.042862150296274826,-0.0391514905684377
2019-08-11,-0.0034172913535415184,-0.007084034553780039,-0.005613355266348541
2019-08-18,-0.009498717637261178,-0.002675542130506914,-0.007934261900027884
2019-08-25,-0.013847910668888241,-0.014180090691309988,-0.018264994074573604
2019-09-01,0.02668080918419302,0.030582011859398683,0.027233762450297183
2019-09-08,0.019148554123317618,0.024770618321902305,0.017605432138797283
2019-09-15,0.010199624511727068,-0.00417204014091499,0.009087930662852184
2019-09-22,-0.004758000745391122,-0.00800811651858091,-0.007220512815613089
2019-09-29,-0.00965538705407587,-0.007101829111872293,-0.021932406808353733
2019-10-06,-0.0035544503138388306,0.010791737005518609,0.0053957593318032515
2019-10-13,0.006556534306050299,0.012663031230714328,0.009341697771710233
2019-10-20,0.005704483387997561,-0.00809111731507084,0.004033739418251914
2019-10-27,0.012182409747849121,0.024842166270330868,0.018985019838383632
2019-11-03,0.015052981590203629,0.021104652392693657,0.01738180099289721
2019-11-10,0.00914600748829364,0.017125639582005636,0.010601590139541761
2019-11-17,0.00922525834039889,0.013004734842724686,0.007730750985427859
2019-11-24,-0.0026620535671904033,-0.00745061596865737,-0.0024529460393033498
2019-12-01,0.010772870959441239,0.01813177133070565,0.01708825074443876
2019-12-08,0.0017818615641138624,-0.004537498623643166,-0.0010316178357414607
2019-12-15,0.007781080987828037,0.019712897611990243,0.009050925359253448
2019-12-22,0.015715494120835727,0.01963017650715093,0.021761040870065917
2019-12-29,0.006640878089936297,0.010555483550522826,0.00914963838576388
2020-01-05,-0.0013936422204317012,0.004678390460149728,0.0015710015386902754
2020-01-12,0.010235544112340955,0.021767236061456696,0.017525203339342266
2020-01-19,0.019158202598027252,0.029359029625593003,0.022887381448094324
2020-01-26,-0.009579815233256683,0.0031916740326636273,-0.007884837910294817
2020-02-02,-0.021413243765095236,-0.009181103060243556,-0.01760293162382054
2020-02-09,0.032543019016519015,0.00060836329581615,0.040385940524598096
2020-02-16,0.016255062655769814,-0.0009724892309732613,0.02212800859000752
2020-02-23,0.002025739462539977,-0.0009724892309732613,0.0031209876868233954
2020-03-01,-0.004076563284869994,-0.009302465561706108,-0.007461538634942755
2020-03-08,0.004050457160949872,0.006110654083317346,0.0009629559464752191
2020-03-15,0.004050457160949872,0.006110654083317346,0.0009629559464752191
2020-03-22,-0.008293600692574843,-0.006296970124031187,-0.00813577459909065
2020-03-29,-0.020637658546099558,-0.01870459433137972,-0.01723450514465652
2020-04-05,-0.020637658546099558,-0.01870459433137972,-0.01723450514465652
2020-04-12,0.004850081752260815,-0.01870459433137972,-0.01723450514465652
2020-04-19,0.00876711895012855,-0.007058293457339104,-0.0018057647416502842
2020-04-26,-0.012803584150364089,-0.002005884749364917,-0.002615156912013139
2020-05-03,-0.0006358024438649634,-0.002005884749364917,-0.002615156912013139
2020-05-10,0.034123951228610006,-0.005387557554685118,-0.007564538168044366
2020-05-17,-0.02106404524784211,0.009244168386523088,0.011343821829083056
2020-05-24,0.03199660539708149,0.032309975841025684,0.03439217091187885
2020-05-31,0.031026787203501605,0.015338347557303234,0.017725205741706995
2020-06-07,0.03005696900992172,0.03511281436009739,0.03416379327998498
2020-06-14,0.01902679266642404,-0.019722094965903936,-0.02295380779647549
2020-06-21,-0.004402357602360185,0.028468055358730426,0.037263285317632455
2020-06-28,-0.027831507871144412,-0.004109416525052034,0.009135457794802349
2020-07-05,0.04059313479173299,0.036734185300945965,0.010577551722234901
2020-07-12,0.017166930136047087,0.026693441673995677,0.014693437974893031
2020-07-19,0.013004166288371755,-0.01156556455980573,-0.010760597222711499
2020-07-26,-0.002611182905390863,-0.01341186465061478,-0.01333030597938667
2020-08-02,0.01757670143779877,0.007357825540170726,0.03686994293950874
2020-08-09,0.02465405677541832,0.015602261123626726,0.024728177988206257
2020-08-16,0.006784805054997234,0.0012307064254881706,0.000755549059514804
2020-08-23,0.007837548306992792,0.03565171592263061,0.0265443363175919
2020-08-30,0.032696973211682856,0.044259719683517496,0.03393183089802787
2020-09-06,-0.022847837687001715,-0.04092236731563703,-0.032704523299092125
2020-09-13,-0.024841581969430093,-0.04368436013553467,-0.0406236013274468
2020-09-20,-0.006245723232289335,-0.010623183403120628,-0.005552978733646241
2020-09-27,-0.0058066845392777955,0.021764323843891153,0.011143905636455065
2020-10-04,0.01554483864432643,0.008776358199681589,0.014794436214625062
2020-10-11,0.03897074897381625,0.045589069432081075,0.04559097137596746
2020-10-18,0.0012683165760862813,0.007821653374703974,0.007911883587079283
2020-10-25,-0.001539720398886002,-0.007152593887700065,-0.0013252417591952392
2020-11-01,-0.004347757373858285,-0.022126841150104104,-0.010562367105469761
2020-11-08,0.02267531788431376,-0.0031254335780629416,-0.005543434392526692
2020-11-15,0.007470014143846404,-0.006059412524541452,-0.0016862891014579606
2020-11-22,-0.007735289596620953,-0.008993391471019963,0.0021708561896107703
2020-11-29,0.02347118870680176,0.021230566585941357,0.029597703824271404
2020-12-06,0.016993449026628582,0.02755574419790685,0.02116860912136298
2020-12-13,-0.009598547750510278,-0.01380517790167457,-0.006928654904048814
2020-12-20,0.0121585898478489,0.03177786836237684,0.030519752402753175
2020-12-27,-0.0004874075341516626,0.008659553466395131,0.003848558101789301
2021-01-03,0.013224890038716186,0.007438549317915655,0.006524917091492277
2021-01-10,0.019738782823926604,0.0056911480738082165,0.024339957593801698
2021-01-17,-0.01458313956376256,-0.025542857040426026,-0.015412874548000777
2021-01-24,0.019110932789165647,0.04245815296987665,0.04189403164307426
2021-01-31,-0.007172982907196479,0.006548471289953173,0.003507487546092203
2021-02-07,-0.010370564930983872,-0.0025980708587973744,-0.008809160672035743
2021-02-14,0.003034244380487161,0.002918786894091474,0.0007906229935323861
2021-02-21,-0.006647279980616538,-0.018327494884192608,0.0007906229935323861
2021-02-28,-0.024793084103896135,-0.03939732139011509,-0.018156300295930072
2021-03-07,0.008597160477655574,-0.013313836750735386,0.0051519159978187234
2021-03-14,0.027187673108167942,0.019077111447036277,0.030936943367743996
2021-03-21,-0.008385434712859796,-0.013773673259374952,-0.007854445499139717
2021-03-28,0.016688988040785002,0.02584918329592978,-0.005789510010267174
2021-04-04,0.01169236011106256,0.023514790457341728,0.02598271451145595
2021-04-11,0.027158712988237133,0.015986365348381715,0.031162955433544193
2021-04-18,0.014022228832830441,0.0033026074798991334,0.010945851053777211
2021-04-25,-0.0012463215676630224,-0.004187118118211486,-0.002528424008568453
2021-05-02,0.0013438615023919631,-0.021023072600901194,-0.003861783420896825
2021-05-09,0.01155036572844037,-0.0047959679356498475,-0.015071566335034814
2021-05-16,-0.013124257168304787,-0.021937710527021204,-0.0234332559737781
2021-05-23,-0.003936731304954866,0.0015445356989687298,0.003053598307192207
2021-05-30,0.012290943102237772,0.01622713547195298,0.02061838032450236
2021-06-06,0.006094606111480605,0.011705217046931393,0.004782256328882406
2021-06-13,0.004046351984209107,0.01392648994276513,0.018453788969038598
2021-06-20,-0.01893080648894574,0.0008454006393938673,-0.0027748151152842127
2021-06-27,0.028174159786715336,0.023972109651001938,0.023521085557296262
2021-07-04,0.016666198018952194,0.031880687142738395,0.019424293944409143
2021-07-11,0.004150142278115165,0.008941579210576478,0.004275458194874959
2021-07-18,-0.009597712663416913,-0.005952179971373983,-0.018683252864906685
2021-07-25,0.019937945951721714,0.028077131985044135,0.028401135168159897
2021-08-01,-0.0032505700032110507,-0.007248306733980914,-0.011074385322052627
2021-08-08,0.009076220730739548,0.009517531247710709,0.01111453951141117
2021-08-15,0.0077516022926851225,0.0008395478603087092,-0.0008667823692990462
2021-08-22,-0.005741002057447209,0.004838941625000759,-0.007302230435513035
2021-08-29,0.015540496135862503,0.014511478730486305,0.028192281666375996
2021-09-05,0.0062853179734139175,0.00860760296723262,0.015467763723189698
2021-09-12,-0.016862347082254092,-0.017131090932194337,-0.016144041498466488
2021-09-19,-0.005895092261103074,-0.0073421548501548806,-0.004731603587017741
2021-09-26,0.005686526510176426,0.009683722590624333,0.00024797103542506527
2021-10-03,-0.021783728588405826,-0.032799423357396496,-0.031965017494821946
2021-10-10,0.0083363351821244,0.0025731008299612057,0.000881451775476938
2021-10-17,0.01829352471805512,0.025993693212765345,0.021797656430589063
2021-10-24,0.016260297439111948,0.016035008085120817,0.012945959049421418
2021-10-31,0.013528571884926288,0.0196955779502197,0.027049969373620142
2021-11-07,0.020206817179114323,0.034359032911002396,0.030532216962309233
2021-11-14,-0.0026892704542921253,0.0013764959000843735,-0.006926666906350021
2021-11-21,0.003466985887334406,0.023907723059224173,0.012387678251120526
2021-11-28,-0.021156190991720614,-0.031054713664162903,-0.03523477330742375
2021-12-05,-0.012092570184851215,-0.018117956930047974,-0.026219941929440327
2021-12-12,0.03819865900997366,-0.022604316173601646,0.03613608940877966
2021-12-19,-0.019659256838941097,-0.003969022941115619,-0.029488307127933044
2021-12-26,0.023332851937115207,0.03208938626903901,0.03188534231781226
2022-01-02,0.009264674937796036,0.018733499398515763,-0.0005366506101952551
2022-01-09,-0.018675163361712932,0.0021766833103735173,-0.04532251249637265
2022-01-16,-0.010807269796562324,-0.0010242459072454801,-0.024072299088678806
2022-01-23,0.003062484701881807,0.011377943994513362,-0.0013511111016791255
2022-01-30,0.01216875924078753,0.01695340766056963,0.011949034575308493
2022-02-06,0.01527317284639973,0.010126681424867057,0.02377820567299027
2022-02-13,-0.01836415410148806,-0.029511319492077193,-0.02176614856291359
2022-02-20,-0.01414420440656694,-0.01581756509560661,-0.01762580141902026
2022-02-27,0.008106228823194783,0.012529460422699978,0.010817024218739535
2022-03-06,-0.012746979853079932,-0.029802547485279107,-0.027834265152167248
2022-03-13,-0.020372571501984182,-0.033899636772274366,-0.03155460434212598
2022-03-20,-0.0048094012687816545,-0.007899037186758384,-0.007724446855890799
2022-03-27,0.00944376225977972,0.011857744168892959,0.01316654472352996
2022-04-03,0.0005081639062343157,0.00151683665203306,0.006507039626756805
2022-04-10,-0.011812347197756146,-0.03817998948106316,-0.038600427724993835
2022-04-17,-0.021851324638164416,-0.0378583610537383,-0.026250450140398174
2022-04-24,-0.026839254869207574,-0.024277368171317204,-0.038333231174385585
2022-05-01,-0.03295476357207294,-0.011601716764571113,-0.03930516322083555
2022-05-08,-0.0016019878792477016,-0.006010312650093663,-0.015402111257588724
2022-05-15,-0.02338685230319182,-0.03350646301629745,-0.027967860103125353
2022-05-22,-0.02674126010157296,-0.03441853700743208,-0.03305974042058002
2022-05-29,-0.020730992158740358,-0.02286109752272164,-0.023955793322223085
2022-06-05,-0.011366316417526612,-0.010391584046876567,-0.009759965906411483
2022-06-12,-0.011366316417526612,-0.010391584046876567,-0.009759965906411483
2022-06-19,-0.017014124214987547,-0.027825968577081195,-0.025546170464894713
2022-06-26,-0.012124197631274952,-0.023231822389162188,-0.01959860686162726
2022-07-03,-0.001586463250101422,-0.0012032916710385533,0.0021351613001234226
2022-07-10,0.01948900551224564,0.042853769765208716,0.04560269762362479
2022-07-17,-0.00910800360591546,-0.0036878076804285342,-0.01571850300435007
2022-07-24,0.025861345089616794,0.016436775533660075,0.008804930927882482
2022-07-31,0.04277512913871573,0.027988144020013483,0.027432725818108628
2022-08-07,0.003592267072655586,0.021916657377184734,0.02616017253477998
2022-08-14,0.03296490366595628,0.024418385462091186,0.030783258293457738
2022-08-21,-0.011613223315879995,0.003909651688392024,-0.026210294466683215
2022-08-28,-0.03986834960997121,-0.016599082085307137,-0.044352618667970245
2022-09-04,-0.03224682783655497,0.03274376321308847,-0.042073942716348345
2022-09-11,0.0021816809415998173,0.03274376321308847,-0.0003399118029314696
2022-09-18,0.036610189719754604,-0.001748284259515287,0.041394119110485406
2022-09-25,-0.029270294840247235,-0.03816218908169866,-0.026896527555630656
2022-10-02,-0.006781896948293342,-0.040084046431278275,-0.009818203668492897
2022-10-09,0.01570650094366055,0.01675358713466002,0.007260120218644861
2022-10-16,0.0007416729160191204,-0.008059353599149999,-0.01190684847697221
2022-10-23,0.012565633872128057,0.004635094103846549,-0.004361184218552028
2022-10-30,0.0033927859004186933,0.042142482540653114,0.022351448735485224
2022-11-06,0.0033927859004186933,0.042142482540653114,0.022351448735485224
2022-11-13,-0.01939600912035666,-0.007886676539375692,-0.015655333421301654
2022-11-20,0.0048423211890167295,0.0017724945241887058,-0.0042254617904528
2022-11-27,0.015907809563705744,0.011431665587753104,0.007204409840396053
2022-12-04,0.011383805830655458,0.013173791168025417,0.020945314516362723
2022-12-11,-0.033496432538177134,-0.03287540837258662,-0.039862136963966344
2022-12-18,-0.020977478769472313,-0.026201094787804857,-0.027189485666132218
2022-12-25,-0.0009392063167220632,-0.01978530192256922,-0.019387375323151823
2023-01-01,-0.0012536403679128671,-0.0012841042231419575,-0.0029891693889630977
2023-01-08,0.014773877123291923,0.0005231616707727094,0.0034167878829317044
2023-01-15,0.026850183537278305,0.0044221394864476515,0.0076764527092062496
2023-01-22,-0.006574598999713799,0.023662036926581864,0.02436569550022516
2023-01-29,0.024754955164911108,0.0408102224449558,0.04320123073686433
2023-02-05,0.016441582804686217,0.03708857318111658,0.03314832633664544
2023-02-12,-0.010452229795054557,-0.009804713828056588,-0.024055240791933885
2023-02-19,-0.0019116929440002872,-0.0039890751152559245,0.005901067182360942
2023-02-26,-0.026715179889141294,-0.026677241654733064,-0.03328413764717697
2023-03-05,0.01970333484405029,0.029759686125074847,-0.003738564072859163
2023-03-12,-0.04522613640761919,-0.0007116342065785486,0.034971239179558244
2023-03-19,0.014429163283476099,-0.005755234274932131,0.03038423126391432
2023-03-26,0.014769594359519411,0.027135444751189786,0.016632993670170793
2023-04-02,0.034466267894827984,0.03459840351401189,0.03365625362629765
2023-04-09,-0.0004885770798858102,-0.012846764361322371,-0.010959841268674442
2023-04-16,0.007991430133956756,-0.0028175668146754873,0.002937614431198554
2023-04-23,-0.000630340717864053,-0.0059872122440505215,-0.0042075220028171545
2023-04-30,0.009048984159355955,0.020777036784381586,0.012766256229979733
2023-05-07,-0.007934062058560842,0.0027182468466009357,0.0007222034345317763
2023-05-14,-0.0025203986689184,-0.0019175540901521515,0.004031746994586971
2023-05-21,0.017080118301664227,0.020670937645066667,0.03037590939089041
2023-05-28,0.0033442652467001732,0.028062515978655833,0.02510606255820025
2023-06-04,0.018808729251531764,0.0037665367581265485,0.020428901490745943
2023-06-11,0.004626938202015207,-0.0053325290607730835,0.0013873904491839006
2023-06-18,0.02603497036966229,0.04325049435795503,0.03246294069413658
2023-06-25,-0.014221990299526643,-0.02417434164366694,-0.01439422690061154
2023-07-02,0.02324508330512054,0.030892400169442835,0.021893641876213232
2023-07-09,-0.0106704670464145,-0.015242128645500674,-0.009225481148225412
2023-07-16,0.02446700901089005,0.02791889574807427,0.033159341368317774
2023-07-23,0.006454759493015105,0.0007955446026739477,-0.005731354916187481
2023-07-30,0.01048259347659286,0.010276471614228289,0.020227637560051193
2023-08-06,-0.022126475764169373,-0.038102730861710676,-0.028457749044014213
2023-08-13,-0.002596163145450081,-0.02488905573572886,-0.01900827223809043
2023-08-20,-0.020531785567764138,-0.011623649841442374,-0.025948936490602925
2023-08-27,0.007949578462911333,0.022732767161646628,0.02256226579765297
2023-09-03,0.025501762393028926,0.044395673638350175,0.032460490631987415
2023-09-10,-0.012566801562273966,-0.019353058233090303,-0.019261898867758087
2023-09-17,-0.0013154851164994819,-0.022512820549126955,-0.0038658633346312365
2023-09-24,-0.02920806963049072,-0.024504508060658847,-0.03622034959639764
