Date,Dow_Jones,SP500
2004-03-28,0.0025496106476530223,-0.00026979526547799004
2004-04-04,0.027006899473249524,0.032513753622946506
2004-04-11,-0.0025735791398014962,-0.0023551379532708028
2004-04-18,0.0002821492439697426,-0.004721977853122117
2004-04-25,0.002485127029239642,0.004656312305594934
2004-05-02,-0.024494668723236912,-0.029730895699270454
2004-05-09,-0.011725056435825887,-0.009012019561227103
2004-05-16,-0.006920605546801961,0.0007274250868265497
2004-05-23,-0.0035020291915623947,-0.0020897890991782297
2004-05-30,0.02384733440409037,0.027774736381732223
2004-06-06,0.004698039784602814,0.0010637398966104605
2004-06-13,0.015488712809381244,0.012125579735856817
2004-06-20,0.0006258540264130197,-0.0026689687505127013
2004-06-27,-0.00163078009177553,0.0018484840756245458
2004-07-04,-0.009803286458976102,-0.00843327521871684
2004-07-11,-0.006405649927442081,-0.010187812997981993
2004-07-18,-0.005713269565586376,-0.00912882443392582
2004-07-25,-0.018485683546139664,-0.015807249687823544
2004-08-01,0.019334637592845372,0.017253958687184046
2004-08-08,-0.03321841344125742,-0.0359979609824328
2004-08-15,0.003355780538546016,0.0031814343038785164
2004-08-22,0.02884424327274404,0.030693689898773302
2004-08-29,0.008987620012318676,0.008779767327955934
2004-09-05,0.006851944238743801,0.006012015495566736
2004-09-12,0.003597303390209694,0.008383688177587834
2004-09-19,-0.0010621065487331771,0.004962328334903621
2004-09-26,-0.022231304808407737,-0.01493652946072166
2004-10-03,0.014298144847892047,0.019648556743170786
2004-10-10,-0.014291608273824918,-0.010030513743978786
2004-10-17,-0.012214735789329523,-0.011110327859382818
2004-10-24,-0.016340762838047085,-0.011414454804590468
2004-10-31,0.026800696097523113,0.029184498722641727
2004-11-07,0.03825502748236742,0.036042045566230474
2004-11-14,0.013720757246225013,0.012874881831301366
2004-11-21,-0.004993679162814901,-0.008603262706033399
2004-11-28,0.00334751111992615,0.00792047257756523
2004-12-05,0.007338432434669917,0.0076044230080010156
2004-12-12,-0.001798115526951305,0.0006708554917957965
2004-12-19,0.011320463770644107,0.005650220863903099
2004-12-26,0.015206622407710757,0.011134904541748814
2005-01-02,-0.005917612452679077,0.0008281954291395888
2005-01-09,-0.015532932197000804,-0.02010451588082296
2005-01-16,-0.0037793791307892954,-0.0016886070523894903
2005-01-23,-0.014252669867814594,-0.012347700355100022
2005-01-30,0.005778266384778075,0.005566263528716142
2005-02-06,0.02451144596925836,0.023844099188890855
2005-02-13,0.010186966591739344,0.004491067643228597
2005-02-20,-0.00038205177727734796,-0.0031465090385990324
2005-02-27,0.00510229182140054,0.008638603644266718
2005-03-06,0.010888499347351921,0.010705861658655058
2005-03-13,-0.01551829962506468,-0.01906635718624583
2005-03-20,-0.015877963088930414,-0.011499312561822683
2005-03-27,-0.014345103016606298,-0.011810181737215708
2005-04-03,-0.003734685027230067,0.002475987006668623
2005-04-10,0.0047093978663210745,0.004853788735986964
2005-04-17,-0.03603570934845979,-0.032626940114521275
2005-04-24,0.011221595874391754,0.012439600531728878
2005-05-01,0.0004915039299138169,0.0015571021788596262
2005-05-08,0.015214149365986529,0.011577188373726344
2005-05-15,-0.01701708684331993,-0.011700513644570254
2005-05-22,0.03240433062015158,0.029381646473096934
2005-05-29,0.007071775007309489,0.00948557232675773
2005-06-05,-0.006169216416120671,-0.0008312390124554092
2005-06-12,0.004297738672281115,0.0004161465212750848
2005-06-19,0.009360740480838903,0.013725492149905927
2005-06-26,-0.029989230105794462,-0.019611310657033032
2005-07-03,0.002527141924006049,0.004622821835418289
2005-07-10,0.013964356467736971,0.0149754956909125
2005-07-17,0.0174446786903526,0.012528294007025043
2005-07-24,0.0017871070172834624,0.0056991377885633465
2005-07-31,0.0014096237750735874,0.0016187214084772972
2005-08-07,-0.009191851350481395,-0.0069503048470803686
2005-08-14,0.003408183415848809,0.0014649395459809256
2005-08-21,0.00028166505944393627,-0.004794384496523585
2005-08-28,-0.017309157857406943,-0.01396240763557155
2005-09-04,0.006737549704535217,0.012503681964480817
2005-09-11,0.020649395997457187,0.019056208946965913
2005-09-18,-0.0035026000377745836,-0.004608926245691314
2005-09-25,-0.020049514365795496,-0.016679680566327626
2005-10-02,0.015850592338575442,0.01317495266871438
2005-10-09,-0.026289519105745618,-0.027877034148550583
2005-10-16,-0.0013585599197578624,-0.007858965479976221
2005-10-23,-0.00537483021563312,-0.004550368866067744
2005-10-30,0.01664271177838894,0.01413666466347574
2005-11-06,0.013001014495054752,0.019282381296028772
2005-11-13,0.017396858063051024,0.013512650677312887
2005-11-20,0.007373523595803455,0.01106951729808947
2005-11-27,0.016739374173591948,0.01598352008015569
2005-12-04,-0.004664553819181627,-0.002202988742629808
2005-12-11,-0.009923928070146859,-0.0040992761546468914
2005-12-18,0.009410419088444755,0.005540085933690042
2005-12-25,0.002212190298909622,0.0031655905291052555
2006-01-01,-0.016552219947027158,-0.017750108384282703
2006-01-08,0.024030645902058945,0.03156367163822171
2006-01-15,0.00018155769799932386,0.0018683614729144704
2006-01-22,-0.026951553319671695,-0.0210600900333332
2006-01-29,0.024795674821014968,0.020401541563504155
2006-02-05,-0.012097337526914553,-0.017659252375733403
2006-02-12,0.012430806462245814,0.0029300750515377505
2006-02-19,0.0191872471365111,0.017135091834789007
2006-02-26,-0.002341519049534724,0.00465815420910487
2006-03-05,-0.006229819449369289,-0.005023115962136893
2006-03-12,0.007086638397579614,-0.0013198698433641853
2006-03-19,0.01893889785561309,0.0198257166693383
2006-03-26,0.00044353116031770057,-0.0031387662491910717
2006-04-02,-0.012771355102249915,-0.002918656980647749
2006-04-09,-0.0006294565353494042,-0.0022334737406136673
2006-04-16,0.00036069294502039106,-0.006406929868024935
2006-04-23,0.020138283819106872,0.018957025676595407
2006-04-30,0.004232492676949029,0.002440153185264249
2006-05-07,0.01536668602838942,0.007986329146724147
2006-05-14,-0.015220609343084446,-0.024751083532040807
2006-05-21,-0.018619428326061005,-0.016558385167109613
2006-05-28,0.011752563328773835,0.010071465466326979
2006-06-04,-0.0037246015626363205,0.004829007481156999
2006-06-11,-0.0314166372762158,-0.02829452937652488
2006-06-18,0.012070680799816547,-0.0011892542898467307
2006-06-25,-9.035861216188934e-05,-0.0016843545256067793
2006-07-02,0.016549513454941822,0.022822177036290192
2006-07-09,-0.00742506837595458,-0.005264081579329893
2006-07-16,-0.03280404899854883,-0.02440564861607286
2006-07-23,0.012933374069480807,0.0034812805710513484
2006-07-30,0.03233248798899924,0.03251303851693965
2006-08-06,0.003658999281154207,0.0017191832551968211
2006-08-13,-0.012713576878802924,-0.009282446873436045
2006-08-20,0.02699018750329385,0.028974200741636258
2006-08-27,-0.008436217797823997,-0.006733809140492264
2006-09-03,0.016484123761963065,0.012403025712649285
2006-09-10,-0.007236619387841037,-0.008674542037579225
2006-09-17,0.01692756189399769,0.017350042047055814
2006-09-24,-0.005018101620247184,-0.003713469482361398
2006-10-01,0.01504241591762856,0.01604909579337832
2006-10-08,0.015247606556882065,0.010705274123566921
2006-10-15,0.009449718329002987,0.011999412731518833
2006-10-22,0.003651683430499375,0.001536613289096822
2006-10-29,0.007754161652537839,0.007819387502109088
2006-11-05,-0.008935400671667426,-0.009933661263942684
2006-11-12,0.011104162374730775,0.012450608343338443
2006-11-19,0.02039050957082078,0.015769464317703097
2006-11-26,-0.004704825390535627,-0.000498480578328131
2006-12-03,-0.005135833183118499,-0.0009261249838007357
2006-12-10,0.007783998423615435,0.008557957532266514
2006-12-17,0.01203780195721893,0.012113665524093875
2006-12-24,-0.007813179467345499,-0.011170818261956095
2006-12-31,0.009985300646071726,0.006181354552297291
2007-01-07,-0.005385405211752903,-0.007626275275292915
2007-01-14,0.01551667899675313,0.01921190557899921
2007-01-21,-0.0002381295203074396,-0.0029323215762393495
2007-01-28,-0.006212676189470412,-0.004831052011421977
2007-02-04,0.014105959121792466,0.018856135701726062
2007-02-11,-0.0051379884737006165,-0.00600819271197639
2007-02-18,0.015253959693938945,0.012435229288209726
2007-02-25,-0.009093416896643891,0.004742742722897264
2007-03-04,-0.04311353738749579,0.006133046712064771
2007-03-11,0.01678230718170215,0.0015680490964321558
2007-03-18,-0.013529926127490044,-0.012079739073680429
2007-03-25,0.03006954879203705,0.0350832424981955
2007-04-01,-0.008821346258514051,-0.009693591714822758
2007-04-08,0.015130594057025437,0.0157745453576994
2007-04-15,0.0054997917743893066,0.007487519708024193
2007-04-22,0.027960376441692025,0.02270832136037404
2007-04-29,0.012811213399732901,0.006122898330680915
2007-05-06,0.011506677057226078,0.009295976228199443
2007-05-13,0.0061775422826633175,-0.0003979444432804513
2007-05-20,0.017194497680512066,0.011666983505575379
2007-05-27,-0.004501814676706184,-0.006093616154288051
2007-06-03,0.01275035961230131,0.015755255710916627
2007-06-10,-0.018373221244769478,-0.019729563924111626
2007-06-17,0.01685194527806244,0.01780814105127715
2007-06-24,-0.016300794608730684,-0.01646333475720685
2007-07-01,0.0017165906582377044,-0.0007969223650321489
2007-07-08,0.014381627309548728,0.016951409459440736
2007-07-15,0.020421548513756216,0.012223776998376401
2007-07-22,0.009464326397767897,0.001752953457483164
2007-07-29,-0.0004437714955912164,-0.008872805534276995
2007-08-05,-0.0006427778153280106,-0.0013494168860943012
2007-08-12,-0.00189090835769401,0.006328907212955315
2007-08-19,-0.008346465786291501,0.0
2007-08-26,0.023668628003544745,0.02501474206411447
2007-09-02,-0.0017957827587939956,-0.0049882833132237625
2007-09-09,-0.014092396204934854,-0.01029915676894222
2007-09-16,0.022352983502627044,0.019374384021623836
2007-09-23,0.027352834814416083,0.02545983429161991
2007-09-30,0.0073241913704304995,0.004013549669150018
2007-10-07,0.012742098802153157,0.02143190498999048
2007-10-14,0.0031277524414137226,0.0030799086908974704
2007-10-21,-0.04280869286766098,-0.042602013431221275
2007-10-28,0.02238225556104534,0.026390748484919513
2007-11-04,-0.013773526537047887,-0.015753075740718714
2007-11-11,-0.04219037724055208,-0.0400794266650123
2007-11-18,0.01158073348828803,0.004478718162744366
2007-11-25,-0.015368851943683315,-0.011386590149093156
2007-12-02,0.03662514614650414,0.03143052331645446
2007-12-09,0.016622050629449436,0.015134796038911658
2007-12-16,-0.021555669031814606,-0.024783091296540438
2007-12-23,0.009109966577716788,0.011865470621719831
2007-12-30,-0.006922670783390372,-0.005603592283310532
2008-01-06,-0.0392772493105612,-0.04066503647129771
2008-01-13,-0.015448664932520284,-0.02443716264954221
2008-01-20,-0.04343601547731801,-0.000394051671031459
2008-01-27,0.013436414717234557,0.007421185485723791
2008-02-03,0.04288332825670316,0.007421185485723791
2008-02-10,-0.044572973689241624,0.015555009422609123
2008-02-17,0.014900419790083275,0.009553543853591862
2008-02-24,0.003810623720744033,0.0035520782845746
2008-03-02,-0.006380540784555855,-0.013272420909946292
2008-03-09,-0.03316864419243837,-0.0307127312106511
2008-03-16,0.009165617807328053,-0.0007709085799506576
2008-03-23,0.028251906978612684,0.024102448228738194
2008-03-30,-0.007148397282357055,-0.004315900949687035
2008-04-06,0.03166187599830428,0.040909588473493574
2008-04-13,-0.02188802448375382,-0.025640792089165365
2008-04-20,0.03792476413846435,0.03823668498891686
2008-04-27,0.00735195290678714,0.008087396236130973
2008-05-04,0.014984657116215994,0.013681893178599802
2008-05-11,-0.024707498237397818,-0.018443484846278224
2008-05-18,0.019041556330350318,0.02706946038758762
2008-05-25,-0.0385037416710069,-0.03518874075867573
2008-06-01,0.012197944222088086,0.019689390786477245
2008-06-08,-0.03179258728151457,-0.028927976899909114
2008-06-15,0.008024559076416304,-0.001026762900107725
2008-06-22,-0.03733290254979149,-0.028732060579515384
2008-06-29,-0.040426252251079875,-0.030779955663722602
2008-07-06,-0.0036139277432809536,-0.009566292791399866
2008-07-13,-0.01813335168557917,-0.01955482222615834
2008-07-20,0.037084207320553064,0.017280069044766755
2008-07-27,-0.015484551695312154,-0.003968772984769053
2008-08-03,-0.00044151761252586574,0.005418819199951352
2008-08-10,0.033857921044226025,0.025444276399131605
2008-08-17,-0.0014730509699572014,0.006183656034618457
2008-08-24,-0.0018019159794072648,-0.003994623528019825
2008-08-31,-0.0074793540748242515,-0.00663310767971248
2008-09-07,-0.026851763190317235,-0.03393131353533008
2008-09-14,0.021718274114365776,0.013422279535269865
2008-09-21,-0.0076141318014580905,-0.00992608274318818
2008-09-28,-0.014461270140226579,-0.0181357395497303
2008-10-05,-0.017884839309610823,-0.02224056795300136
2008-10-12,-0.019596623894302945,-0.02429298215463689
2008-10-19,-0.028675526604123702,-0.028509066418160534
2008-10-26,-0.03604264472925234,-0.030672736480048646
2008-11-02,-0.03604264472925234,-0.030672736480048646
2008-11-09,-0.03604264472925234,-0.030672736480048646
2008-11-16,-0.037703112388981885,-0.030672736480048646
2008-11-23,-0.03936358004871143,-0.027324526055699627
2008-11-30,-0.02936481049452666,-0.014968296514568102
2008-12-07,-0.011010827098512754,-0.005960277397785596
2008-12-14,-0.00265561325668362,0.012055760835779417
2008-12-21,-0.008526527315463106,-0.0009449760244839567
2008-12-28,-0.005961673161407999,-0.006312480407673127
2009-01-04,-0.024203703262850096,-0.0266554742962678
2009-01-11,-0.04170587800562486,-0.04343278489812308
2009-01-18,-0.03840116849290243,-0.04523460599457285
2009-01-25,-0.026242767499164543,-0.02292508787620451
2009-02-01,-0.005463958859978191,-0.013147205412188168
2009-02-08,0.014625433347173644,-0.008258264180179997
2009-02-15,0.03471482555432548,-0.02422417377765096
2009-02-22,-0.04028191112996804,-0.04507902460713009
2009-03-01,-0.04028191112996804,-0.04507902460713009
2009-03-08,-0.04028191112996804,-0.04507902460713009
2009-03-15,0.008216143051189562,0.015364261381891176
2009-03-22,0.008216143051189562,0.015364261381891176
2009-03-29,0.019209354815260093,0.023917732179379536
2009-04-05,0.01965452334223239,0.025433509847407554
2009-04-12,0.009106480105134152,0.01839581671794721
2009-04-19,0.006852965352385665,0.014800297199421886
2009-04-26,-0.0071341907809299165,-0.0048231626184430665
2009-05-03,0.017713850869456538,0.004684957501723874
2009-05-10,0.04332956869534921,0.014193077621890815
2009-05-17,-0.03144022148688963,0.0034945125118261977
2009-05-24,0.0010878040288320179,0.02146171875803915
2009-05-31,0.030408738806205315,0.0394289250042521
2009-06-07,0.02951207758445973,0.021831130417213407
2009-06-14,0.004550146022178847,0.0056055429535466494
2009-06-21,-0.030767705306290694,-0.02650449073657546
2009-06-28,-0.012191833112971673,-0.00217361921810022
2009-07-05,-0.01518792278141623,-0.022103369524001715
2009-07-12,-0.016932587061713356,-0.021351210095378048
2009-07-19,0.01072767222979537,0.010575936254405227
2009-07-26,0.023913957985378542,0.024699703558482944
2009-08-02,0.0076953201691558615,0.007648483941401052
2009-08-09,0.023125913234987694,0.024187500492583114
2009-08-16,-0.004051365887631331,-0.004051228346759639
2009-08-23,0.02092396503106775,0.021629161255224183
2009-08-30,0.005787723007132151,0.0039813952045237855
2009-09-06,-0.011822681560772152,-0.012768128970000792
2009-09-13,0.018740527792692863,0.0265532573610463
2009-09-20,0.021465296845808446,0.023464134876345577
2009-09-27,-0.013964023952804605,-0.021270975467661213
2009-10-04,-0.019434241378052053,-0.02001784542329127
2009-10-11,0.04037552833996361,-0.0017840167085939052
2009-10-18,0.01412008213211613,0.0038788546485953868
2009-10-25,-0.0016002982075095096,-0.007438972664542742
2009-11-01,-0.02774693762703484,-0.04182065964140902
2009-11-08,0.0341019235863369,0.03447255471421329
2009-11-15,0.025306474133852452,0.02324305061642229
2009-11-22,0.006587123003432005,-0.001733347486315262
2009-11-29,-0.000679231971266514,0.001279430650636293
2009-12-06,0.007851605631326919,0.013142070850829635
2009-12-13,0.008942606514811713,0.0009007568756671525
2009-12-20,-0.013146375002577315,-0.0027596682066423073
2009-12-27,0.01803325092523278,0.020596684345624894
2010-01-03,-0.00885715331609449,-0.009245651786334852
2010-01-10,0.019602307315621736,0.02808643475354966
2010-01-17,-0.0009424917008397093,-0.008116937313196404
2010-01-24,-0.04131720708846176,-0.03898307222191055
2010-01-31,-0.010626250372722579,-0.01666500901062007
2010-02-07,-0.003878484990112674,-0.006797602892432475
2010-02-14,0.01108154643703041,0.012938234676815208
2010-02-21,0.02947806646603568,0.028693407893125134
2010-02-28,-0.006635615529013816,-0.003599282491207889
2010-03-07,0.023814759134374697,0.03169579844607706
2010-03-14,0.006240318663218503,0.010590862274585167
2010-03-21,0.010583390091276845,0.008553506905302877
2010-03-28,0.010153830454515456,0.005259873678835625
2010-04-04,0.007839696810900243,0.010465042058412033
2010-04-11,0.007137763190034452,0.014855507441874805
2010-04-18,0.001906788436729645,-0.0015892812476998586
2010-04-25,0.016155763696187098,0.020526058804237524
2010-05-02,-0.00022890099669331532,-0.002051211160186306
2010-05-09,0.004845941586421099,-0.0004952178954620856
2010-05-16,-0.006961533284061516,-0.009165907555231612
2010-05-23,-0.04022851543053896,-0.04196986044414919
2010-05-30,-0.003633525090951495,0.0023827508074587556
2010-06-06,-0.020005158221722774,-0.02331530396436121
2010-06-13,0.02886138969091534,0.02677399867605712
2010-06-20,0.02316651368233824,0.023537388287439676
2010-06-27,-0.0016716903048927811,-0.005505203401205028
2010-07-04,-0.026509894292123803,-0.03454779508984973
2010-07-11,-0.00988518619143075,-0.012041178418307208
2010-07-18,0.011194427486930503,0.011558458919685655
2010-07-25,0.032274041165291756,0.03515809625767852
2010-08-01,0.004124280681260473,-0.0012678201532031474
2010-08-08,0.019006230836076554,0.019225696829233474
2010-08-15,-0.03130554252498863,-0.03630261057475315
2010-08-22,-0.008011894894876415,-0.007201415970953362
2010-08-29,-0.005482043513589274,-0.006230561381870947
2010-09-05,0.029533295956278627,0.037712906195175755
2010-09-12,0.0019120035528423784,0.005320275308323463
2010-09-19,0.014135377141508032,0.014462180627869747
2010-09-26,0.023569270190495928,0.020712945909531655
2010-10-03,-0.002301923574899334,-0.0018290070228200728
2010-10-10,0.016985962285775313,0.016839554115915645
2010-10-17,0.005562859377381546,0.009953799161134036
2010-10-24,0.006144105753627782,0.0055224756546545795
2010-10-31,-0.0004493146489823463,0.0011828868944578907
2010-11-07,0.029018043823940465,0.03569928345842577
2010-11-14,-0.02077869682825284,-0.020534402313703293
2010-11-21,0.001887939501757474,0.0007489724024059008
2010-11-28,-0.012231325284624228,-0.012386908924538087
2010-12-05,0.0298263798056555,0.0344276315417138
2010-12-12,0.0030717446222441325,0.012938532692559734
2010-12-19,0.008075727200991034,0.003805223828430515
2010-12-26,0.006785505957177529,0.010458756004054548
2011-01-02,0.001280739630852512,0.0011937455696626742
2011-01-09,0.008129091712245184,0.011054263997318126
2011-01-16,0.009607411263270027,0.016989023673398496
2011-01-23,0.0077716526800195584,-0.0071927609096317235
2011-01-30,-0.0037140812884107754,-0.005063541946761174
2011-02-06,0.022622698829543708,0.026855610792182683
2011-02-13,0.016239871908515724,0.014944534396168718
2011-02-20,0.010206627895074094,0.0106680615291046
2011-02-27,-0.01990318898494936,-0.0163530047097028
2011-03-06,0.002724733642588184,0.001058099515559574
2011-03-13,-0.008644573249557586,-0.012304957896369761
2011-03-20,-0.015964471936742886,-0.01929824730367946
2011-03-27,0.031199361608204024,0.02770798723970702
2011-04-03,0.012299791983545694,0.014089911253074794
2011-04-10,0.0015388089787657933,-0.00217800682801661
2011-04-17,-0.0028098862850672868,-0.006171776773762017
2011-04-24,0.012988199504268438,0.013177896411916246
2011-05-01,0.02604332709074164,0.019808490915658616
2011-05-08,-0.013823517936776053,-0.016345344126805217
2011-05-15,-0.0024550587763505494,-0.0011922420126150302
2011-05-22,-0.005541697837904036,-0.0032080920964001614
2011-05-29,-0.004965887601056873,-0.0007485681998866678
2011-06-05,-0.023424789125229495,-0.023144203387757467
2011-06-12,-0.0160726738584982,-0.021622282035183904
2011-06-19,0.004847942813354766,0.000625744598632183
2011-06-26,0.00016927338284311588,-0.0006315449580460153
2011-07-03,0.0009705467068393814,0.00084773624982587
2011-07-10,-0.003569658053817426,-0.008289729165471826
2011-07-17,-0.01358980556898215,-0.020163765345319606
2011-07-24,0.0163777084801513,0.021945786146670976
2011-07-31,-0.013414532793063816,-0.008532253570549209
2011-08-07,-0.027948871948702603,-0.027666541625682273
2011-08-14,-0.026193466250835185,-0.016322789963595152
2011-08-21,-0.039695962670544094,-0.016322789963595152
2011-08-28,0.0443886996121694,-0.0010168637710268325
2011-09-04,-0.0037264270019772283,-0.008696768350665574
2011-09-11,-0.012818005927397125,-0.008696768350665574
2011-09-18,-0.02190958485281702,-0.016376672930304315
2011-09-25,0.013774067059434625,-0.003434694852644804
2011-10-02,0.016480501860826613,0.009594983817745206
2011-10-09,0.016480501860826613,0.009594983817745206
2011-10-16,0.01689672951777965,0.017023358681023226
2011-10-23,0.025079930706024434,0.02438502253706698
2011-10-30,0.035553339038708165,0.037347990200222725
2011-11-06,-0.01999284382280031,-0.02426143770260958
2011-11-13,0.016136699371915864,0.00940393162706843
2011-11-20,-0.006390938359882581,-0.013772797874551157
2011-11-27,-0.028918576091681025,-0.03694952737617074
2011-12-04,0.014325979620001705,0.009530667135986715
2011-12-11,-0.005994866513923391,-0.009867085706867118
2011-12-18,-0.026315712647848488,-0.02926483854972095
2011-12-25,0.037303979913497765,0.0394767458566434
2012-01-01,-0.006360854589642084,-0.007041681680653
2012-01-08,0.013787508433968698,0.017609482342026306
2012-01-15,0.0050998798199739515,0.008848004266549081
2012-01-22,0.023907067966295825,0.024138579747264632
2012-01-29,-0.004017462081096768,-0.0009850184379766036
2012-02-05,0.01518402906678995,0.020633904201417863
2012-02-12,-0.004051083778085496,-0.001337800760834451
2012-02-19,0.013400642263603046,0.015257636325903379
2012-02-26,0.0030180531443586567,0.0038122247874927684
2012-03-04,-0.0005400971024676071,0.002774988590950933
2012-03-11,-0.0030877422703483592,0.0018933421191007493
2012-03-18,0.0244275269440406,0.02431441788666633
2012-03-25,-0.010980894203323488,-0.0046331854875004685
2012-04-01,0.009188297130946932,0.008305964916080821
2012-04-08,-0.010698034853838356,-0.00724354761509971
2012-04-15,-0.015261818427512841,-0.018956722329411146
2012-04-22,0.013471593521937386,0.0059057697430795475
2012-04-29,0.01554050165811427,0.017688115151385242
2012-05-06,-0.014469820165557756,-0.02414711010398929
2012-05-13,-0.014681894171939991,-0.010146017089742831
2012-05-20,-0.03469231786100235,-0.04328593767796374
2012-05-27,0.007704024729245251,0.01819038495837777
2012-06-03,-0.026154640097670212,-0.02982605291435836
2012-06-10,0.03652582480961297,0.038545665944199836
2012-06-17,0.01699817617269095,0.01303577704854142
2012-06-24,-0.008717237885515039,-0.005069494622990334
2012-07-01,0.017587253331241337,0.019781034817575094
2012-07-08,-0.006850734174914663,-0.004482005886782714
2012-07-15,0.00039184636267597384,0.0019190868561358432
2012-07-22,0.004922647325569907,0.005303852767862383
2012-07-29,0.019525189998784942,0.01619378797346327
2012-08-05,0.0014555137636254045,0.004831589421496307
2012-08-12,0.009179252261663162,0.010692474460409551
2012-08-19,0.006363579683979159,0.009514241716744642
2012-08-26,-0.007853888920300367,-0.004712121669092739
2012-09-02,-0.003805459608516415,-0.002473674347390986
2012-09-09,0.015739335602725113,0.02245697707975758
2012-09-16,0.02196461603596922,0.020162192513989208
2012-09-23,-0.0008051058525627708,-0.004016252525486097
2012-09-30,-0.01048230115457005,-0.0130250425502636
2012-10-07,0.014249033061927374,0.015072398646021279
2012-10-14,-0.020815457951378624,-0.022238808492204387
2012-10-21,0.0012333972732829768,0.0034986438459119196
2012-10-28,-0.017429752214740635,-0.014226421918091314
2012-11-04,-0.0009177882807971383,0.001485380260920266
2012-11-11,-0.021044902578239877,-0.024018074066086026
2012-11-18,-0.015602709619838562,-0.012955844672854155
2012-11-25,0.03415582433564923,0.03651843309817138
2012-12-02,0.0016169501141056752,0.005659413939862912
2012-12-09,0.011222011203214866,0.001829397933236443
2012-12-16,-0.0007603416341563918,-0.0021769367531661032
2012-12-23,0.005628392649466907,0.0119822576643549
2012-12-30,-0.020638649900487027,-0.01932885892070435
2013-01-06,0.03866143128155497,0.045275918149083605
2013-01-13,0.004923075733535676,0.0047830017922534385
2013-01-20,0.011248830651225505,0.008566904759393701
2013-01-27,0.01859029747674379,0.01294436716740277
2013-02-03,0.008079781243282458,0.0065890532908516874
2013-02-10,-7.17654584067029e-05,0.003702512296671623
2013-02-17,0.0005503556933545983,0.0020419667517910245
2013-02-24,0.0025817035416799694,-0.0014462417559335528
2013-03-03,0.006651901838585772,0.001448336400512451
2013-03-10,0.02145785363436037,0.02189268684668
2013-03-17,0.009470810308597866,0.006967060670259206
2013-03-24,0.0005524107890841901,-0.0014755464346143388
2013-03-31,0.002898637774600754,0.006876725034878017
2013-04-07,-6.88876373681202e-05,-0.009638484813000225
2013-04-14,0.02140274217954885,0.02345978523455372
2013-04-21,-0.021148701186346486,-0.020906928879058095
2013-04-28,0.011988276378100071,0.017751647504902657
2013-05-05,0.016884839591102985,0.01978040395042413
2013-05-12,0.01124761254410589,0.01264177399936628
2013-05-19,0.01676475114417153,0.021601756108204917
2013-05-26,-0.0024151261905451804,-0.00976417596853274
2013-06-02,-0.010932122268011768,-0.011251271726753775
2013-06-09,0.008073684014484384,0.00825950211036064
2013-06-16,-0.010897397528256358,-0.009830367001190998
2013-06-23,-0.01742401233882729,-0.020028533017992234
2013-06-30,0.005550286174589303,0.008486434368740747
2013-07-07,0.016627097802824675,0.01620745858916406
2013-07-14,0.02085890734503626,0.027543115958874376
2013-07-21,0.007498085678288913,0.009909479124979415
2013-07-28,0.00025800581539248135,-0.0003547288939298454
2013-08-04,0.0067028791249215125,0.010880835046597204
2013-08-11,-0.013380008897400542,-0.009593742921049864
2013-08-18,-0.02094412373460164,-0.020554003888795025
2013-08-25,-0.00445170063994571,0.004763928553163765
2013-09-01,-0.013215118220894495,-0.017825049005525173
2013-09-08,0.00838662399918988,0.014604475106956283
2013-09-15,0.03085416112133421,0.019814273043997632
2013-09-22,0.005925158584312973,0.013123650720721969
2013-09-29,-0.013544628262711078,-0.010602292893689524
2013-10-06,-0.011694884468722688,-0.00011857307385410021
2013-10-13,0.011566407268686518,0.00811172859285425
2013-10-20,0.010517746644159054,0.024257114184692563
2013-10-27,0.012043880401326978,0.008945369012349769
2013-11-03,0.0026376236524356944,0.0014779019120121362
2013-11-10,0.01045739108987509,0.0061291665168849985
2013-11-17,0.013395997754600764,0.015567650958476342
2013-11-24,0.006904901368925298,0.004220895854438078
2013-12-01,0.0019955506420519242,0.0010510924486484274
2013-12-08,-0.00348461496151542,-0.0003317564114960758
2013-12-15,-0.015671655462798695,-0.015640828160735087
2013-12-22,0.03016983353091507,0.024904341762578497
2013-12-29,0.01518360400076757,0.0126130280433705
2014-01-05,-0.000486552887443259,-0.0052216680953137695
2014-01-12,-0.001276952771579909,0.006834861207047682
2014-01-19,0.00020262174018137458,-0.00271544453204442
2014-01-26,-0.03412987650461585,-0.02586621971175851
2014-02-02,-0.01091636805762819,-0.003968523781217703
2014-02-09,0.0065715186828114724,0.008418619618620005
2014-02-16,0.024147620266382175,0.024154150729553514
2014-02-23,-0.002135915954665668,-0.0007062918352742642
2014-03-02,0.013742025054985785,0.013050780628816261
2014-03-09,0.008097225427214694,0.010575050180980039
2014-03-16,-0.02245303446013014,-0.01912263480566745
2014-03-23,0.014075538954610556,0.012790085519337469
2014-03-30,0.0013532306013515072,-0.003813006886564607
2014-04-06,0.0063245743789064335,0.004905983632712774
2014-04-13,-0.02355391610847868,-0.02623389776869589
2014-04-20,0.02413433289150091,0.02688542495738555
2014-04-27,-0.0024429686408244944,-0.0005365875482900018
2014-05-04,0.008570188030370574,0.009501540610208803
2014-05-11,0.005887649373165882,-0.0005322080842031784
2014-05-18,-0.004149820271987403,0.00047915552888855295
2014-05-25,0.007411528376146892,0.012230930659933748
2014-06-01,0.006632911693431831,0.012240569907876031
2014-06-08,0.01287987530766066,0.014012838931901639
2014-06-15,-0.008635382867946073,-0.00639783802381011
2014-06-22,0.010659140339355,0.014160122234534223
2014-06-29,-0.005382179194558523,-0.0006124180254394318
2014-07-06,0.013676583213465543,0.01215387220693498
2014-07-13,-0.007449542419480704,-0.008022126639583016
2014-07-20,0.009238402646133625,0.005594747500404784
2014-07-27,-0.008324268434090953,5.0920158286782424e-05
2014-08-03,-0.027134738047420615,-0.026401031491327998
2014-08-10,0.0046799990894241805,0.0038442058175947036
2014-08-17,0.007893407921943929,0.01283338530686473
2014-08-24,0.0211604286240219,0.017729573647130348
2014-08-31,0.005945808742134906,0.007630726668069965
2014-09-07,0.0021649831339765058,0.0019928788514833595
2014-09-14,-0.00788382541206678,-0.009845264731159986
2014-09-21,0.017443973903886523,0.012595771854348126
2014-09-28,-0.010147540418269263,-0.013951342588893412
2014-10-05,-0.0057413112140367595,-0.0069732351760449784
2014-10-12,-0.0265732650925673,-0.030429514341665076
2014-10-19,-0.010653162562263674,-0.010863792519922422
2014-10-26,0.02624708246477714,0.04223516232408442
2014-11-02,0.034040131813573016,0.026624930679241876
2014-11-09,0.012280302545493615,0.008330993516815877
2014-11-16,0.0043855340070328985,0.004426009704438627
2014-11-23,0.010208619201411917,0.011947140211068463
2014-11-30,0.0022504949782695682,0.0025155835937586968
2014-12-07,0.0079166608913539,0.0038610640950160757
2014-12-14,-0.03626473850232359,-0.03418285767567797
2014-12-21,0.02909596280511262,0.03369949944733164
2014-12-28,0.014297723527331163,0.0092970894319504
2015-01-04,-0.012487146964255569,-0.014440936166661533
2015-01-11,-0.004046175534553664,-0.005744274004495509
2015-01-18,-0.013545744908611379,-0.0128273386874721
2015-01-25,0.009961616205589108,0.01656520202153966
2015-02-01,-0.02811570706041122,-0.026931045151931787
2015-02-08,0.0387278897412171,0.030584416945012904
2015-02-15,0.012634218720784407,0.02057891419160418
2015-02-22,0.00717650208871623,0.006959639725479416
2015-03-01,0.00027605942861774757,-0.0027453725313777433
2015-03-08,-0.015398146262019297,-0.01500080836384865
2015-03-15,-0.00470902875973811,-0.00804811985034204
2015-03-22,0.02091590393949727,0.026814009183354193
2015-03-29,-0.022932908347081504,-0.022194582497536364
2015-04-05,0.0029408899426466295,0.003402451379323157
2015-04-12,0.01714267919672574,0.01743843240229248
2015-04-19,-0.012828196647921453,-0.009950134624746698
2015-04-26,0.014612122738216105,0.017792576804531945
2015-05-03,-0.003544752628452996,-0.004394073805251475
2015-05-10,0.010839077235053063,0.004270952745544898
2015-05-17,0.0056846888815556,0.0038748718605359223
2015-05-24,-0.001205609471258362,0.0025891787793799192
2015-05-31,-0.01179614151448305,-0.00868594253036492
2015-06-07,-0.008939350900171061,-0.006488716366952141
2015-06-14,0.003529545515600807,0.001144259605550868
2015-06-21,0.0061804778938494564,0.008692021231472058
2015-06-28,-0.003504429802807296,-0.004696165613636394
2015-07-05,-0.01161213051723653,-0.011962402168214425
2015-07-12,0.002033139297516806,0.0008197921816150977
2015-07-19,0.018610860837005472,0.024098777510366043
2015-07-26,-0.027805380749777342,-0.021084273890706884
2015-08-02,0.006608378651971503,0.012019093557085636
2015-08-09,-0.016074134208871604,-0.012113812035437155
2015-08-16,-0.004988181791077462,-0.0025224827766086033
2015-08-23,0.008887838927755687,0.0071992958191372525
2015-08-30,-0.01027359146974377,-0.013120612566644096
2015-09-06,-0.03222509016828223,-0.03357097028934275
2015-09-13,0.021246343398103162,0.021548513693326
2015-09-20,-0.0032110883562631587,-0.0013923905255208702
2015-09-27,-0.0040356870641741205,-0.01330280248839899
2015-10-04,0.010436904165230132,0.011149054424695048
2015-10-11,0.03755000241041628,0.03246119954894233
2015-10-18,0.0070297651851618514,0.009636139431039803
2015-10-25,0.02612281327196575,0.020858724212147406
2015-11-01,0.0006801033511272259,0.0020241496611912435
2015-11-08,0.015014848725601215,0.01014754181073707
2015-11-15,-0.03645136844398078,-0.035707533381426515
2015-11-22,0.03491136602371747,0.03342549147823948
2015-11-29,-0.0008985035794522034,0.0011944416038063288
2015-12-06,0.0029230410923160033,0.00028643150444152
2015-12-13,-0.03189079691720109,-0.03692396833360978
2015-12-20,-0.007703595967042731,-0.003316820438728829
2015-12-27,0.024678516593276578,0.02829729392801461
2016-01-03,0.008829298870067337,0.009748573288434204
2016-01-10,-0.014157048397246352,-0.015107708472650916
2016-01-17,-0.007171441497806186,-0.003492919799073957
2016-01-24,0.006951294945738429,0.014429429996007714
2016-01-31,0.022265457541808198,0.016796220673546136
2016-02-07,-0.014783412385383055,-0.029785088459751696
2016-02-14,-0.012103647536993889,-0.007023369709220684
2016-02-21,0.02708008301218734,0.02877345399585196
2016-02-28,0.015760928418811604,0.01609376943789642
2016-03-06,0.022491553470731285,0.027371970286571123
2016-03-13,0.012998541233433691,0.011625251305110273
2016-03-20,0.022280809679864788,0.01318842028064715
2016-03-27,-0.004268555475879787,-0.006164981613145493
2016-04-03,0.015890766540212597,0.018708234960771897
2016-04-10,-0.011591036920975406,-0.011695438540875513
2016-04-17,0.017931113672956744,0.016038972768878557
2016-04-24,0.006827682280579284,0.00572745891767279
2016-05-01,-0.012840562486992946,-0.01263345203141164
2016-05-08,-0.0014075449188521993,-0.0029564987751213856
2016-05-15,-0.01048808583984695,-0.004666267360144416
2016-05-22,-0.0006018467271928785,0.00356503632201699
2016-05-29,0.021401156941343036,0.023115409561414335
2016-06-05,-0.002465409436307575,0.0001901166344022709
2016-06-12,0.0036501057318818475,-0.0009983365472887584
2016-06-19,-0.010274151765831241,-0.01178682350609106
2016-06-26,-0.01642940881261068,-0.01588219242550104
2016-07-03,0.03277310563768232,0.03286770551689289
2016-07-10,0.01109826472940112,0.013004732398623764
2016-07-17,0.020491321284764163,0.01495419976515544
2016-07-24,0.0034074934558676606,0.006532943113500833
2016-07-31,-0.007439209271917768,-0.0005523050324570677
2016-08-07,0.006136716919022733,0.004881842470186859
2016-08-14,0.003454757431670563,0.001283530141288347
2016-08-21,0.00040219339380653807,0.0003659356990093343
2016-08-28,-0.008093914147455417,-0.0057195368137233915
2016-09-04,0.005657555724910779,0.004970478246038024
2016-09-11,-0.021367675718358403,-0.023309144080165267
2016-09-18,0.0022780615699546924,0.005475456748877505
2016-09-25,0.008012860321782833,0.012279197659160745
2016-10-02,0.001973399121035335,0.0014351456797718765
2016-10-09,-0.0030636432238739797,-0.005825245038778792
2016-10-16,-0.005103865180175027,-0.008928494874346993
2016-10-23,0.0006061148852694043,0.004035313541493224
2016-10-30,0.0007723210702055283,-0.006729602884336439
2016-11-06,-0.006919590676161824,-0.01877310458772985
2016-11-13,-0.0059206074134718345,0.03773682652823962
2016-11-20,0.008920045748783245,0.009610839352847123
2016-11-27,0.015069803901980983,0.013821780076255452
2016-12-04,0.0023003316785059624,-0.008306612689423232
2016-12-11,0.031031429860538307,0.03109087907015229
2016-12-18,0.004714377215916388,-0.0006340753701467028
2016-12-25,0.0043391079054453385,0.0029774396941719683
2017-01-01,-0.0077375441641051035,-0.009658388524992234
2017-01-08,0.010127156851863273,0.01646324070712013
2017-01-15,-0.004060597144055489,-0.0007044160166544966
2017-01-22,-0.0027483520074222945,-0.00136538614466164
2017-01-29,0.013487527715793979,0.00983504946989755
2017-02-05,-0.0012460576411604807,0.0016160157938609476
2017-02-12,0.011777529420234245,0.009462043295219491
2017-02-19,0.018254301047228028,0.015463559757599388
2017-02-26,0.009957628286479059,0.007018563243216036
2017-03-05,0.009522409279460131,0.007096493483291333
2017-03-12,-0.003621091862000214,-0.0030617505355530206
2017-03-19,0.0005628014926009062,0.001561486278941926
2017-03-26,-0.01489041597270302,-0.013373838266756866
2017-04-02,0.0028675547766989773,0.008039061624223853
2017-04-09,0.0001942324776971205,-0.002290671115266707
2017-04-16,-0.009739542612240304,-0.011437083422984107
2017-04-23,0.005195666904010299,0.008945778960884665
2017-04-30,0.0186597003875697,0.014877068620485323
2017-05-07,0.003300178610832427,0.006804327895845841
2017-05-14,-0.0036235423354817886,-0.003003747052235606
2017-05-21,-0.0030032511411812735,-0.002803536076836588
2017-05-28,0.01333197652521445,0.01426722520466539
2017-06-04,0.006506969090701364,0.01017754624242495
2017-06-11,0.003586733819559429,-0.003112635144381426
2017-06-18,0.006039725585742284,0.0016978530672489
2017-06-25,0.0008428835525826628,0.0020195598604677567
2017-07-02,-0.002339425426609365,-0.005470444700610089
2017-07-09,0.0037986277162829207,0.0012820706311129637
2017-07-16,0.01032457475117421,0.014249610329355011
2017-07-23,-0.002286527108313563,0.005375668104975251
2017-07-30,0.01155335311196204,0.00012114131898011138
2017-08-06,0.011696072632315646,0.0020253997488650644
2017-08-13,-0.008478002931409767,-0.013297959738672982
2017-08-20,-0.007512032095612575,-0.005775884072650839
2017-08-27,0.006973645715960597,0.007622322634173617
2017-09-03,0.008622143669928306,0.01341177417754058
2017-09-10,-0.007638991113974036,-0.005083980462075588
2017-09-17,0.021394981089569276,0.015600334184213027
2017-09-24,0.0033715839659491653,0.00100312133403202
2017-10-01,0.0027778897116412793,0.007175896020434447
2017-10-08,0.016665046197235522,0.012498716783171826
2017-10-15,0.005185611404892265,0.0022803144779617313
2017-10-22,0.02004259577023837,0.00847188652390174
2017-10-29,0.004460939748364368,0.002333791503677185
2017-11-05,0.0043132745883376344,0.0028714029227845383
2017-11-12,-0.0031891998969851842,-0.0013930669351769343
2017-11-19,-0.0020487491702224636,-0.0008909820768958632
2017-11-26,0.008911960993484014,0.009695180725101116
2017-12-03,0.02964279727955299,0.015747411904864617
2017-12-10,0.00482636867718611,0.003970610381397455
2017-12-17,0.013109181799383807,0.008896823186548719
2017-12-24,0.004670403731924955,0.0037521883561983937
2017-12-31,-8.090103247859748e-05,-0.0024301508305365482
2018-01-07,0.02158597555801456,0.024582799174933445
2018-01-14,0.020536898780805002,0.016458060076092185
2018-01-21,0.01075702690635394,0.008959500315978586
2018-01-28,0.02061045233428227,0.02200347402457714
2018-02-04,-0.010340767433337006,-0.008417034109762134
2018-02-11,0.001201018405954657,0.0027802777361627395
2018-02-18,0.02373218391743237,0.025128135501982007
2018-02-25,0.0037703438219991448,0.005858173287537127
2018-03-04,-0.029892006229277124,-0.02049411367465004
2018-03-11,0.03346256215631138,0.036383016046753536
2018-03-18,0.008833642456911095,0.011787560428278943
2018-03-25,0.005435419135299213,0.003478028936411859
2018-04-01,0.008631273490056213,0.003364802760837282
2018-04-08,-0.009403568532975193,-0.013034347541344804
2018-04-15,0.018609311001836826,0.020907073415704414
2018-04-22,0.004232326721229862,0.0055060679167344695
2018-04-29,-0.0062578806452746605,-0.0001871990384674227
2018-05-06,-0.0017702639844084933,-0.0020259205566138805
2018-05-13,0.024822868723808122,0.02567470482067158
2018-05-20,-0.0033925324241415034,-0.005570712489440965
2018-05-27,0.001498208411076174,0.0030221593974728567
2018-06-03,-0.0040831143542015,0.005327915404744754
2018-06-10,0.028048611900580944,0.016776128730421114
2018-06-17,-0.008509980996406652,0.0006634194988539566
2018-06-24,-0.020140230061327924,-0.008624627731536938
2018-07-01,-0.012047889871860118,-0.012593518954442273
2018-07-08,0.007704006315385037,0.015261235194899303
2018-07-15,0.022894393524770296,0.015140240786126524
2018-07-22,0.002230078805929514,0.0003218093408379197
2018-07-29,0.015253157177308907,0.006221671271229967
2018-08-05,0.0005113779596366275,0.007746615799354428
2018-08-12,-0.004284598668885087,-0.0015518663169454827
2018-08-19,0.014805939879008134,0.006709864471682536
2018-08-26,0.005223952924887421,0.008594953172743391
2018-09-02,0.007756739701870963,0.009738831620696553
2018-09-09,-0.0011932510957226583,-0.009334975406212753
2018-09-16,0.009054559463150147,0.011404531570794463
2018-09-23,0.022059599879034275,0.008360203027774071
2018-09-30,-0.010182493576786134,-0.004349322811278977
2018-10-07,-0.0003026335695377469,-0.009975183567203616
2018-10-14,-0.04169198156268894,-0.04124096803528765
2018-10-21,0.0046408852589743255,0.0010868182726364584
2018-10-28,-0.030630837605459038,-0.03952922166134676
2018-11-04,0.024053680045353243,0.024723985799527393
2018-11-11,0.030222747270903794,0.021589370286952736
2018-11-18,-0.02089876302378879,-0.014508633920493175
2018-11-25,-0.0325711367255031,-0.026397286378457285
2018-12-02,-0.04403876881601876,-0.04105478804154006
2018-12-09,-0.027831665085427615,-0.027792591610149353
2018-12-16,-0.027831665085427615,-0.027792591610149353
2018-12-23,0.008342876701852908,0.008764100336373759
2018-12-30,0.02250131998396543,0.02400913259880988
2019-01-06,0.016487583598189914,0.018728518551232254
2019-01-13,0.023903088532271077,0.026110462198493334
2019-01-20,0.030625685690663484,0.02888247439590441
2019-01-27,0.0013759401890272027,-0.0025519384613670315
2019-02-03,0.012490497060909878,0.01610373349498384
2019-02-10,0.0033535135098945457,0.0015179571602557118
2019-02-17,0.03198914693383936,0.025511121744301812
2019-02-24,0.00587665724909181,0.006381253056648273
2019-03-03,0.0009607465668062254,0.004585630273973962
2019-03-10,-0.021925944915865414,-0.021253938876724998
2019-03-17,0.016402436846429058,0.02947277447891139
2019-03-24,-0.013083537274059864,-0.007322652165092536
2019-03-31,0.01635573464297546,0.011566811633484164
2019-04-07,0.019410743470432035,0.02155903346564969
2019-04-14,-0.00034052014040797385,0.0055095108417360095
2019-04-21,0.006243057721835754,-0.00048231798720166363
2019-04-28,-0.0008282815569432556,0.011689004546076243
2019-05-05,-0.0013944994680347156,0.0021128150812850244
2019-05-12,-0.01905865070317403,-0.020167737449648726
2019-05-19,-0.0070740002113710565,-0.007844639505835693
2019-05-26,-0.005127271204456996,-0.010705306817339832
2019-06-02,-0.017986071957290295,-0.026557796758055807
2019-06-09,-0.013001871681510346,0.04497427364331097
2019-06-16,0.014325019839640962,0.005596994905741504
2019-06-23,0.023808910332179023,0.021330017363885956
2019-06-30,-0.004680226857121106,-0.0034014724486622905
2019-07-07,0.012864544595870386,0.01863471591610577
2019-07-14,0.01530067740699903,0.007337409258191041
2019-07-21,-0.006282282153932894,-0.01157460720820691
2019-07-28,0.0015103784603243131,0.01628668506782449
2019-08-04,-0.025932413641228558,-0.031091296960086168
2019-08-11,-0.006155238387494766,-0.0034176256078474188
2019-08-18,-0.013745938334840946,-0.009498494590689965
2019-08-25,-0.010004360667102197,-0.01384779597223107
2019-09-01,0.030590536347474773,0.026680344188049654
2019-09-08,0.01586336007003708,0.01914867013998811
2019-09-15,0.015951298736123887,0.010199844906047417
2019-09-22,-0.009929697433929685,-0.0047581087600275795
2019-09-29,-0.004679503699030141,-0.009655278004177537
2019-10-06,-0.008694236519364629,-0.0035543398093766942
2019-10-13,0.00941032045724488,0.006556422351133406
2019-10-20,-0.0012998536710836506,0.005704153403597756
2019-10-27,0.007323257466942623,0.01218273989766816
2019-11-03,0.013872706925380118,0.015052979966747815
2019-11-10,0.013646087132684448,0.009146112766605263
2019-11-17,0.01222798576294215,0.009224940536473714
2019-11-24,-0.003858122053680857,-0.002661845195471191
2019-12-01,0.0074947959528315344,0.010772869832564869
2019-12-08,-0.0008891182379616724,0.0017817578914218757
2019-12-15,0.005022101138657309,0.00778128759628216
2019-12-22,0.01140960789924117,0.015715490898952078
2019-12-29,0.006573783529301602,0.006640876749533842
2020-01-05,-3.484526638519725e-05,-0.0013937421957905816
2020-01-12,0.006705769614327339,0.01023534229530254
2020-01-19,0.017930013170537995,0.019158303879481364
2020-01-26,-0.01183183218789452,-0.009579815233256683
2020-02-02,-0.025465875421304185,-0.02141284995469206
2020-02-09,0.031052809173437,0.032542402279027494
2020-02-16,0.011504926747963218,0.01625545556773611
2020-02-23,-0.0010414723418800675,0.002025745333485429
2020-03-01,0.0016322923470876716,-0.004076972824908598
2020-03-08,0.016852456125898696,0.004050019250948056
2020-03-15,0.016852456125898696,0.004050019250948056
2020-03-22,-0.004862417562714716,-0.00829378724766594
2020-03-29,-0.026577291251328128,-0.020637593746279936
2020-04-05,-0.026577291251328128,-0.020637593746279936
2020-04-12,-0.001852444594174385,0.004849940649097384
2020-04-19,0.0019489485363968218,0.008767167816886023
2020-04-26,-0.018974504990185714,-0.012803139410702657
2020-05-03,-0.002312651895209461,-0.0006362572471633188
2020-05-10,0.026719346128781574,0.03412419046023807
2020-05-17,-0.025641576315631354,-0.021064157602051603
2020-05-24,0.03364142206737486,0.031996837398371225
2020-05-31,0.036034336146452794,0.031026794285115566
2020-06-07,0.03842725022553073,0.030056751171859908
2020-06-14,0.01093537788346488,0.019026898445460683
2020-06-21,-0.01079962409154761,-0.0044024589742850395
2020-06-28,-0.0325346260665601,-0.02783181639403076
2020-07-05,0.03211122664954469,0.040593357011919684
2020-07-12,0.009287135360096732,0.017166827525617157
2020-07-19,0.023505048363553493,0.01300406672155141
2020-07-26,-0.007685363005527357,-0.0026108846744415937
2020-08-02,-0.0012845480225504025,0.017576599838511786
2020-08-09,0.03884976987819422,0.02465405677541832
2020-08-16,0.01886246805597369,0.00678470929610131
2020-08-23,0.00035172881198852757,0.007837644166027946
2020-08-30,0.026532059185475854,0.032696973211682856
2020-09-06,-0.01719570720489294,-0.022847837687001715
2020-09-13,-0.016609800326309432,-0.024841581969430093
2020-09-20,0.0003298831786311407,-0.006245819137381647
2020-09-27,-0.01743089878691806,-0.005806588591805495
2020-10-04,0.018770870394855477,0.015544644501291671
2020-10-11,0.0329835930117528,0.03897094759525088
2020-10-18,0.0005506080330992535,0.0012684085764180786
2020-10-25,-0.004323053392299825,-0.00153981202465453
2020-11-01,-0.009196714817698903,-0.0043480326257271384
2020-11-08,0.042122679279736674,0.022675502212106347
2020-11-15,0.017719427999310533,0.0074700620973528475
2020-11-22,-0.006683823281115608,-0.0077353780174006515
2020-11-29,0.022937716735024427,0.02347109890205612
2020-12-06,0.01119507124757102,0.016993450517723385
2020-12-13,-0.0054857348770296355,-0.009598462299575838
2020-12-20,0.0051706630005310394,0.0121585898478489
2020-12-27,0.000397391452285456,-0.0004874075341516626
2021-01-03,0.012482706778432329,0.013224803927959439
2021-01-10,0.017168778191612777,0.01973895447510854
2021-01-17,-0.008978718297876886,-0.014583221690122272
2021-01-24,0.006004023593018992,0.01911101736428744
2021-01-31,-0.032777243457773775,-0.007172980725913991
2021-02-07,0.039124685692218275,-0.010370522560930961
2021-02-14,0.011234564300432348,0.003034246199571322
2021-02-21,0.0015266123728472358,-0.006647441295110856
2021-02-28,-0.017369567208377013,-0.024793004655964457
2021-03-07,0.018710548060724808,0.00859707693870515
2021-03-14,0.041460486877755276,0.02718775818691954
2021-03-21,-0.004978268818512044,-0.008385354078252472
2021-03-28,0.01410975869959219,0.01668898668369545
2021-04-04,0.0025407359341027558,0.011692359175888178
2021-04-11,0.019339392295563584,0.027158631783847254
2021-04-18,0.012172277996802539,0.014022228832830441
2021-04-25,-0.004183172256730261,-0.0012462456650097486
2021-05-02,-0.004376644422973808,0.0013437094055326337
2021-05-09,0.026376150791363795,0.011550518395826659
2021-05-16,-0.010405439285015805,-0.013124256183608018
2021-05-23,-0.004399645502336402,-0.003936959085321434
2021-05-30,0.010525311322995279,0.012291173959652735
2021-06-06,0.006538774850865847,0.006094454851360398
2021-06-13,-0.007991040526358018,0.004046427231009675
2021-06-20,-0.0338276258759761,-0.018930731847424664
2021-06-27,0.03450870525377092,0.028173929397758535
2021-07-04,0.010132155412189814,0.016666348479487114
2021-07-11,0.0022704125849493106,0.004150069494139652
2021-07-18,-0.0051182337110213805,-0.009597568392759048
2021-07-25,0.011046145070391145,0.019937724935845447
2021-08-01,-0.0031094159100808483,-0.00325035520488437
2021-08-08,0.007468437141041173,0.009076148088424052
2021-08-15,0.00937252982343284,0.0077516022926851225
2021-08-22,-0.01017182697071528,-0.005740931264781035
2021-08-29,0.009710657067339312,0.015540281425070912
2021-09-05,-0.0012127584809726866,0.006285388966635219
2021-09-12,-0.021008826846739215,-0.01686227858317757
2021-09-19,-0.0009454572124001359,-0.005895092261103074
2021-09-26,0.006451949170265037,0.005686597799387627
2021-10-03,-0.013482376101710214,-0.021783797930352455
2021-10-10,0.01267597615321292,0.0083363351821244
2021-10-17,0.015648390665194745,0.018293596583625726
2021-10-24,0.011024296476171758,0.01626029629154946
2021-10-31,0.0041766439630772645,0.013528501500122747
2021-11-07,0.014152836723099194,0.02020688569747131
2021-11-14,-0.005559911941369844,-0.0026893374349148402
2021-11-21,-0.012938270235431482,0.003466985887334406
2021-11-28,-0.019359140304265776,-0.02115632521107169
2021-12-05,-0.007964888774165235,-0.012092366162518742
2021-12-12,0.04040557657277177,0.03819865635901132
2021-12-19,-0.01651042077068543,-0.019659188678865624
2021-12-26,0.016203527958476904,0.023332644195876107
2022-01-02,0.011019484720210304,0.009264808818576054
2022-01-09,-0.0027798328883572587,-0.018675360188975865
2022-01-16,-0.0057646982216315035,-0.010807301131466052
2022-01-23,0.002577134251920299,0.003062551456131657
2022-01-30,0.012368030295758281,0.012168722898876272
2022-02-06,0.010832228532770216,0.015273100811532991
2022-02-13,-0.010203131590658221,-0.01836415410148806
2022-02-20,-0.016684475182272562,-0.014144275597807066
2022-02-27,-0.0012902532916939657,0.008106301621202627
2022-03-06,-0.011951557434783266,-0.012746979853079932
2022-03-13,-0.015560682052077779,-0.020372607780407115
2022-03-20,-0.00764056777432115,-0.004809401739686081
2022-03-27,0.0011839315994258692,0.009443763540602612
2022-04-03,-0.0015208079218782533,0.0005080948528430884
2022-04-10,-0.0018389171134676197,-0.011812278994701164
2022-04-17,-0.008505362209991096,-0.021851324638164416
2022-04-24,-0.017485505436283133,-0.026839254869207574
2022-05-01,-0.02536381369527374,-0.03295476357207294
2022-05-08,-0.001880804279084769,-0.0016019878792477016
2022-05-15,-0.020785909005851755,-0.02338685230319182
2022-05-22,-0.024459168373485884,-0.026741182286731946
2022-05-29,-0.018161638583719275,-0.020730951982702805
2022-06-05,-0.02683724988811559,-0.011366391695133538
2022-06-12,-0.02683724988811559,-0.011366391695133538
2022-06-19,-0.04548365034991264,-0.017014202653998445
2022-06-26,-0.013237333278246832,-0.012124237625434436
2022-07-03,-0.0024204870379162524,-0.0015864616380055208
2022-07-10,0.008396359202414327,0.01948909033685231
2022-07-17,-0.0021354087703369107,-0.009108004335299236
2022-07-24,0.020469777042146697,0.025861427997391884
2022-07-31,0.030088363383731886,0.04277505035836793
2022-08-07,-0.0020996461259882304,0.00359234289279331
2022-08-14,0.030063913349106075,0.03296490366595628
2022-08-21,-0.00041304817519172143,-0.011613150439908515
2022-08-28,-0.041864478292211516,-0.03986834667038863
2022-09-04,-0.0283963231337665,-0.03224697894795614
2022-09-11,0.027154277696790352,0.0021816861912262175
2022-09-18,-0.04161258815149049,0.036610351330408575
2022-09-25,-0.03957161179853197,-0.02927037661948606
2022-10-02,-0.02893270731045461,-0.006781937837912755
2022-10-09,0.019735634532815016,0.01570650094366055
2022-10-16,0.016438510876339407,0.0007416301943479198
2022-10-23,0.013141387219863798,0.012565591150456856
2022-10-30,-0.01351265367941512,0.0033927460592860226
2022-11-06,0.014299280657604274,0.0033927460592860226
2022-11-13,0.04211121499462367,-0.01939604896148933
2022-11-20,0.0007844371789882398,0.004842360324930239
2022-11-27,0.018229367743350933,0.015907887835532764
2022-12-04,0.003551317450018132,0.011383650861206851
2022-12-11,-0.027179892924255822,-0.03349635891091163
2022-12-18,-0.0168676452222164,-0.020977478769472313
2022-12-25,0.008997803071180366,-0.0009392063167220632
2023-01-01,-0.0018076661507816505,-0.0012535597842291413
2023-01-08,0.014939761874843027,0.014773875931264335
2023-01-15,0.02010236251445252,0.026850181402416018
2023-01-22,-0.026490128422126946,-0.006574675921749651
2023-01-29,0.0178018646931013,0.024754955164911108
2023-02-05,-0.0018548819203423328,0.016441582804686217
2023-02-12,-0.0007375060207135409,-0.010452304625414133
2023-02-19,0.0003375458642955742,-0.0019116174677931141
2023-02-26,-0.0300630506334294,-0.026715104123535505
2023-03-05,0.018560444817804722,0.019703333310239213
2023-03-12,-0.04332606589147292,-0.04522628563715947
2023-03-19,-0.0011958317825278009,0.01442924439443738
2023-03-26,0.011993729679516951,0.014769673179452658
2023-04-02,0.031955716141784496,0.03446618754500652
2023-04-09,0.006854541910013445,-0.0004885019950418013
2023-04-16,0.011764749188563517,0.007991354412087093
2023-04-23,-0.001610642244959548,-0.000630340717864053
2023-04-30,0.00863604825655595,0.009048909586371945
2023-05-07,-0.012608545991996123,-0.007933914836459222
2023-05-14,-0.010483299097024945,-0.0025204729764309874
2023-05-21,0.005142706167235334,0.017080118301664227
2023-05-28,-0.010024287926340136,0.0033442652467001732
2023-06-04,0.0218535123750232,0.018808729251531764
2023-06-11,0.003549372277511509,0.004626938202015207
2023-06-18,0.013127268945353876,0.02603497036966229
2023-06-25,-0.016883022004066994,-0.014221990299526643
2023-07-02,0.019842254120671088,0.02324508330512054
2023-07-09,-0.018670909106476286,-0.0106704670464145
2023-07-16,0.0229380527434615,0.02446700901089005
2023-07-23,0.020969380280271066,0.006454759493015105
2023-07-30,0.00664509764147847,0.01048259347659286
2023-08-06,-0.010804695534802011,-0.022126475764169373
2023-08-13,0.0067019119530844495,-0.002596163145450081
2023-08-20,-0.020875828147002062,-0.020531785567764138
2023-08-27,-0.004694006940115458,0.007949578462911333
2023-09-03,0.015953509846100777,0.025501762393028926
2023-09-10,-0.007077814841719321,-0.012566801562273966
2023-09-17,0.0015740221790101483,-0.0013154851164994819
2023-09-24,-0.018951949496028853,-0.02920806963049072
