Date,Discretionary,Discretionary_Prediction,Dow_Jones,RealEstate,SP500,Financials,Industrials,Technology,NASDAQ,3-Month Treasury Yield,US Dollar Index,3m10y,CorporateBonds (t-5),Dow_Jones (t-1),Dow_Jones (t-8),RealEstate (t-12),Staples (t-1),30-Year Treasury Yield (t-2),30-Year Treasury Yield (t-8),15-Year Mortgage Rate (t-7),15-Year Mortgage Rate (t-8),15-Year Mortgage Rate (t-9),30-Year Mortgage Rate (t-7),Unemployment Rate (t-6),US Dollar Index (t-6),US Dollar Index (t-12),Retail Sales (t-4),5y10y (t-6),10y30y (t-2)
2020-02-16,0.02634245628607723,0.017715054416518456,0.011504857399365687,0.042736807605771254,0.01625521319711498,0.008085313022125007,0.011835260417512927,0.02277045317905735,0.02212800859000752,0.012820512820512775,-0.0007424147102823575,-0.03228910098522174,-0.0007119821433144713,0.03105250819762273,0.01140961101325666,-0.01078871805066961,0.017093978691498535,-0.0700934579439253,0.03539823008849563,0.0,0.0,0.015923566878980777,0.002680965147453085,-0.02777777777777779,-0.0020343001755711576,0.0040697639468207925,0.0,0.050000000000000044,-0.03194444444444444
2020-02-23,0.007893645730578047,0.001456402074554496,-0.0010415908448132005,0.021019380456445136,0.002025718335140758,-0.0023737089459193728,-0.00028523176824446494,-0.0009725894222923359,0.0031209876868233954,8.114248620577635e-05,0.005375124972943901,-0.03338592980295573,0.0016625410361574833,0.011504857399365687,0.006573817488454203,0.01646829132674532,0.008247817958777715,0.03015075376884413,-0.008547008547008517,-0.00940438871473348,0.0,0.0,-0.005347593582887722,0.0,0.0007044121419781391,0.0017696163122871145,0.0,-0.04761904761904656,-0.03170289855072467
2020-03-01,-0.010371281557502832,-0.008203617224282372,0.0016323559859408587,0.0229347195644779,-0.004076701544826755,-0.025972617075918414,-0.01051323686840705,-0.009302345497949005,-0.007461538634942755,-0.006288542680947723,0.005196879992481973,-0.033934344211822724,0.006638929504846569,-0.0010415908448132005,-3.4728418058849186e-05,-0.002360043957435498,0.0030433999587702876,-0.004878048780487698,-0.025862068965517238,-0.02848101265822789,-0.00940438871473348,0.0,-0.021505376344086002,0.0,-2.6070973881187065e-05,-0.004972469560272752,0.0,0.0011904761904767414,-0.02173913043478215
2020-03-08,-0.010187398290084526,0.0009623047282608475,0.016852751060873805,0.046567485821836785,0.004050373437179955,-0.039112503237873075,-0.008620749782812243,-0.02348835345328487,0.0009629559464752191,-0.009473385264524473,-0.00804696271352967,-0.034208551416256214,0.007183567568413096,0.0016323559859408587,0.0067059020025970195,-0.025597147866053604,0.029528138655912917,-0.03675274988043997,0.008849557522123908,0.006514657980456029,-0.02848101265822789,-0.00940438871473348,0.0027472527472527375,0.0,0.004260977252482201,-0.007223116030632637,0.0,0.025000000000000022,-0.021980676328502202
2020-03-15,-0.010187398290084526,0.0007615086496001939,0.016852751060873805,0.046567485821836785,0.004050373437179955,-0.039112503237873075,-0.008620749782812243,-0.02348835345328487,0.0009629559464752191,-0.011065806556312847,0.031939166755917237,-0.034345655018472955,-0.0016049469833645524,0.016852751060873805,0.017930028178514634,0.025480941583976957,0.06121729535306297,-0.05269010043041611,0.004385964912280826,-0.016181229773462702,0.006514657980456029,-0.02848101265822789,-0.013698630136986245,0.0,0.0015516044784513738,0.0005436440747550453,0.0,-0.02631578947368368,-0.020726495726495764
2020-03-22,-0.03385446105418555,-0.013174417573745155,-0.004862144989361661,0.046567485821836785,-0.008293593004355115,-0.05215982411852388,-0.025960886747091072,-0.05308764793431375,-0.00813577459909065,-0.012658227848101222,0.03733720136632113,0.001989389920424439,0.0007041619539438493,0.016852751060873805,-0.011831952011770785,0.00510879519009122,0.06121729535306297,-0.03751885369532432,-0.06550218340611347,-0.013157894736842146,-0.016181229773462702,0.006514657980456029,-0.025000000000000133,0.0,0.006692754527286571,-0.0046620872191258655,0.0,-0.05263157894736736,-0.019230769230769273
2020-03-29,-0.05752152381828657,-0.02156575658890188,-0.026577041039597127,0.005598778275187899,-0.020637559445890186,-0.06520714499917468,-0.0433010237113699,-0.018704799158669294,-0.01723450514465652,0.0,-0.020274201978435547,0.03827791132478644,0.006333678187865122,-0.004862144989361661,-0.025465652816480278,0.0025952600351257793,0.06778677730938543,-0.0064102564102563875,-0.0700934579439253,-0.009999999999999898,-0.013157894736842146,-0.016181229773462702,-0.017094017094017033,0.0,-0.0007424147102823575,-0.0020343001755711576,0.0,-0.05555555555555558,-0.0015508684863524969
2020-04-05,-0.05752152381828657,-0.024246937712379506,-0.026577041039597127,-0.03640275504473106,-0.020637559445890186,-0.06520714499917468,-0.0433010237113699,-0.018704799158669294,-0.01723450514465652,0.0,0.01645042935653307,0.03809428418803429,0.011189058411690711,-0.026577041039597127,0.03105250819762273,0.0022652219330459022,0.05108649051623382,-0.0064102564102563875,0.03015075376884413,0.0,-0.009999999999999898,-0.013157894736842146,0.005797101449275477,0.0,0.005375124972943901,0.0007044121419781391,0.0,-0.057189542483660816,0.01612903225806428
2020-04-12,0.0005323652877632923,-0.0011222045686070411,-0.0018521118389641655,-0.037435580818001135,0.004850297190804487,-0.053775474754980346,-0.02259958738487694,0.014473983883260377,0.0218331486964779,0.0,-0.018132468290283477,0.03772702991453,0.015856488686047943,-0.026577041039597127,0.011504857399365687,0.02442965857174717,0.03438620372308221,-0.022584973166368538,-0.004878048780487698,0.006734006734006703,0.0,-0.009999999999999898,0.0057636887608070175,0.0,0.005196879992481973,-2.6070973881187065e-05,0.0,-0.05800653594771343,0.01612903225806428
2020-04-19,0.0262824118058832,0.003345184265550505,0.0019490422088485615,-0.03950123236454128,0.00876719054597408,-0.03568724448649596,-0.013072689859667086,0.020297280471790136,0.029547518897981018,0.0,0.005827522046598865,0.03699252136752145,-0.04820359365851501,-0.0018521118389641655,-0.0010415908448132005,0.008089010774795513,0.0502258514979812,-0.03875968992248069,-0.03675274988043997,-0.013377926421404673,0.006734006734006703,0.0,-0.011461318051575908,0.0,-0.00804696271352967,0.004260977252482201,0.0,-0.05841503267973974,2.220446049250313e-16
2020-04-26,-0.006021430782046755,-0.012335534206256223,-0.018974732943971673,-0.04363253545762158,-0.012803772735551,-0.029030684462205913,-0.024247228660950193,-0.0070582059816097775,-0.0018057647416502842,0.0,0.010513242877233209,0.035523504273504355,-0.01851413734321905,0.0019490422088485615,0.0016323559859408587,-0.014485140381148676,0.040770426932524195,-0.04900947459087002,-0.05269010043041611,-0.05423728813559325,-0.013377926421404673,0.006734006734006703,-0.04637681159420293,0.0,0.031939166755917237,0.0015516044784513738,0.0,-0.0586192810457529,0.0
2020-05-03,-8.902019600354194e-05,0.002161167858864578,-0.0023125470482120436,0.009619233194829935,-0.0006360606620334774,0.014719333201343998,0.011369365609049664,0.003046321291684917,-0.003424549082375994,0.0,-0.008148807960994042,0.032585470085470164,0.04734063433790059,-0.018974732943971673,0.016852751060873805,0.016918624680225536,-0.02958665297780716,-0.059259259259259345,-0.03751885369532432,-0.03070287345847761,-0.05423728813559325,-0.013377926421404673,-0.012550107924761078,0.0,0.03733720136632113,0.006692754527286571,0.0,-0.058721405228759474,0.0
2020-05-10,0.044725607097132025,0.03219221930690583,0.02671956929383823,0.015834453157829387,0.034124097957856314,0.010426177224256206,0.01348950649269609,0.06614201636531547,0.060008495745714985,0.0,-0.004969404061269778,0.02670940170940178,0.001066800581870364,-0.0023125470482120436,0.016852751060873805,0.042736807605771254,-0.018565665449670976,-0.059259259259259345,-0.0064102564102563875,-0.026460046384145064,-0.03070287345847761,-0.05423728813559325,-0.009909647333139038,0.0,-0.020274201978435547,-0.0007424147102823575,0.0,-0.05877246732026277,-1.1102230246251565e-16
2020-05-17,-0.01517993490134828,-0.01986071552383333,-0.025641470174525005,0.045755058819881844,-0.021064022443962993,-0.055630329958716085,-0.02217299486186075,-0.013821675388540178,-0.011704527253712738,0.0,0.008655836058938382,0.014957264957265015,0.017682475963074706,0.02671956929383823,-0.004862144989361661,0.021019380456445136,0.00867750481305185,-0.05480948574473754,-0.0064102564102563875,-0.03999910466469697,-0.026460046384145064,-0.03070287345847761,-0.04483365949119372,0.0,0.01645042935653307,0.005375124972943901,0.0,-0.058823529411766065,-0.014285714285714346
2020-05-24,0.049792137463241515,0.028653815070710725,0.03364131271621118,0.05961155156850495,0.031996599407136506,0.041330074644974735,0.001079212930649387,0.03230983537563237,0.03439217091187885,0.0,-0.010343658653601095,-0.008547008547008517,0.0009145805351804537,-0.025641470174525005,-0.026577041039597127,0.0229347195644779,-0.012560293249912813,-0.02830008720296484,-0.022584973166368538,-0.03424657534246578,-0.03999910466469697,-0.026460046384145064,-0.0485714285714286,0.0,-0.018132468290283477,0.005196879992481973,0.0,-0.030303030303030276,-0.010399159663865454
2020-05-31,0.024416342770626764,0.03129844855181126,0.038426957781869,0.05961155156850495,0.030056929406754085,0.05465231609808141,0.059993922077716366,0.01533837479854494,0.017725205741706995,0.0,-0.011233300469736918,-0.008547008547008517,0.00011388840349457752,0.03364131271621118,-0.026577041039597127,0.046567485821836785,0.0013938118399581256,-0.006240462175713946,-0.03875968992248069,-0.01773049645390068,-0.03424657534246578,-0.03999910466469697,0.0,0.0,0.005827522046598865,-0.00804696271352967,0.0,-0.030303030303030276,0.007773109243697562
2020-06-07,0.05684852758244463,0.035872480837718816,0.06783579184304633,0.0023018200923368703,0.04935605766051454,0.06797455755118809,0.059993922077716366,0.03511292541524469,0.03416379327998498,0.06666666666666665,-0.017623028415944875,-0.05555555555555558,-0.001096745705699953,0.038426957781869,-0.0018521118389641655,0.046567485821836785,0.03062479162730347,0.037878787878787845,-0.04900947459087002,0.010830324909747224,-0.01773049645390068,-0.03424657534246578,-0.006006006006005982,0.0,0.010513242877233209,0.031939166755917237,0.0,-0.030303030303030276,0.007773109243697562
2020-06-14,-0.045028700401979815,-0.019832090876749933,-0.05450377349478164,-0.025614282517901654,-0.04737903154950418,0.00629453687795678,0.005957518094322101,-0.01972195317221004,-0.02295380779647549,0.002083333333333326,0.0071521029606576025,0.0,-0.004009157754388926,0.06783579184304633,0.0019490422088485615,0.046567485821836785,0.020091109672756957,0.033537934085379306,-0.059259259259259345,0.021428571428571352,0.010830324909747224,-0.01773049645390068,0.0060422960725075026,0.0,-0.008148807960994042,0.03733720136632113,0.0,-0.030303030303030276,0.028637770897832815
2020-06-21,0.016275734111839135,0.011511115523483394,0.010935269752883281,-0.006069546602401998,0.01902705761221446,-0.023040410228908625,-0.017217356175518894,0.028467806225807468,0.037263285317632455,-0.0625,0.004630310525787884,0.0,0.004600243384694558,-0.05450377349478164,-0.018974732943971673,0.005598778275187899,-0.03806669431146459,0.029197080291970767,-0.059259259259259345,-0.03146853146853146,0.021428571428571352,0.010830324909747224,-0.03003003003003002,0.0,-0.004969404061269778,-0.020274201978435547,0.0,-0.030303030303030276,-0.012901572112098414
2020-06-28,-0.026234518187172373,-0.02802385664902313,-0.03253471624674431,-0.040877641629050276,-0.02783204306872311,-0.05237535733577403,-0.04039223044535989,-0.004109414367357012,-0.018992369728027758,-0.06666666666666654,0.0026234777133322673,0.0,0.0034345484570070806,0.010935269752883281,-0.0023125470482120436,-0.03640275504473106,0.025808631949391092,0.01379310344827589,-0.05480948574473754,-0.014440433212996373,-0.03146853146853146,0.021428571428571352,0.009287925696594312,0.0,0.008655836058938382,0.01645042935653307,0.0,-0.030303030303030276,-0.03896103896103886
2020-07-05,0.046545413817789205,0.03704254156128036,0.032111246241899094,0.05020281612590605,0.04059356964796046,0.01727181592061644,0.042938985264637575,0.0367340994941574,0.0461617314022178,-0.03333333333333327,-0.005614020533029063,-0.03703703703703709,0.0030808421469423752,-0.03253471624674431,0.02671956929383823,-0.037435580818001135,-0.034297421061960875,-0.027117053718038908,-0.02830008720296484,-0.003663003663003539,-0.014440433212996373,-0.03146853146853146,0.006134969325153339,0.0,-0.010343658653601095,-0.018132468290283477,0.06717317300211811,-0.030303030303030276,0.04054054054054057
2020-07-12,0.029341281674904574,0.01707352556178387,0.00928758463056889,-0.02265656223101331,0.017166504294080065,0.021332348277638857,-0.014061715862123902,0.02669346297297648,0.04014747317249756,0.0,-0.004215723572677521,-0.008903133903133964,-0.004797696596296364,0.032111246241899094,-0.025641470174525005,-0.03950123236454128,0.032557339456155354,-0.0680272108843537,-0.006240462175713946,-0.007352941176470562,-0.003663003663003539,-0.014440433212996373,-0.012195121951219412,0.0,-0.011233300469736918,0.005827522046598865,0.0,-0.030303030303030276,-0.051948051948051854
2020-07-19,0.003975796624505312,0.012271354999715033,0.023504316282558113,0.007005312199605873,0.013004399738476558,0.020886439338414498,0.05866764135016389,-0.011565551664799889,-0.010760597222711499,0.0,-0.0018976921884622522,-0.008903133903133964,0.005152550026812586,0.00928758463056889,0.03364131271621118,-0.04363253545762158,0.02203741823427796,0.04379562043795615,0.037878787878787845,-0.029629629629629672,-0.007352941176470562,-0.003663003663003539,-0.0277777777777779,0.0,-0.017623028415944875,0.010513242877233209,0.0,-0.028309409888357284,-0.012275395837039793
2020-07-26,0.012701728405958512,-0.006549026955257848,-0.007685210204927184,-0.0069565791905349394,-0.002610935743254883,0.013361263758879804,-0.002222152407217015,-0.015257900772729815,-0.01333030597938667,0.0,-0.00830696136121356,-0.011217948717948678,0.0025060679134576436,0.023504316282558113,0.038426957781869,0.009619233194829935,0.02156272029640216,-0.0699300699300699,0.033537934085379306,0.0,-0.029629629629629672,-0.007352941176470562,0.009523809523809712,0.0,0.0071521029606576025,-0.008148807960994042,0.0,-0.026315789473684292,0.021051571313456696
2020-08-02,0.010771741342170404,0.01310293704029622,-0.0012842075186099144,0.04521714260548104,0.01757640271501537,-0.009888799847891483,-0.0015311669579466392,0.04971486470590869,0.03686994293950874,0.0,-0.007824654602952008,-0.009963768115942018,0.00215912043524491,-0.007685210204927184,0.06783579184304633,0.015834453157829387,0.008767597705513053,-0.03496503496503495,0.029197080291970767,0.0,0.0,-0.029629629629629672,0.00943396226415083,0.0,0.004630310525787884,-0.004969404061269778,0.012304554581445082,-0.026315789473684292,0.014705882352941124
2020-08-09,0.02467151486395247,0.025330407453379163,0.038850009697561916,0.009261214612890312,0.024654028549085716,0.03370787367827921,0.047399899756567665,0.029973685817469065,0.024728177988206257,0.0,0.003545621294202883,-0.009963768115942018,0.0035410014692607295,-0.0012842075186099144,-0.05450377349478164,0.045755058819881844,0.00917426874533045,-0.012195121951219523,0.01379310344827589,-0.01526717557251911,0.0,0.0,-0.024922118380062308,0.0,0.0026234777133322673,0.008655836058938382,0.0,-0.026315789473684292,0.015165441176470451
2020-08-16,0.022866533063633954,0.008335318459463838,0.01886202910512713,-0.013764545676677398,0.006784717429238807,0.013687661273916296,0.031944476360940666,0.001230837665078477,0.000755549059514804,0.0,-0.0058165137302709224,0.005887681159420233,0.0022643009482565812,0.038850009697561916,0.010935269752883281,0.05961155156850495,0.012918541259814509,0.0003048780487805436,-0.027117053718038908,0.003875968992248069,-0.01526717557251911,0.0,0.0,0.0,-0.005614020533029063,-0.010343658653601095,0.0,-0.013157894736842146,0.015504807692307665
2020-08-23,0.018037475717568974,0.005298696073737893,0.0003517039977867231,-0.004529982173476443,0.007837771261808735,-0.03455138920142298,-0.013930197052699378,0.03565171911154397,0.0265443363175919,0.0,0.0010038786999857496,-0.012567934782608758,0.003500991861245195,0.01886202910512713,-0.03253471624674431,0.05961155156850495,0.010234867109635726,0.0003048780487805436,-0.0680272108843537,-0.01158301158301156,0.003875968992248069,-0.01526717557251911,-0.019169329073482455,0.0,-0.004215723572677521,-0.011233300469736918,0.0,0.0,0.015504807692307665
2020-08-30,0.029757964931724334,0.029312083428047867,0.026531619492648595,0.021399681078470678,0.03269696241867459,0.04319208008224429,0.030608475712337713,0.04425987583820046,0.03393183089802787,0.0,-0.009549493524044217,-0.046875,0.0036019382016172496,0.0003517039977867231,0.032111246241899094,0.0023018200923368703,0.0021819206602318175,-0.021982758620689546,0.04379562043795615,-0.01953125000000011,-0.01158301158301156,0.003875968992248069,-0.013029315960912058,0.0,-0.0018976921884622522,-0.017623028415944875,0.0,0.0,-0.012577962577962454
2020-09-06,-0.022387748284768638,-0.020269446336320652,-0.01719550944549908,-0.007585860231051789,-0.022847846457721865,-0.002760070281560778,-0.01205740116263554,-0.04092244625320918,-0.032704523299092125,0.0,0.0008288348272773582,-0.046875,0.0032518512734669436,0.026531619492648595,0.00928758463056889,-0.025614282517901654,0.022861536673907334,-0.06896551724137923,-0.0699300699300699,-0.01195219123505964,-0.01953125000000011,-0.01158301158301156,-0.01650165016501648,0.0,-0.00830696136121356,0.0071521029606576025,0.0,0.03125000000000022,-0.04054054054054046
2020-09-13,-0.007406885145498032,-0.024345073947460216,-0.01660936557387871,-0.02232468401340293,-0.02484140024619974,-0.022934150921958052,-0.0029549494710520152,-0.043684534861100244,-0.0406236013274468,0.0,0.00043432550283517557,-0.046875,0.0008846272771934061,-0.01719550944549908,0.023504316282558113,-0.006069546602401998,-0.0034970200306817523,-0.05421960072595278,-0.03496503496503495,0.024193548387096753,-0.01195219123505964,-0.01953125000000011,0.010067114093959662,0.0,-0.007824654602952008,0.004630310525787884,0.0,0.031250000000000056,-0.04591129591129589
2020-09-20,-0.01492431296298835,-0.003191696883481218,0.00033005665526619765,0.0026060615264533737,-0.006245844585267002,-0.0012139565227781146,0.01507549229391869,-0.010623213405054677,-0.005552978733646241,0.0,-0.007307971925810786,-0.06666666666666654,-0.011523420666723516,-0.01660936557387871,-0.007685210204927184,-0.040877641629050276,-0.013579543922741522,-0.033435472242249464,-0.012195121951219523,-0.011811023622047334,0.024193548387096753,-0.01195219123505964,-0.006644518272425071,0.0,0.003545621294202883,0.0026234777133322673,0.0,0.031250000000000056,-0.018884268884268973
2020-09-27,0.002340131722408101,-0.005867199372735915,-0.017431289863114152,-0.021082399115333383,-0.005806853783879462,-0.04298224440163034,-0.025294589312957916,0.021764398116359995,0.011143905636455065,0.0,0.022812467460345154,-0.06666666666666654,0.004753444651339311,0.00033005665526619765,-0.0012842075186099144,0.05020281612590605,-0.014849019130030339,-0.0273972602739726,0.0003048780487805436,-0.027888446215139417,-0.011811023622047334,0.024193548387096753,-0.03678929765886296,0.0,-0.0058165137302709224,-0.005614020533029063,0.0,0.015624999999999861,0.013513513513513375
2020-10-04,0.03022501071234518,0.017928748058213803,0.018770778217213957,0.051774643440912094,0.015544756152532146,0.03448267005293082,0.01464243664768694,0.008776513004588704,0.014794436214625062,0.0,-0.00963324934463372,-0.06666666666666654,-0.006420787767258074,-0.017431289863114152,0.038850009697561916,-0.02265656223101331,-0.004312039870541184,0.021126760563380254,0.0003048780487805436,0.008196721311475308,-0.027888446215139417,-0.011811023622047334,0.0277777777777779,0.0,0.0010038786999857496,-0.004215723572677521,0.024871945901956627,-3.3306690738754696e-16,2.220446049250313e-16
2020-10-11,0.03453156184331818,0.03444215374814698,0.032983948595538326,0.011732005964392611,0.03897074329618411,0.0382717214176409,0.03994331287107444,0.04558898046872262,0.04559097137596746,0.0,-0.012482706927936627,-0.05797101449275366,0.002073220308778767,0.018770778217213957,0.01886202910512713,0.007005312199605873,0.01681463278527029,-0.034482758620689724,-0.021982758620689546,0.03252032520325199,0.008196721311475308,-0.027888446215139417,0.01013513513513531,0.0,-0.009549493524044217,-0.0018976921884622522,0.0,-0.023809523809523725,-0.01333333333333353
2020-10-18,-0.003520259842546891,0.0016528719689668093,0.0005506736135223456,-0.023789566610640134,0.001268625895168407,-0.009512549019264016,0.011026954228950725,0.007821562744165789,0.007911883587079283,0.0,0.0042609188213424964,-0.05797101449275366,0.002040125052830133,0.032983948595538326,0.0003517039977867231,-0.0069565791905349394,0.02558506160615792,0.05714285714285716,-0.06896551724137923,-0.03149606299212604,0.03252032520325199,0.008196721311475308,-0.026755852842809347,0.0,0.0008288348272773582,-0.00830696136121356,0.0,-0.01785714285714282,0.05405405405405417
2020-10-25,0.0009157669836674653,-0.009819236630541624,-0.009196898545103971,-0.007959785503759309,-0.00434803986154908,0.010404245619160202,-0.005269660922732733,-0.022126779198619717,-0.010562367105469761,0.0,-0.006526649477634816,-0.002318840579710102,-0.0007920747783665139,0.0005506736135223456,0.026531619492648595,0.04521714260548104,0.006540896014688435,0.06756756756756754,-0.05421960072595278,-0.016260162601625994,-0.03149606299212604,0.03252032520325199,0.0068728522336769515,0.0,0.00043432550283517557,-0.007824654602952008,0.0,-0.011904761904761918,0.012820512820512775
2020-11-01,-0.06549443220224371,-0.034992335614606504,-0.0645162003995684,-0.043204660113088766,-0.029995108625452738,-0.05504948201822535,-0.03528216740050899,-0.04306269338423374,-0.03284764429892789,0.0,0.00974908686538134,0.053333333333333455,-0.0013580201915770473,-0.009196898545103971,-0.01719550944549908,0.009261214612890312,-0.01178777707046097,0.014796442011631883,-0.033435472242249464,-0.02066115702479332,-0.016260162601625994,-0.03149606299212604,-0.023890784982935287,0.0,-0.007307971925810786,0.003545621294202883,-0.00391745919567188,-1.1102230246251565e-16,-0.03797468354430378
2020-11-08,0.06847580530997766,-0.007512267681682078,0.06851285955884667,0.04451050170340731,-0.016483370431989275,-0.004473659288423526,-0.005477441990888343,-0.033562096137615405,-0.030338177942456357,0.0,-0.01845489645006093,0.053333333333333455,0.0003405225334951467,-0.0645162003995684,-0.01660936557387871,-0.013764545676677398,-0.04786657489042301,-0.015938561284347008,-0.0273972602739726,-0.008438818565400852,-0.02066115702479332,-0.016260162601625994,0.0034965034965035446,0.0,0.022812467460345154,-0.0058165137302709224,0.0,-0.024390243902438935,0.039473684210526105
2020-11-15,0.004517023584307722,0.015040269566023058,0.042122393867707775,0.06151171913718212,0.007469993954525134,0.02582574863417475,0.03241715315626903,-0.006059478592622736,-0.0016862891014579606,0.0,0.002164150888775751,-0.050000000000000044,-0.0018160267065474578,0.06851285955884667,0.00033005665526619765,-0.004529982173476443,0.0454544946381632,-0.012102734663710202,0.021126760563380254,0.02127659574468077,-0.008438818565400852,-0.02066115702479332,0.010452961672473782,0.0,-0.00963324934463372,0.0010038786999857496,0.0,0.012804878048780444,-0.025316455696202556
2020-11-22,0.0015640383364168287,-0.004237666732662251,-0.006683629969673421,-0.011868688403875227,-0.007735448616327578,0.02650537316835011,0.010494516416029498,-0.008993372479862427,0.0021708561896107703,0.0,-0.006572094334238443,-0.031578947368421095,0.0014782119591187914,0.042122393867707775,-0.017431289863114152,0.021399681078470678,0.03748656388795801,-0.030303030303030165,-0.034482758620689724,-0.01666666666666672,0.02127659574468077,-0.008438818565400852,-0.006896551724137945,0.0,-0.012482706927936627,-0.009549493524044217,0.0,0.013888888888888784,2.220446049250313e-16
2020-11-29,0.029475021921897326,0.024933098997318586,0.02293766145107301,-0.00023552028497764166,0.023471197534897792,0.04746141250972902,0.024925058711321224,0.021230533185590428,0.029597703824271404,0.0,-0.0026936341415704224,-0.031578947368421095,-0.004201229568067122,-0.006683629969673421,0.018770778217213957,-0.007585860231051789,-0.015252467396498104,0.00047348484848480643,0.05714285714285716,0.004237288135593209,-0.01666666666666672,0.02127659574468077,-0.003472222222222099,0.0,0.0042609188213424964,0.0008288348272773582,0.0,-0.022222222222222254,-0.006493506493506551
2020-12-06,-0.0012010320972304367,0.017597192663686683,0.011195475717946213,0.01578328798579931,0.01699352451514735,0.017913625486750684,0.004390758404213324,0.02755581571675947,0.02116860912136298,0.0,-0.012408103258319758,-0.040669856459330134,-0.0013682089560569377,0.02293766145107301,0.032983948595538326,-0.02232468401340293,0.0063157284227541854,0.028696895424836555,0.06756756756756754,-0.008438818565400852,0.004237288135593209,-0.01666666666666672,-0.020905923344947785,0.0,-0.006526649477634816,0.00043432550283517557,0.0,0.009722222222222243,0.014935064935064801
2020-12-13,-0.01094730012149081,-0.009129386594101166,-0.005486311781429443,-0.02539407156132434,-0.009598597012392296,-0.017943621938898313,-0.004932144413602568,-0.013805203048911197,-0.006928654904048814,0.0,0.0032572998496147587,-0.003603104212860364,0.006759780428932549,0.011195475717946213,0.0005506736135223456,0.0026060615264533737,0.010609865353973236,0.026143790849673332,0.014796442011631883,-0.008510638297872353,-0.008438818565400852,0.004237288135593209,-0.003558718861210064,0.0,0.00974908686538134,-0.007307971925810786,0.0,-0.009166666666666656,0.04197651663405089
2020-12-20,0.02360841299489258,0.013800067220039926,0.005171125178854874,0.007561434469737005,0.012158562636550574,0.0010542419831254257,0.0007887564976665207,0.03177797114857661,0.030519752402753175,0.0,-0.004760851692202306,0.06097560975609739,-0.0022722732605214846,-0.005486311781429443,-0.009196898545103971,-0.021082399115333383,-0.0045840181239380495,-0.015829838679209618,-0.015938561284347008,-0.0042918454935623185,-0.008510638297872353,-0.008438818565400852,0.0035714285714285587,0.0,-0.01845489645006093,0.022812467460345154,0.0,-0.06000000000000005,0.041095890410958846
2020-12-27,-0.011359158740812836,0.003250310965962849,0.00039701311256679084,0.0024972570273791295,-0.00048766694080426554,0.021596718244167645,-0.005357685869738726,0.008659496890518259,0.003848558101789301,0.0,0.0033464773286240312,-0.02298850574712641,0.006376632516689851,0.005171125178854874,-0.0645162003995684,0.051774643440912094,0.009061431002903797,-0.007429341466009487,-0.012102734663710202,0.0,-0.0042918454935623185,-0.008510638297872353,-0.01067615658362997,0.0,0.002164150888775751,-0.00963324934463372,0.0,0.021276595744680993,-0.03947368421052655
2021-01-03,0.01836827378998973,0.009583387166725427,0.012483036385951829,0.016135003280867588,0.013225088127067464,0.018307086002087525,0.006250108125564147,0.0074384006034182715,0.006524917091492277,0.0,-0.005921413352336202,-0.0173766058147396,-0.0001132522555306048,0.00039701311256679084,0.06851285955884667,0.011732005964392611,-0.00958936161774504,0.042944785276073594,-0.030303030303030165,0.008620689655172376,0.0,-0.0042918454935623185,0.021582733812949728,0.0,-0.006572094334238443,-0.012482706927936627,0.012112574977267254,-0.06250000000000011,0.027397260273972712
2021-01-10,0.049819871377631664,0.023048865135815746,0.017168676906132996,-0.02533554098528823,0.019739016694987788,0.04884676271831645,0.011970461263159038,0.005691370768034609,0.024339957593801698,0.0,-0.00027757740501954675,-0.020168067226890574,-0.004048143835043261,0.012483036385951829,0.042122393867707775,-0.023789566610640134,0.010941154075256643,-0.02352941176470591,0.00047348484848480643,-0.02564102564102566,0.008620689655172376,0.0,-0.042253521126760396,0.0,-0.0026936341415704224,0.0042609188213424964,0.0,-0.009027777777777801,-0.040000000000000036
2021-01-17,-0.01771443298351183,-0.00985906124248902,-0.008979176864701732,0.013296531159870506,-0.014583285234239907,0.0006468235419703205,-0.008704343783442092,-0.025542907295247885,-0.015412874548000777,0.0,0.0020028861688534683,-0.01428571428571418,0.003641435561386963,0.017168676906132996,-0.006683629969673421,-0.007959785503759309,-0.008154032370159436,-0.014776754075124021,0.028696895424836555,0.0,-0.02564102564102566,0.008620689655172376,0.0,-0.02898550724637683,-0.012408103258319758,-0.006526649477634816,0.0,0.004040404040404066,-1.1102230246251565e-16
2021-01-24,0.025934903797927733,0.016646496907591152,0.0060044556456995135,0.016313769527834587,0.019110927759983465,-0.019392292258528787,-0.0036022866968898892,0.04245796499014487,0.04189403164307426,0.0,0.0003990591172453595,0.0,-0.0010205531418312486,-0.008979176864701732,0.02293766145107301,-0.043204660113088766,-0.018983780852141363,-0.008359641775658788,0.026143790849673332,-0.00877192982456143,0.0,-0.02564102564102566,-0.003676470588235392,0.0,0.0032572998496147587,0.00974908686538134,0.0,0.010120068610634525,0.027777777777778345
2021-01-31,-0.04756028424341929,-0.029972890249523616,-0.03277737733492536,-0.008025951245063778,-0.033456894301784,-0.0458139380480066,-0.042255213156016325,-0.02936084857846155,-0.03487905655088985,0.0,0.0035856173715991257,0.014705882352941235,0.0022836157973089577,0.0060044556456995135,0.011195475717946213,0.04451050170340731,-0.008532596036327389,-0.005347593582887722,-0.015829838679209618,0.0,-0.00877192982456143,0.0,0.0,0.0,-0.004760851692202306,-0.01845489645006093,0.028840323675574986,0.056603773584905426,-3.3306690738754696e-16
2021-02-07,0.06308243479684328,0.04178829112329021,0.03912455971821971,0.034709151520704085,0.04766649674452794,0.06701176353528626,0.0497818088042179,0.049561777099111914,0.06010465776280971,0.0,0.0025483043459619825,0.014705882352941235,0.0020450741375057646,-0.03277737733492536,-0.005486311781429443,0.06151171913718212,-0.015060689041328068,0.0,-0.007429341466009487,-0.022123893805309658,0.0,-0.00877192982456143,-0.014760147601476037,0.0,0.0033464773286240312,0.002164150888775751,0.0,0.017857142857142794,0.013513513513513598
2021-02-14,-0.011089655152470845,0.014385642708196054,0.011234692454197281,0.014732654605843276,0.012715746367157221,0.020395054369952925,0.014720847597487374,0.024164955600231464,0.017260735206818367,0.0,-0.006660602394288673,0.0,-0.010432126118433471,0.03912455971821971,0.005171125178854874,-0.011868688403875227,0.026057015873587108,0.010810810810810922,0.042944785276073594,-0.009049773755656076,-0.022123893805309658,0.0,-0.0037453183520598232,-0.059701492537313494,-0.005921413352336202,-0.006572094334238443,0.0,0.008928571428571508,0.01333333333333342
2021-02-21,-0.004110072226445993,-0.008393569119422177,0.0015264703653676825,-0.00926975356723081,-0.006647301887340196,0.028235988038092685,0.007530375976135373,-0.018327474886988382,-0.015679489219753595,0.0,0.0019911296072900875,0.0,0.0009169387580745259,0.011234692454197281,0.00039701311256679084,-0.00023552028497764166,-0.0010644274030132683,0.053475935828877,-0.02352941176470591,-0.0091324200913242,-0.009049773755656076,-0.022123893805309658,0.003759398496240518,0.0,-0.00027757740501954675,-0.0026936341415704224,0.0,0.007812500000000333,0.026315789473684292
2021-02-28,-0.049935027052639525,-0.02290052366776799,-0.01736933671752483,-0.015330614046853097,-0.024792967091489038,-0.003085495842656827,-0.004067009039715241,-0.03939719158242627,-0.0491630199289147,0.0,0.010078188987302727,0.02631578947368418,0.0003433746688026318,0.0015264703653676825,0.012483036385951829,0.01578328798579931,-0.011417190768165497,0.02030456852791862,-0.014776754075124021,-0.004608294930875445,-0.0091324200913242,-0.009049773755656076,-0.0074906367041198685,0.0,0.0020028861688534683,-0.012408103258319758,0.0,0.015504807692307887,0.0384615384615381
2021-03-07,-0.026869268432982207,0.009921648953138771,0.01871035136702015,-0.0116773005021511,0.008597159936227339,0.043330204917142234,0.031232911092658355,-0.013313974551808716,-0.02063311137210655,0.0,0.0081494190127116,0.05263157894736836,0.0005719710091296459,-0.01736933671752483,0.017168676906132996,-0.02539407156132434,-0.02525414521747804,0.06467661691542315,-0.008359641775658788,0.03240740740740744,-0.004608294930875445,-0.0091324200913242,0.05283018867924527,0.0,0.0003990591172453595,0.0032572998496147587,-0.025418020910835226,0.01538461538461533,0.013057929724596351
2021-03-14,0.06344833376703884,0.02917463723161542,0.04146077297015793,0.05258893561729305,0.02718768619547607,0.03144481215964334,0.035637733967432306,0.019077021526055393,0.030936943367743996,0.0,-0.0063430671050086485,0.05263157894736836,-0.0037915563530537266,0.01871035136702015,-0.008979176864701732,0.007561434469737005,0.02211677230367437,0.014018691588784993,-0.005347593582887722,-0.008968609865470878,0.03240740740740744,-0.004608294930875445,-0.007168458781361964,0.0,0.0035856173715991257,-0.004760851692202306,0.0,0.007692307692307665,-0.01302215457466599
2021-03-21,-0.0019187579588558767,-0.00958431060870983,-0.0049786962931054335,-0.00913390054702612,-0.008385368757275802,-0.01581834976899854,-0.0030999871847858795,-0.013773567778554985,-0.007854445499139717,0.0,-0.0004768206765014549,0.003194402190447143,-0.001380163423705949,0.04146077297015793,0.0060044556456995135,0.0024972570273791295,0.022411370145823728,0.05069124423963123,0.0,-0.004524886877827927,-0.008968609865470878,0.03240740740740744,-0.014440433212996373,-0.015873015873015817,0.0025483043459619825,0.0033464773286240312,0.0,-0.013888888888888895,0.020928462709284723
2021-03-28,-0.0007582256827093348,0.0120081474246944,0.014110160128744331,0.03506864852092306,0.016688910931026868,0.008835219663428928,0.022313646974444712,0.025849134525119055,-0.005789510010267174,0.0,0.006773375580268359,-0.0079698721317219,-0.006678813634730996,-0.0049786962931054335,-0.03277737733492536,0.016135003280867588,0.0034765736852975238,0.05263157894736836,0.010810810810810922,0.004545454545454408,-0.004524886877827927,-0.008968609865470878,0.0,0.0,-0.006660602394288673,-0.005921413352336202,0.0,-0.02777777777777779,0.055555555555556024
2021-04-04,0.020233571101593073,0.013632549654591887,0.0025406998363628475,0.009057627087984743,0.01169238749093715,0.002909275657113408,0.0046786882145908315,0.02118029321435433,0.02598271451145595,0.0,-9.142712466969627e-05,0.030303030303030276,-0.0037098650987992254,0.014110160128744331,0.03912455971821971,-0.02533554098528823,0.03872915113748543,0.02083333333333348,0.053475935828877,-0.009049773755656076,0.004545454545454408,-0.004524886877827927,0.0,0.0,0.0019911296072900875,-0.00027757740501954675,0.0,-0.02777777777777779,-0.06578947368421029
2021-04-11,0.0387203352085661,0.024751752154709667,0.019339163040890117,0.004060723659636167,0.027158652528492366,0.019727512740846498,0.017513570854734484,0.04642748198213087,0.031162955433544193,0.0,-0.004656176203211904,-0.02941176470588236,-0.008285304459047294,0.0025406998363628475,0.011234692454197281,0.013296531159870506,-0.00874898006101732,-0.032653061224489854,0.02030456852791862,0.009132420091324311,-0.009049773755656076,0.004545454545454408,0.029304029304029422,0.0,0.010078188987302727,0.0020028861688534683,0.0,-0.0009018759018760147,-0.039936990363231895
2021-04-18,0.02210501824064237,0.010880492421597969,0.012172123345038699,0.02511722343758027,0.014022257615075029,0.007112586048897196,0.006267984759965595,0.010792268639574942,0.010945851053777211,0.0,-0.006380960288591808,-0.04848484848484835,-0.005288223965807193,0.019339163040890117,0.0015264703653676825,0.016313769527834587,0.013827614808625821,-0.008438818565400852,0.06467661691542315,0.05882352941176472,0.009132420091324311,-0.009049773755656076,0.05693950177935947,-0.016129032258064613,0.0081494190127116,0.0003990591172453595,0.0,0.03530330429064593,0.024703778224904882
2021-04-25,-0.011397261968649874,0.0013339039244719606,-0.004182474561964744,0.01951812961159427,-0.0012462520540807986,-0.0005651728834933367,0.004152758161256598,-0.0041869890184920155,-0.002528424008568453,0.0,-0.00350166326782797,-0.01273885350318471,-0.0025988991853315158,0.012172123345038699,-0.01736933671752483,-0.008025951245063778,0.0129135835630938,-0.004255319148936287,0.014018691588784993,0.0,0.05882352941176472,0.009132420091324311,0.01683501683501687,0.0,-0.0063430671050086485,0.0035856173715991257,0.0,0.0446325826072661,0.03174603174603147
2021-05-02,0.0061861875455337945,0.0007005213867194274,-0.004377035706761068,0.010081403216213092,0.0013436058877231982,0.02487255028779556,0.0036431247714583392,-0.021023186109313752,-0.003861783420896825,0.0,3.568385885222014e-06,0.05806451612903207,0.004145629357597214,-0.004182474561964744,0.01871035136702015,0.034709151520704085,-0.003437816116118153,-0.03418803418803418,0.05069124423963123,0.017094017094017033,0.0,0.05882352941176472,0.009933774834437026,0.0,-0.0004768206765014549,0.0025483043459619825,0.004044706177352975,0.06329113924050644,-3.3306690738754696e-16
2021-05-09,-0.007265905333489475,0.013043119335794474,0.026376354106666833,-0.00604898152073674,0.011550532739366348,0.04191969333837475,0.03355250055682357,-0.004795881543129266,-0.015071566335034814,0.0,-0.009439239080109019,-0.03658536585365846,0.0025076222606414955,-0.004377035706761068,0.04146077297015793,0.014732654605843276,0.00014373164025660579,-0.004424778761061843,0.05263157894736836,0.008403361344537785,0.017094017094017033,0.0,0.013114754098360715,0.0,0.006773375580268359,-0.006660602394288673,0.0,0.019740807715491304,2.220446049250313e-16
2021-05-16,-0.03873434706903711,-0.01117838952320957,-0.010405808010424122,-0.012780061846978441,-0.013124181603103136,0.0026470026361433696,-0.005885176443116813,-0.021937732496987716,-0.0234332559737781,0.0,0.0009996595753878346,0.025316455696202445,0.0017688347439903662,0.026376354106666833,-0.0049786962931054335,-0.00926975356723081,0.015234176933063726,0.022222222222222143,0.02083333333333348,0.02083333333333348,0.008403361344537785,0.017094017094017033,0.025889967637540368,0.0,-9.142712466969627e-05,0.0019911296072900875,0.0,0.021428571428571408,-0.02985074626865669
2021-05-23,-0.012826438988137068,-0.0019014937907145134,-0.004399609371999125,0.010068681021596637,-0.003936909148279599,-0.00791993838178584,-0.01613658012284902,0.001544447581069086,0.003053598307192207,0.0,-0.0006783698969308194,0.0,0.0031784325097394817,-0.010405808010424122,0.014110160128744331,-0.015330614046853097,0.0038222006650776574,-0.008695652173913104,-0.032653061224489854,0.0,0.02083333333333348,0.008403361344537785,0.003154574132492094,0.0,-0.004656176203211904,0.010078188987302727,0.0,0.002083333333333437,0.04615384615384577
2021-05-30,0.0254521155886982,0.014769217756112837,0.010524973163005713,0.01912329182487893,0.012291096051645134,0.01091007757935869,0.020186053077140942,0.016227396286154105,0.02061838032450236,0.0,-0.0027144212745806584,-0.030864197530864113,0.0026988209637057725,-0.004399609371999125,0.0025406998363628475,-0.0116773005021511,0.0015511708104691824,0.03070175438596512,-0.008438818565400852,-0.01224489795918382,0.0,0.02083333333333348,-0.01572327044025168,0.0,-0.006380960288591808,0.0081494190127116,0.0,-0.06249999999999978,0.058823529411765385
2021-06-06,-0.010471986028121716,0.006273811463496716,0.006538838729620133,0.026050390809394308,0.006094522120536627,0.012635107294247439,0.0020930786055015638,0.011705112385920646,0.004782256328882406,0.0,-5.9581897575156084e-05,-0.019108280254777066,-0.002223562613130836,0.010524973163005713,0.019339163040890117,0.05258893561729305,-0.002956739684421117,-0.008510638297872353,-0.004255319148936287,-0.028925619834710647,-0.01224489795918382,0.0,-0.02875399361022357,0.0,-0.00350166326782797,-0.0063430671050086485,0.0,0.0,-0.02777777777777779
2021-06-13,0.012746361560305397,0.004558472860004474,-0.007990844625522464,0.021160701529644665,0.004046542746942716,-0.023654781519027,-0.017372346239656222,0.01392658728990126,0.018453788969038598,0.0,0.0030722618004013214,-0.06493506493506496,0.0027134386595046855,0.006538838729620133,0.012172123345038699,-0.00913390054702612,0.010026697327814693,-0.030042918454935785,-0.03418803418803418,-0.025531914893617058,-0.028925619834710647,-0.01224489795918382,-0.023026315789473673,0.0,3.568385885222014e-06,-0.0004768206765014549,0.0,0.05333333333333301,-0.028571428571429247
2021-06-20,-0.00606195881535454,-0.021442871009085308,-0.033827709831759756,-0.029104819792147185,-0.01893090682761922,-0.06203427079749846,-0.03767757719570575,0.0008451329722638512,-0.0027748151152842127,0.0,0.01750766838035167,-0.02777777777777779,-0.0035142473117012463,-0.007990844625522464,-0.004182474561964744,0.03506864852092306,-0.008109255460689413,-0.008849557522123686,-0.004424778761061843,0.008733624454148492,-0.025531914893617058,-0.028925619834710647,0.0033670033670032407,0.0,-0.009439239080109019,0.006773375580268359,0.0,0.05063291139240533,6.661338147750939e-16
2021-06-27,0.03504824735747025,0.030389353445269607,0.03450895695449341,0.01794716389514628,0.028174065885278043,0.052406464633765415,0.030756651870843754,0.023972485355714612,0.023521085557296262,0.0,-0.009540843585361558,0.05714285714285716,0.00047026923812798493,-0.033827709831759756,-0.004377035706761068,0.009057627087984743,-0.03016660116052894,-0.04017857142857151,0.022222222222222143,-0.0043290043290044045,0.008733624454148492,-0.025531914893617058,-0.006711409395973145,0.0,0.0009996595753878346,-9.142712466969627e-05,0.0,-0.024096385542168863,1.6653345369377348e-16
2021-07-04,0.01804078513979679,0.014070629836468274,0.010132010003877978,-0.005328083842594866,0.01666623899255315,0.000270830909445019,0.009184021182808477,0.03188031521729706,0.019424293944409143,0.0,0.005145920148036831,-0.060810810810810856,0.0018801927556968412,0.03450895695449341,0.026376354106666833,0.004060723659636167,0.019368997816608724,-0.05264742524916949,-0.008695652173913104,-0.017391304347826098,-0.0043290043290044045,0.008733624454148492,-0.006756756756756799,0.0,-0.0006783698969308194,-0.004656176203211904,-0.0075301995204271055,-0.024691358024691357,-3.3306690738754696e-16
2021-07-11,0.007452924759877355,0.0040661341874510485,0.002270556401757995,0.02649019924291829,0.004150278025763621,-0.006226135527862331,0.0019363081931904613,0.008941694917362186,0.004275458194874959,0.0,0.0026282026221606802,-0.05755395683453224,0.003101404817249964,0.010132010003877978,-0.010405808010424122,0.02511722343758027,0.0035879610168276788,-0.058021102497846755,0.03070175438596512,0.013274336283185972,-0.017391304347826098,-0.0043290043290044045,0.020408163265306145,0.0,-0.0027144212745806584,-0.006380960288591808,0.0,2.220446049250313e-16,-0.016129032258064835
2021-07-18,-0.024549475651224117,-0.011161618381830505,-0.005117915088316605,0.0036052629895908517,-0.009597851176896377,-0.016072079136784767,-0.015267127910965406,-0.005952435982063076,-0.018683252864906685,0.0,0.0017891925327131464,-0.038167938931297773,0.005035423096186209,0.002270556401757995,-0.004399609371999125,0.01951812961159427,0.0031460578741531187,-0.04009710930442639,-0.008510638297872353,-0.008733624454148492,0.013274336283185972,-0.017391304347826098,-0.016666666666666607,-0.032786885245901565,-5.9581897575156084e-05,-0.00350166326782797,0.0,-0.0063291139240505,0.0001322051824430015
2021-07-25,0.02954905838389421,0.018373126357306716,0.011045799594354255,0.004443126434019007,0.019937949657863996,0.003876111612770572,0.016681297416716978,0.028077125498563227,0.028401135168159897,0.0,0.003530418121456602,-0.007936507936507908,0.0011653030888256755,-0.005117915088316605,0.010524973163005713,0.010081403216213092,0.012687074693745082,-0.029268292682926744,-0.030042918454935785,0.0,-0.008733624454148492,0.013274336283185972,0.013559322033898313,0.0,0.0030722618004013214,3.568385885222014e-06,0.0,-0.009493670886075861,0.016393442622950838
2021-08-01,-0.01549651821710163,-0.006127587818236177,-0.0031093083458995086,0.004423547915336501,-0.0032504419046521793,0.0071705109986131,-0.0024128909187884906,-0.007248137280986611,-0.011074385322052627,0.0,-0.006758329131598351,-0.05600000000000005,-0.0041901147298886166,0.011045799594354255,0.006538838729620133,-0.00604898152073674,0.005067552874650216,-0.03015075376884424,-0.008849557522123686,-0.017621145374449365,0.0,-0.008733624454148492,-0.010033444816053616,0.0,0.01750766838035167,-0.009439239080109019,-0.019963020637693396,-0.03858717844017967,0.0
2021-08-08,0.0032148373722609147,0.010625258164477236,0.007468090567952501,0.0033733577900081357,0.009076096282187196,0.03669213782737324,0.0017415048178228698,0.009517596700015618,0.01111453951141117,0.0,0.0056576897988525054,0.05932203389830515,0.00551916176814915,-0.0031093083458995086,-0.007990844625522464,-0.012780061846978441,0.0015405868256730404,-0.005181347150259086,-0.04017857142857151,0.004484304932735439,-0.017621145374449365,0.0,-0.010135135135135087,0.0,-0.009540843585361558,0.0009996595753878346,0.0,-0.04838709677419353,0.0
2021-08-15,0.003038496769148802,0.00554478560256276,0.009372738358432331,-0.0002800618729147386,0.007751654724027723,0.019017471175138967,0.014100821482443182,0.0008394634053630057,-0.0008667823692990462,0.0,-0.002192099968230443,-0.016000000000000014,0.003492329978807218,0.007468090567952501,-0.033827709831759756,0.010068681021596637,-0.007970628549138215,-0.015625,-0.05264742524916949,0.044642857142856984,0.004484304932735439,-0.017621145374449365,0.030716723549488067,0.0,0.005145920148036831,-0.0006783698969308194,0.0,-0.03225806451612895,0.048387096774193505
2021-08-22,-0.021700798014735456,-0.008221720860146865,-0.010171738323711987,-0.0004672503810605466,-0.00574106858666279,-0.023068947801195394,-0.022571358670282926,0.004839049907180204,-0.007302230435513035,0.0,0.012729552940011102,-0.016260162601625994,0.001392293814764134,0.009372738358432331,0.03450895695449341,0.01912329182487893,0.0221311456865092,0.02645502645502651,-0.058021102497846755,-0.03418803418803418,0.044642857142856984,0.004484304932735439,-0.013245033112582738,0.0,0.0026282026221606802,-0.0027144212745806584,0.0,-0.03225806451612895,-0.03076923076923077
2021-08-29,0.023758497828736624,0.017972320504951914,0.009710478973017578,0.0015888539476851538,0.015540433969970957,0.03475711200737264,0.022313116420859647,0.014511463388899637,0.028192281666375996,0.0,-0.010121660790747167,0.04132231404958686,0.0024328941717990382,-0.010171738323711987,0.010132010003877978,0.026050390809394308,0.003447925522860773,0.0,-0.04009710930442639,-0.0265486725663715,-0.03418803418803418,0.044642857142856984,-0.02684563758389269,0.0,0.0017891925327131464,-5.9581897575156084e-05,0.0,2.220446049250313e-16,0.031746031746031855
2021-09-05,0.009238823160593324,0.005290308434729093,-0.0012125335876806975,0.0382567329317518,0.0062854431679331135,-0.0238462378890405,-0.0031452997974883434,0.00860744188561191,0.015467763723189698,0.0,-0.007003217527629446,0.015873015873015817,0.0026578753279922207,0.009710478973017578,0.002270556401757995,0.021160701529644665,-0.013469020590881065,-0.036082474226803996,-0.029268292682926744,0.009090909090909038,-0.0265486725663715,-0.03418803418803418,-0.006896551724137945,0.0,0.003530418121456602,0.0030722618004013214,0.0,-0.051724137931034475,-0.06153846153846121
2021-09-12,-0.0033782469876727506,-0.01758290487827148,-0.021008862634531722,-0.03792543590967057,-0.01686236860207968,-0.012870823638921225,-0.02514573105262763,-0.017131127705027116,-0.016144041498466488,0.0,0.0034889888506948186,0.015625,-0.004433000425960176,-0.0012125335876806975,-0.005117915088316605,-0.029104819792147185,0.014628024111051463,0.021390374331550666,-0.03015075376884424,-0.04504504504504503,0.009090909090909038,-0.0265486725663715,-0.03472222222222221,0.0,-0.006758329131598351,0.01750766838035167,0.0,-0.03495297805642633,-0.01639344262295117
2021-09-19,0.006615582669333264,-0.008140394435581021,-0.0009454846938472539,-0.0024288323995447225,-0.005894992233228535,0.0,-0.01598659633954369,-0.007341876710216466,-0.004731603587017741,0.0,0.005796534297563216,0.019350961538461497,0.0013916958801734047,-0.021008862634531722,0.011045799594354255,0.01794716389514628,-0.013043975541058295,0.015706806282722585,-0.005181347150259086,-0.009433962264150941,-0.04504504504504503,0.009090909090909038,0.007194244604316502,0.0,0.0056576897988525054,-0.009540843585361558,0.0,-0.03495297805642633,0.016666666666666607
2021-09-26,0.005793224503651606,0.0038096881377427208,0.0064516229338074105,-0.010425447063324378,0.005686428830770307,0.021433603431673776,0.008429271100215185,0.009683859318770471,0.00024797103542506527,0.0,0.0014357204790429456,0.011538461538461497,0.001621110427248329,-0.0009454846938472539,-0.0031093083458995086,-0.005328083842594866,-0.007234393731702982,0.0,-0.015625,0.0,-0.009433962264150941,-0.04504504504504503,-0.010714285714285676,0.0,-0.002192099968230443,0.005145920148036831,0.0,-0.02656739811912226,-0.008060109289617534
2021-10-03,-0.0221741189135799,-0.01781421160795899,-0.01348196844535865,-0.014802171953178345,-0.02178380062974261,-0.0018316833678664324,-0.01655920894250551,-0.03279955233313503,-0.031965017494821946,0.0,0.005459519041951522,0.0,-0.0003469244168756713,0.0064516229338074105,0.007468090567952501,0.02649019924291829,-0.004202074272331879,-0.015463917525773252,0.02645502645502651,0.023809523809523725,0.0,-0.009433962264150941,0.036101083032491044,0.0,0.012729552940011102,0.0026282026221606802,0.018105331313980733,0.01975524475524476,-0.03491196114146916
2021-10-10,0.010121799212364335,0.00799589177678204,0.01267593179373061,-0.004815671477739092,0.008336423317895969,0.022804689935761013,0.017846269057066433,0.002573344459908533,0.000881451775476938,0.0,0.001956538273577779,-0.006410256410256443,-0.0006367429297493565,-0.01348196844535865,0.009372738358432331,0.0036052629895908517,-0.022656359314364494,0.041884816753926746,0.0,0.0046511627906977715,0.023809523809523725,0.0,-0.0034843205574913716,0.0,-0.010121660790747167,0.0017891925327131464,0.0,0.034178321678321744,-0.037037037037036646
2021-10-17,0.0349339691899766,0.020454696127257258,0.015648035090834123,0.03716259835350799,0.018293460189493738,0.01255769522021577,0.0192174134014671,0.02599337567597937,0.021797656430589063,0.0,-0.0044280796967092195,0.013070263070262989,-0.00011606432188304705,0.01267593179373061,-0.010171738323711987,0.004443126434019007,0.014923120778610466,0.025125628140703515,-0.036082474226803996,0.004629629629629539,0.0046511627906977715,0.023809523809523725,0.0034965034965035446,0.0,-0.007003217527629446,0.003530418121456602,0.0,0.010664335664335778,-0.027447089947089776
2021-10-24,0.019787319167890116,0.016509243963952057,0.011024587565326982,0.026593192557908818,0.01626045991670111,0.02809421494709463,0.018563755449414465,0.016034839590943317,0.012945959049421418,0.0,-0.0036896811624687054,0.03896103896103886,-0.00011589236658704483,0.015648035090834123,0.009710478973017578,0.004423547915336501,0.010849396329774219,0.05882352941176472,0.021390374331550666,0.004608294930875667,0.004629629629629539,0.0046511627906977715,0.0,0.0,0.0034889888506948186,-0.006758329131598351,0.0,0.010664335664335778,-0.017857142857142905
2021-10-31,0.04357969466571676,0.010662566518707998,0.004176811287639248,-0.0016360504602742632,0.01352835156150789,-0.008862758529945558,-0.002958137730544985,0.01969578437689301,0.027049969373620142,0.0,0.004109745691892375,-0.06249999999999989,-0.0038257258948390938,0.011024587565326982,-0.0012125335876806975,0.0033733577900081357,0.00677866988454312,-0.05092592592592604,0.015706806282722585,0.004587155963302614,0.004608294930875667,0.004629629629629539,0.0034843205574912606,0.0,0.005796534297563216,0.0056576897988525054,0.018262161525008258,-0.007977736549165115,-0.017857142857142905
2021-11-07,0.05026099932321104,0.021525514713256293,0.014152569068081489,0.0036416984343488057,0.0202068699752862,-0.005961045241952068,0.018183578544073375,0.034358935866903195,0.030532216962309233,0.0,-0.0005571704153022328,-0.06458333333333333,-0.002205827394239135,0.004176811287639248,-0.021008862634531722,-0.0002800618729147386,-0.0005611416771983402,-0.018145889792231307,0.0,-0.031963470319634646,0.004587155963302614,0.004608294930875667,-0.00694444444444442,0.0,0.0014357204790429456,-0.002192099968230443,0.0,0.020408163265305923,-0.017857142857142905
2021-11-14,-0.03535924664877865,-0.003158128261316027,-0.005560056314673267,-0.0018141333979352359,-0.002689254359840576,0.0032483735922792523,0.004793596784157916,0.0013765314654918814,-0.006926666906350021,0.0,0.003842762300959146,-0.04640522875816999,-0.007943066866934134,0.014152569068081489,-0.0009454846938472539,-0.0004672503810605466,0.024561493448048477,-0.008226968280045432,-0.015463917525773252,0.014150943396226356,-0.031963470319634646,0.004587155963302614,0.006993006993007089,-0.0625,0.005459519041951522,0.012729552940011102,0.0,0.01929499072356211,-0.008928571428571452
2021-11-21,0.03744045052337852,0.003999666858085103,-0.012938096299776158,-0.001454148009197631,0.0034670800195168994,-0.028144620750554017,-0.010944775164323683,0.023907824851649995,0.012387678251120526,0.0,0.0061620809793665465,-0.03656182831074267,0.004121015004350026,-0.005560056314673267,0.0064516229338074105,0.0015888539476851538,-0.002191879176688949,0.00584633288077363,0.041884816753926746,0.0604651162790697,0.014150943396226356,-0.031963470319634646,0.04513888888888884,0.0,0.001956538273577779,-0.010121660790747167,0.0,0.0181818181818183,-0.006756756756756688
2021-11-28,-0.03476485959403797,-0.0210619928702662,-0.019358824023040122,-0.014652316397562704,-0.021156323956135314,-0.006406912978721535,-0.02383426209627937,-0.031054767911020464,-0.03523477330742375,0.0,0.011251537160446912,-0.03656182831074267,-0.00386960858432972,-0.012938096299776158,-0.01348196844535865,0.0382567329317518,-0.010845622652127851,0.04278074866310155,0.025125628140703515,-0.021929824561403466,0.0604651162790697,0.014150943396226356,-0.006644518272425071,0.0,-0.0044280796967092195,-0.007003217527629446,0.0,-0.012648221343873722,-0.013513513513513375
2021-12-05,-0.021659386869307018,-0.012806234021814399,-0.007965196644039607,-9.232383831814239e-05,-0.012092424080839104,-0.01908689628245286,-0.009785933652636136,-0.005181084841770489,-0.026219941929440327,0.0,-0.0023720190997311708,-0.046979865771812124,0.005061944040718247,-0.019358824023040122,0.01267593179373061,-0.03792543590967057,-0.0012491402129726215,-0.02051282051282055,0.05882352941176472,0.03139013452914785,-0.021929824561403466,0.0604651162790697,0.020066889632106788,0.0,-0.0036896811624687054,0.0034889888506948186,0.011069832552630166,-0.043478260869565744,-0.02702702702702675
2021-12-12,0.026746885725089875,0.03671886768984923,0.04040544445023353,0.02697206476601477,0.038198481872496526,0.026820906780965492,0.030821895436013325,0.059044428524617,0.03613608940877966,0.0,-0.005737693636407415,-0.04225352112676062,0.006968005579343295,-0.007965196644039607,0.015648035090834123,-0.0024288323995447225,-0.005419637015873668,-0.031198818633373593,-0.05092592592592604,0.013043478260869712,0.03139013452914785,-0.021929824561403466,0.013114754098360715,0.0,0.004109745691892375,0.005796534297563216,0.0,-0.043478260869565744,-0.0540540540540535
2021-12-19,-0.047319363245511226,-0.022993079055171912,-0.016510304100225248,0.010604895237032563,-0.019659099636643695,-0.011779739398543043,-0.027622218497680096,-0.04002757936381285,-0.029488307127933044,0.0,0.0018670759583256924,0.004608533554266769,-0.0076887364080228116,0.04040544445023353,0.011024587565326982,-0.010425447063324378,0.03660741865302852,-0.041884816753926635,-0.018145889792231307,0.017167381974249052,0.013043478260869712,0.03139013452914785,0.016181229773462924,-0.06666666666666665,-0.0005571704153022328,0.0014357204790429456,0.0,-0.05115089514066523,-0.041312741312741375
2021-12-26,0.042010756097775825,0.026495150840977522,0.01620358542194511,0.010790561618770234,0.023332780246736462,0.010779394561279965,0.018274501589167214,0.03208951936371385,0.03188534231781226,0.0,-0.0022021181786151534,0.05147058823529416,0.000587030144199252,-0.016510304100225248,0.004176811287639248,-0.014802171953178345,0.01361380284790914,-0.031914893617021156,-0.008226968280045432,-0.008438818565400852,0.017167381974249052,0.013043478260869712,-0.015923566878981,0.0,0.003842762300959146,0.005459519041951522,0.0,-0.04411764705882354,-0.0017857142857143349
2022-01-02,0.006151881888253108,0.00871877192465556,0.011019413338070772,0.033182128367970076,0.00926471123321182,0.00592492429021485,0.018187193161284698,0.005377604051318707,-0.0005366506101952551,0.0,-0.0021654350862797545,0.0362248046071576,0.0004693673046611835,0.01620358542194511,0.014152569068081489,-0.004815671477739092,0.007524614794467421,0.00876782791676406,0.00584633288077363,-0.03404255319148941,-0.008438818565400852,0.017167381974249052,-0.03559870550161803,0.0,0.0061620809793665465,0.001956538273577779,-0.004370222842313365,-0.02941176470588236,0.012500000000000011
2022-01-09,-0.024261466644843743,-0.01823389507471595,-0.0027797826740569853,-0.04546250058655921,-0.018675308404326296,0.05428934240892458,0.00642652723481163,-0.04566633320042157,-0.04532251249637265,0.0,-0.001980182561903465,0.007477462296739457,0.006398429605585454,0.011019413338070772,-0.005560056314673267,0.03716259835350799,0.024717746205370927,0.049450549450549275,0.04278074866310155,0.052863436123347984,-0.03404255319148941,-0.008438818565400852,0.04026845637583887,0.0,0.011251537160446912,-0.0044280796967092195,0.0,-0.02941176470588236,0.012500000000000011
2022-01-16,-0.019549970885059276,-0.010824816930082637,-0.008749418286803756,-0.014161911767700652,-0.0029392348737807827,-0.008258336258604393,-0.006009925474072975,-0.0010245807039166444,-0.024072299088678806,-0.013888888888888895,-0.005732456952255327,-0.02422416940489225,-0.007119204467298745,-0.0027797826740569853,-0.012938096299776158,0.026593192557908818,0.004020047334555077,0.022107473678154244,-0.02051282051282055,0.012552301255229992,0.052863436123347984,-0.03404255319148941,0.0,0.0,-0.0023720190997311708,-0.0036896811624687054,0.0,0.022727272727272263,-5.551115123125783e-16
2022-01-23,-0.013848669053758755,-0.03499946533011256,-0.046041998841205745,-0.035867900711284206,-0.05754008169641078,-0.06441347022569865,-0.0439300325503752,-0.0689550965513629,-0.0013511111016791255,-0.028695436507936517,0.0019378608358937566,-0.042424242424242364,0.003526214852607845,-0.008749418286803756,-0.019358824023040122,-0.0016360504602742632,-0.0050374996355161406,-0.00024813280067481625,-0.031198818633373593,-0.012396694214875992,0.012552301255229992,0.052863436123347984,0.003225806451612856,0.0,-0.005737693636407415,0.004109745691892375,0.0,0.022727272727272263,-0.028571428571428026
2022-01-30,0.011257225702613283,0.0099136381431831,0.013903519056625457,-0.0037012824847960646,0.00906430345415643,0.013612592494554043,-0.014822323721331632,0.02378018698785911,0.011949034575308493,-0.029613095238095244,0.012251998234260597,0.006329113924050667,-0.0031555410949125617,-0.046041998841205745,-0.007965196644039607,0.0036416984343488057,-0.01389058842812918,-0.009422784583743182,-0.041884816753926635,-0.004184100418410108,-0.012396694214875992,0.012552301255229992,-0.003215434083601254,0.0,0.0018670759583256924,-0.0005571704153022328,0.0,0.022727272727272263,-0.043697478991596705
2022-02-06,0.03537331438746927,0.016332329837788023,0.010832611805672743,0.0014288936219370996,0.015273292630288537,0.035640436866070324,0.004112362076229559,0.010126742459056759,0.02377820567299027,-0.0314484126984127,-0.007598857542751691,0.037755751930578785,-0.0009432602265340151,0.013903519056625457,0.04040544445023353,-0.0018141333979352359,-0.003686113979328387,-0.02358490566037752,-0.031914893617021156,-0.01680672268907568,-0.004184100418410108,-0.012396694214875992,0.006451612903225712,0.0,-0.0022021181786151534,0.003842762300959146,0.0,0.020000000000000018,-0.043697478991596705
2022-02-13,-0.0212580501976124,-0.013380886419572918,-0.010203164966079425,-0.019880200556847805,-0.018364296926537738,0.00024951469636658175,-0.007491543356575314,-0.02951134399067623,-0.02176614856291359,-0.035119047619047605,-0.002536715504880993,0.037796323173681534,-0.014041375585494342,0.010832611805672743,-0.016510304100225248,-0.001454148009197631,0.0027748399301894544,-0.01179245283018876,0.00876782791676406,-0.017094017094017144,-0.01680672268907568,-0.004184100418410108,-0.022435897435897578,0.0,-0.0021654350862797545,0.0061620809793665465,0.0,0.020000000000000018,-0.012170385395537497
2022-02-20,-0.0026597176293593483,-0.013858170338275359,-0.016684142220818043,-0.014848553594053349,-0.014144218389342544,-0.022189114365373852,-0.010265758645557121,-0.015817819672399702,-0.01762580141902026,-0.04246031746031742,-0.00044490182557765934,0.025498121835701326,-0.0029916945597714406,-0.010203164966079425,0.01620358542194511,-0.014652316397562704,-0.008433308767190506,0.0022421524663677195,0.049450549450549275,0.013043478260869712,-0.017094017094017144,-0.01680672268907568,0.01967213114754096,0.0,-0.001980182561903465,0.011251537160446912,0.0,0.020000000000000018,0.050574712643678965
2022-02-27,-0.021166380276017915,0.0064372738297166785,-0.001290532008694223,0.018618944535523596,0.008106303886804778,-0.003059754425737693,0.008033230372988642,0.012529659038686303,0.010817024218739535,-0.05714285714285705,0.004080807834454081,0.025498121835701326,0.0009601844468598575,-0.016684142220818043,0.011019413338070772,-9.232383831814239e-05,0.010365323114253755,0.0022421524663677195,0.022107473678154244,0.027980966598246004,0.013043478260869712,-0.017094017094017144,0.0275209530335776,0.0,-0.005732456952255327,-0.0023720190997311708,0.0,0.010000000000000009,0.06666666666666754
2022-03-06,-0.026051382442069948,-0.012803809933229965,-0.011951693685414266,0.011025054679031143,-0.012746929920580241,-0.047826139416657254,0.012710670310210004,-0.029802289582463004,-0.027834265152167248,-0.013419913419913387,0.012628150965263707,0.03504205454842391,-0.003957246925527569,-0.001290532008694223,-0.0027797826740569853,0.02697206476601477,-0.0015781451689359516,0.0,-0.00024813280067481625,0.05390197555941423,0.027980966598246004,0.013043478260869712,0.03362691644531435,0.0,0.0019378608358937566,-0.005737693636407415,0.030374614901871322,0.0050000000000000044,0.0
2022-03-13,-0.027244907042711153,-0.027810262365576103,-0.019169470738484518,-0.016261731034945215,-0.027998296280223878,-0.035059887356199915,-0.02440480663133293,-0.03389957000695959,-0.03155460434212598,0.04015151515151505,0.003405297186067857,0.04458598726114649,-0.010044064480130843,-0.011951693685414266,-0.008749418286803756,0.010604895237032563,-0.0005270537932952069,0.02232142857142838,-0.009422784583743182,0.03423486278694354,0.05390197555941423,0.027980966598246004,0.014537534603484725,0.0,0.012251998234260597,0.0018670759583256924,0.0,0.0025000000000000022,-3.3306690738754696e-16
2022-03-20,-0.009376163282842631,0.01488945227131782,0.054383310553383746,0.02907434193656777,0.06149190946431227,-0.0024977292653552974,0.050030520494272146,-0.007899156305297084,-0.007724446855890799,0.04999999999999982,-0.007780416879398011,-0.03626943005181338,-0.004385430707222193,-0.019169470738484518,-0.046041998841205745,0.010790561618770234,-0.05838922551976522,-0.017223565190268297,-0.02358490566037752,0.0035842293906809264,0.03423486278694354,0.05390197555941423,-0.002808988764045006,-0.02564102564102566,-0.007598857542751691,-0.0022021181786151534,0.0,0.0012500000000000011,-4.996003610813204e-16
2022-03-27,0.009942272219144455,0.012742677738646594,0.003888538609399861,0.004543413887408088,0.01837950973585234,-0.007798298618340083,0.01191231019121286,0.011857730408039502,0.01316654472352996,0.006818181818181723,-0.0029970029970030065,-0.03626943005181338,-0.002447092671857054,0.054383310553383746,0.013903519056625457,0.033182128367970076,0.03849371364327059,-0.01567241506920286,-0.01179245283018876,-0.010714285714285676,0.0035842293906809264,0.03423486278694354,0.0,0.0,-0.002536715504880993,-0.0021654350862797545,0.0,0.0006250000000000006,-5.828670879282072e-16
2022-04-03,0.010198439360621814,0.001269735850408362,-0.0015205636200905648,0.039293508887133566,0.0005080291729715469,-0.032894774001712146,-0.014847588831790715,0.001516922995216996,0.006507039626756805,-0.036363636363636376,-0.003054342966725798,-0.03626943005181338,-0.0025757309703128284,0.003888538609399861,0.010832611805672743,-0.04546250058655921,0.016044944036155195,0.025423728813559254,0.0022421524663677195,0.02352372356885002,-0.010714285714285676,0.0035842293906809264,0.03943661971830981,0.0,-0.00044490182557765934,-0.001980182561903465,0.01956109099151626,0.0003125000000000003,-6.245004513516506e-16
2022-04-10,-0.031042441447693303,-0.016267221647618645,-0.0018392339839001792,-0.001635829637416042,-0.011812231529641726,-0.008634230640837015,-0.025249609394976336,-0.03818000472187255,-0.038600427724993835,-0.036363636363636376,0.00782416661544616,-0.013184219976401845,0.00822794645253655,-0.0015205636200905648,-0.010203164966079425,-0.014161911767700652,0.02145535846479585,-0.018057366362451144,0.0022421524663677195,0.02729356483869133,0.02352372356885002,-0.010714285714285676,0.06233062330623307,0.0,0.004080807834454081,-0.005732456952255327,0.0,0.00015625000000000014,-6.453171330633722e-16
2022-04-17,-0.006017383725103076,-0.016358791696892975,-0.008505170287902653,-0.012289506908103598,-0.02185121472233631,-0.02639225869798323,0.0034136050728141853,-0.03785834086604323,-0.026250450140398174,0.05063291139240489,0.0025425686987461393,0.012303436225975406,-0.018201754089290034,-0.0018392339839001792,-0.016684142220818043,-0.035867900711284206,0.027005963205212202,-0.06153846153846154,0.0,-0.022287938529976736,0.02729356483869133,0.02352372356885002,-0.007653061224489721,-0.05263157894736836,0.012628150965263707,0.0019378608358937566,0.0,7.812500000000007e-05,-6.557254739192331e-16
2022-04-24,-0.010239612130089504,-0.02001786050212825,-0.017485559047440313,0.009769512415008563,-0.026839545679225973,-0.019517474485192143,-0.0151090305118744,-0.02427723623309619,-0.038333231174385585,0.03736464846728682,0.011307155886584042,0.014705882352941124,-0.002364212315537406,-0.008505170287902653,-0.001290532008694223,-0.0037012824847960646,0.0015242457953272837,-0.0017837235228539416,0.02232142857142838,-0.04140127388535042,-0.022287938529976736,0.02729356483869133,-0.033419023136246895,0.0,0.003405297186067857,0.012251998234260597,0.0,3.9062500000000035e-05,-6.609296443471635e-16
2022-05-01,-0.02175085521756176,-0.03177175326687934,-0.0253642398641718,-0.05303033193980167,-0.03295460261716532,-0.04589437282681719,-0.033424754961037695,-0.011601816527916697,-0.03930516322083555,0.024096385542168752,0.012232130905319938,0.00010656436487638254,-0.018208833773963762,-0.017485559047440313,-0.011951693685414266,0.0014288936219370996,0.005073553422683341,0.03412249354774677,-0.017223565190268297,-0.007411600397824736,-0.04140127388535042,-0.022287938529976736,-0.004741426461740417,0.0,-0.007780416879398011,-0.007598857542751691,0.010408357913101351,1.9531250000000017e-05,-6.635317295611287e-16
2022-05-08,-0.032951710882072716,-0.008268539804583882,-0.0018802943856089938,-0.03778311580650828,-0.0016019518590331128,0.006664906243868618,0.00399399810014156,-0.006010390062606175,-0.015402111257588724,0.012048192771084376,0.0030256818874230262,-0.007193094629155988,0.008226060664220602,-0.0253642398641718,-0.019169470738484518,-0.019880200556847805,-0.020191968688586748,0.010273972602739878,-0.01567241506920286,0.02657807308970095,-0.007411600397824736,-0.04140127388535042,0.04321808510638303,0.0,-0.0029970029970030065,-0.002536715504880993,0.0,9.765625000000009e-06,-4.773959005888173e-15
2022-05-15,-0.032951710882072716,-0.02233456316963156,-0.020786081924613065,-0.030652122705525753,-0.02338688833932323,-0.03483041953509236,-0.025334830887478788,-0.033506471272687466,-0.027967860103125353,0.0,0.008104226764809708,-0.032960662525879814,-0.019704135972909986,-0.0018802943856089938,0.054383310553383746,-0.014848553594053349,-0.011849492333640299,0.0068319015556072005,0.025423728813559254,0.05509641873278248,0.02657807308970095,-0.007411600397824736,0.05953054298642535,0.0,-0.003054342966725798,-0.00044490182557765934,0.0,4.882812500000004e-06,-8.881784197001252e-15
2022-05-22,-0.03686355186409784,-0.029416492983032196,-0.028132008174021617,-0.019530817257641497,-0.030095649551667658,-0.026511476551973112,-0.0360902610880558,-0.03441846479202709,-0.038151620738034686,0.024271844660194164,-0.012316043635496765,-0.02501721170395857,-0.0070867459428419766,-0.020786081924613065,0.003888538609399861,0.018618944535523596,-0.004425720764583363,-0.018428923755050675,-0.018057366362451144,0.037992073596156306,0.05509641873278248,0.02657807308970095,0.0565610859728507,0.0,0.00782416661544616,0.004080807834454081,0.0,2.441406250000002e-06,-8.881784197001252e-15
2022-05-29,-0.004942600855597723,0.02403091650276919,0.06289575505096945,0.057757234526186974,0.06578031655170902,-0.018936072204557897,0.06385105565858495,-0.02286103027880232,0.06838711974604905,0.024271844660194164,-0.008743567824877285,0.001394148020654129,-0.00986246127173096,-0.028132008174021617,-0.0015205636200905648,0.011025054679031143,0.031909416878219576,-0.037865774493158866,-0.06153846153846154,0.02088772845953013,0.037992073596156306,0.05509641873278248,0.01070663811563155,0.0,0.0025425686987461393,0.012628150965263707,0.0,1.220703125000001e-06,-8.881784197001252e-15
2022-06-05,-0.03034719452920298,-0.01667140364465616,-0.00819086525914181,-0.020027936489172005,-0.011366347061215087,-0.04339302549985735,0.000838077181851693,-0.03698380145546287,-0.009759965906411483,0.036407766990291246,-0.000619722739597317,0.054216867469879526,-0.0014416010913974597,0.06289575505096945,-0.0018392339839001792,-0.016261731034945215,0.022543620150330124,-0.03548387096774186,-0.0017837235228539416,0.06649616368286448,0.02088772845953013,0.037992073596156306,0.05932203389830515,0.0,0.011307155886584042,0.003405297186067857,0.0,6.103515625000005e-07,-8.881784197001252e-15
2022-06-12,-0.05575178820280824,-0.046552938347718155,-0.045483531186836346,-0.0564319186693536,-0.05051877936142468,-0.06710644015945277,-0.04929365071267511,-0.06357600066468783,-0.05599983611136494,0.05494669128596108,0.014693068167782597,0.029965576592082654,-0.010506775986074413,-0.00819086525914181,-0.008505170287902653,0.02907434193656777,-0.015733542651305332,-0.006688963210702337,0.03412249354774677,0.050359712230215736,0.06649616368286448,0.02088772845953013,0.02200000000000002,0.0,0.012232130905319938,-0.007780416879398011,0.0,-1.7208456881689926e-15,-8.881784197001252e-15
2022-06-19,-0.05684386109632822,-0.046471826546288675,-0.04758445101249753,-0.05422438517226863,-0.05736176951262073,-0.049185200505304394,-0.05812417471276998,-0.05646567902980976,-0.051883030442848366,0.046012269938650374,0.010094028623787166,0.01783993115318422,0.00916969040062332,-0.045483531186836346,-0.017485559047440313,0.004543413887408088,-0.02573832424185063,0.047138047138046923,0.010273972602739878,0.004566210045662267,0.050359712230215736,0.06649616368286448,-0.001956947162426781,0.0,0.0030256818874230262,-0.0029970029970030065,0.0,-3.4416913763379853e-15,-8.881784197001252e-15
2022-06-26,-0.052711139842651744,0.013981302200509419,0.05456585848151829,-0.02776297032178493,0.06620017029680536,0.051160277585396985,0.04265964757542995,-0.047307875921995424,-0.044549299898854866,0.030674846625766916,-0.00623839792526637,-0.014534161490683206,0.0050037217293508185,-0.04758445101249753,-0.0253642398641718,0.039293508887133566,-0.04296432036384057,0.02893890675241173,0.0068319015556072005,0.027272727272727115,0.004566210045662267,0.050359712230215736,0.033333333333333215,0.0,0.008104226764809708,-0.003054342966725798,0.0,-3.4416913763379853e-15,-8.881784197001252e-15
2022-07-03,-0.0010304613789062778,-0.008752750352343167,-0.01323689630805902,-0.005489464870003735,-0.022662027953929353,-0.014223855314137723,-0.008106338118856415,-0.0012033355223214914,0.0021351613001234226,0.030674846625766916,0.008315814915807795,-0.034782608695652195,0.010482268345698209,0.05456585848151829,-0.0018802943856089938,-0.001635829637416042,0.06635251997269354,0.031249999999999778,-0.018428923755050675,-0.008849557522123686,0.027272727272727115,0.004566210045662267,0.00569259962049351,0.0,-0.012316043635496765,0.00782416661544616,0.0033189389473118336,-3.4416913763379853e-15,-8.881784197001252e-15
2022-07-10,0.045425422937642734,0.015797437119834855,0.008396188808572402,-0.007469840771621272,0.019489088209571515,0.006273635414955292,-0.0021565816858196696,0.04285372340441618,0.04560269762362479,0.0,0.008081661769563375,-0.034782608695652195,-0.01066806102425033,-0.01323689630805902,-0.020786081924613065,-0.012289506908103598,0.005078942446351542,-0.012121212121212088,-0.037865774493158866,-0.011160714285714413,-0.008849557522123686,0.027272727272727115,-0.009433962264150941,0.0,-0.008743567824877285,0.0025425686987461393,0.0,-3.4416913763379853e-15,-8.881784197001252e-15
2022-07-17,-0.01045298184878296,-0.007586958783933737,-0.002135509773379174,-0.004193191559056508,-0.009107989949969308,-0.0093516620161328,-0.012171519702082745,-0.003687600210938613,-0.01571850300435007,0.05063291139240511,0.008013603596683794,-0.034782608695652195,-0.01628344491315248,0.008396188808572402,-0.028132008174021617,0.009769512415008563,-0.004370364297500262,-0.04601226993865026,-0.03548387096774186,-0.02708803611738153,-0.011160714285714413,-0.008849557522123686,-0.028571428571428692,0.0,-0.000619722739597317,0.011307155886584042,0.0,-3.4416913763379853e-15,-0.02777777777778284
2022-07-24,0.06842026810252766,0.02960450581161421,0.020469723022736197,0.029475260236324186,0.0258613677673738,0.030522272114102522,0.04157064695852841,0.03656139856770513,0.033328364860115034,0.009252198668090073,-0.0082101100761105,-0.03662207357859493,-0.007609415716709589,-0.002135509773379174,0.06289575505096945,-0.05303033193980167,0.0005487069475467177,0.05144694533762073,-0.006688963210702337,0.0023201856148493682,-0.02708803611738153,-0.011160714285714413,-0.0019607843137254832,0.0,0.014693068167782597,0.012232130905319938,0.0,-3.4416913763379853e-15,-0.0555555555555568
2022-07-31,0.052213217764694786,0.04077277425417855,0.030088384574739058,0.0501311287209778,0.04277519087130588,0.029312990064862765,0.05737977804967076,0.05101284331195344,0.04703184790325299,0.009252198668090073,-0.005344621417881723,-0.03846153846153766,0.006591431688654614,0.020469723022736197,-0.00819086525914181,-0.03778311580650828,0.003564370968837327,-0.051987767584097844,0.047138047138046923,0.008104537251869104,0.0023201856148493682,-0.02708803611738153,0.012772063638815112,0.0,0.010094028623787166,0.0030256818874230262,-0.005820737360361705,-3.4416913763379853e-15,-0.0555555555555568
2022-08-07,0.00908930707945732,0.006565190572179886,-0.002099338931570438,-0.015779413057676828,0.0035922126467025084,-0.0005932599019168316,0.005018855212895801,0.019414779148367867,0.02153708677610222,-0.006374334547492311,0.004446420266012829,-0.03846153846153766,0.013766744381142448,0.030088384574739058,-0.045483531186836346,-0.030652122705525753,0.017622984647848172,-0.032258064516129115,0.02893890675241173,0.018378955878955883,0.008104537251869104,0.0023201856148493682,0.0163476115050204,0.0,-0.00623839792526637,0.008104226764809708,0.0,-3.4416913763379853e-15,-0.0555555555555568
2022-08-14,0.034081945906240474,0.034497128766843584,0.030063450981890227,0.04200907465755077,0.032964930934114456,0.05550608145967062,0.03870156558484261,0.024418524839000977,0.030783258293457738,0.030602470009137295,-0.010509307928612599,-0.03846153846153766,-0.0104343665011003,-0.002099338931570438,-0.04758445101249753,-0.019530817257641497,0.002013809308323067,0.0,0.031249999999999778,0.0022881699710968206,0.018378955878955883,0.008104537251869104,-0.006871281467937973,-0.02777777777777779,0.008315814915807795,-0.012316043635496765,0.0,-3.4416913763379853e-15,-0.0555555555555568
2022-08-21,-0.014007372234346449,-0.011678878805443004,-0.0004128626029238358,-0.019768231518027424,-0.011613143199161402,-0.016872966053384397,-0.010015991271803526,-0.016599195460206495,-0.026210294466683215,0.041825095057034245,0.01659860818404968,-0.03846153846153766,0.009076404291307405,0.030063450981890227,0.05456585848151829,0.057757234526186974,0.011655927733709381,0.020000000000000018,-0.012121212121212088,0.0022881699710968206,0.0022881699710968206,0.018378955878955883,-0.018932874354561036,0.0,0.008081661769563375,-0.008743567824877285,0.0,-3.4416913763379853e-15,-0.0555555555555568
2022-08-28,-0.04685734017964627,-0.03803540348821372,-0.04186457645137076,-0.037353465999926394,-0.03986839797628716,-0.03546908256408465,-0.0335897402256935,-0.05556672618363434,-0.044352618667970245,0.054744525547445244,0.00022121464733748653,-0.038461538461539324,0.011640124339814317,-0.0004128626029238358,-0.01323689630805902,-0.020027936489172005,0.018540622248166327,0.019607843137254832,-0.04601226993865026,0.01557275966018079,0.0022881699710968206,0.0022881699710968206,-0.07017543859649134,0.0,0.008013603596683794,-0.000619722739597317,0.0,-3.4416913763379853e-15,-0.06111111111111106
2022-09-04,-0.026239896234795834,-0.03247544374055728,-0.028396186419656688,-0.03808052782856475,-0.03224688954983479,-0.024614486751897147,-0.03517571885503468,-0.05025754148386097,-0.042073942716348345,0.01730103806228378,0.005750308778246449,-0.028846153846154493,0.005491623724889427,-0.04186457645137076,0.008396188808572402,-0.0564319186693536,-0.03198556954446086,0.03205128205128216,0.05144694533762073,0.03328441161610074,0.01557275966018079,0.0022881699710968206,0.039622641509434064,0.0,-0.0082101100761105,0.014693068167782597,0.005014565477293065,-3.4416913763379853e-15,-0.06666666666666532
2022-09-11,0.05781717094843075,0.03647754809324593,0.027154536981157218,0.044093975171265454,0.03661024036313232,0.04469457881346717,0.03396258241605943,0.03274355474480495,0.041394119110485406,0.04761904761904767,0.0002150504600544334,-0.019230769230769662,-0.00973312014311889,-0.028396186419656688,-0.002135509773379174,-0.05422438517226863,-0.02538613756471364,-0.0031055900621118626,-0.051987767584097844,0.017130620985010614,0.03328441161610074,0.01557275966018079,0.005444646098003769,0.0,-0.005344621417881723,0.010094028623787166,0.0,-3.4416913763379853e-15,-0.06666666666666532
2022-09-18,0.009027777846533136,-0.036359685168944854,-0.041612809721074506,-0.059699924182649466,-0.04785094964336645,-0.03783478177469346,-0.06380520546536461,-0.06188021862793158,-0.054812765132320806,0.038961038961039085,0.008773142254391963,-0.019230769230769662,0.003947440942144054,0.027154536981157218,0.020469723022736197,-0.02776297032178493,0.01956999657648839,0.04361370716510904,-0.032258064516129115,-0.03578947368421048,0.017130620985010614,0.03328441161610074,-0.04332129963898923,0.05714285714285716,0.004446420266012829,-0.00623839792526637,0.0,-3.4416913763379853e-15,-0.06666666666666532
2022-09-25,-0.033437743038423395,-0.03368359612419262,-0.03957166243423993,-0.0623975147746223,-0.045673732092153085,-0.05585791942161056,-0.04544681452580901,-0.03624035189095909,-0.05070321471289063,0.012499999999999956,0.018950529590822107,-0.009615384615384831,-0.0106160914312734,-0.041612809721074506,0.030088384574739058,-0.005489464870003735,-0.035820442990455836,0.035820895522387985,0.0,-0.052829234658699153,-0.03578947368421048,0.017130620985010614,-0.058490566037735725,0.0,-0.010509307928612599,0.008315814915807795,0.0,-3.4416913763379853e-15,-0.06666666666666532
2022-10-02,-0.0198749402320057,-0.02600335841163973,-0.028932586478914946,-0.0410684994129904,-0.029270330391368615,-0.022222220835577566,-0.02253697103503216,-0.040084058557814495,-0.026896527555630656,0.02777777777777768,0.0018471482829933716,-0.0048076923076924155,-0.003974109429530581,-0.03957166243423993,-0.002099338931570438,-0.007469840771621272,-0.02101059225005164,0.014409221902017322,0.020000000000000018,-0.03929179629153945,-0.052829234658699153,-0.03578947368421048,0.04609218436873741,0.0,0.01659860818404968,0.008081661769563375,-0.0011594241749993683,-3.4416913763379853e-15,-0.06666666666666532
2022-10-09,-0.012636009642529089,0.01498141612685351,0.019735652791429636,-0.03426681335966064,0.015706380672827258,0.017457185860796143,0.02800584547369933,0.016753653093523502,0.007260120218644861,0.031906906906906896,-0.0014826861658080448,-0.0024038461538462078,-0.010698777716919294,-0.028932586478914946,0.030063450981890227,-0.004193191559056508,-0.03819544028482502,0.02556818181818188,0.019607843137254832,0.028609734492087424,-0.03929179629153945,-0.052829234658699153,0.01442540252919633,0.0,0.00022121464733748653,0.008013603596683794,0.0,-3.4416913763379853e-15,-0.06666666666666532
2022-10-16,-0.03825080928104618,-0.011846800388649218,0.013141268396992034,-0.021111369858379025,-0.014223141464105749,0.003884762986869461,-0.004931934530175375,-0.032872343843800333,-0.03107381717258928,0.03603603603603611,0.008071375230908284,-0.0012019230769231039,-0.005388819817198853,0.019735652791429636,-0.0004128626029238358,0.029475260236324186,-0.0034466239969535017,0.049861495844875314,0.03205128205128216,0.06593406593406592,0.028609734492087424,-0.03929179629153945,0.0012892202547375442,-0.05405405405405406,0.005750308778246449,-0.0082101100761105,0.0,-3.4416913763379853e-15,-0.06666666666666532
2022-10-23,0.052709249729088636,0.04068660082479887,0.04799769288797595,0.02468487272879405,0.046584465188574065,0.038052136764365585,0.046613200248822206,0.06455476889179979,0.05215674404914017,0.022004889975550057,-0.004957821864634004,-0.0006009615384615519,-0.009074757029521097,0.013141268396992034,-0.04186457645137076,0.0501311287209778,0.015488614387511479,0.01846965699208436,-0.0031055900621118626,0.026804123711340333,0.06593406593406592,0.028609734492087424,0.03022793111132327,0.0,0.0002150504600544334,-0.005344621417881723,0.0,-3.4416913763379853e-15,-0.06666666666666532
2022-10-30,0.01797766471894513,0.0329100753422378,0.05693502876982448,0.06618475728665696,0.03935449348053077,0.062131172060669426,0.06686214627266462,0.042142513797851944,0.022351448735485224,0.014590961734186503,-0.003459868658213461,-0.00030048076923076903,-0.015855679324980998,0.04799769288797595,-0.028396186419656688,-0.015779413057676828,0.020435450556582024,0.02607420673438421,0.04361370716510904,0.03614457831325302,0.026804123711340333,0.06593406593406592,0.0406360424028267,0.0,0.008773142254391963,0.004446420266012829,0.0,-8.326672684688674e-16,-0.06666666666666532
2022-11-06,-0.051462549130893764,-0.013330655048614313,-0.01351263870948749,-0.017124522522719232,-0.032568949680612636,-0.008189589466496283,0.0047558239016312065,-0.012074306989375172,-0.017070301702129198,0.0071770334928229484,-0.0004655387313283743,-0.00015024038461537064,-0.00930562297148585,0.05693502876982448,0.027154536981157218,0.04200907465755077,0.061819629866008974,-0.003945841161196062,0.035820895522387985,0.009689922480620172,0.03614457831325302,0.026804123711340333,0.022071307300509213,0.0,0.018950529590822107,-0.010509307928612599,0.0,1.7763568394002505e-15,-0.06666666666666532
2022-11-13,0.05519991285330916,0.023432928985454012,0.04211148604212345,0.06521486657647979,0.058881387663345164,0.05780014572022263,0.046912709964612054,-0.037088808226892644,-0.03607369278052264,0.016627078384798155,-0.019148690101828958,2.7755575615628914e-17,-0.0034283637485283958,-0.01351263870948749,-0.041612809721074506,-0.019768231518027424,-0.018040180706803688,-0.006327388074236995,0.014409221902017322,0.026917897900578858,0.009689922480620172,0.03614457831325302,0.04485049833887045,0.0,0.0018471482829933716,0.01659860818404968,0.0,1.7763568394002505e-15,-0.06666666666666532
2022-11-20,-0.028258144686025166,-0.001804615971620294,0.0007841932058190171,-0.016469834430497654,-0.006223228560253702,-0.013939335145761622,-0.0009041800527243016,0.0017725628850141506,-0.0042254617904528,0.014018691588784993,-0.006854017842103377,0.05357142857142819,-0.011419600667346042,0.04211148604212345,-0.03957166243423993,-0.037353465999926394,0.023242940452904426,0.028915662650602192,0.02556818181818188,0.01703937961328894,0.026917897900578858,0.009689922480620172,0.06518282988871227,0.0,-0.0014826861658080448,0.00022121464733748653,0.0,1.7763568394002505e-15,-0.06666666666666532
2022-11-27,0.011631955351720347,0.016555575440656976,0.018229326701974635,0.0185933920465029,0.01590781849916545,0.02092181767507406,0.01870482731318379,0.011431614447211302,0.007204409840396053,0.016129032258064502,-0.004036605665300952,0.053560788059926964,-0.008842000072935674,0.0007841932058190171,-0.028932586478914946,-0.03808052782856475,0.015778082826658713,-0.05620608899297408,0.049861495844875314,0.01106813786827432,0.01703937961328894,0.026917897900578858,-0.005970149253731294,0.0,0.008071375230908284,0.005750308778246449,0.0,1.7763568394002505e-15,-0.03333333333333449
2022-12-04,0.023347151367420382,0.007580177206136746,0.003551569871892424,0.006575983057168999,0.011383792517916769,-0.004984782313358749,0.010167827398458007,0.01317366344027704,0.020945314516362723,-0.015873015873015928,-0.010887378960419802,0.05355014754842575,0.015395910464788276,0.018229326701974635,0.019735652791429636,0.044093975171265454,0.021022930546977125,-0.027295285359801524,0.01846965699208436,0.0322033898305083,0.01106813786827432,0.01703937961328894,0.039039039039038936,0.0,-0.004957821864634004,0.0002150504600544334,-0.005142949160957921,1.7763568394002505e-15,-3.6637359812630166e-15
2022-12-11,-0.044738397810981434,-0.03226298589147629,-0.02717985335770634,-0.019035868449728488,-0.03349643365287147,-0.0389647240008153,-0.03185783125050834,-0.03287538906642451,-0.039862136963966344,-0.00691244239631339,0.0032523191322775258,0.053528866525423324,-0.007194026041888235,0.003551569871892424,0.013141268396992034,-0.059699924182649466,0.012328015419885707,-0.04591836734693866,0.02607420673438421,0.02298850574712663,0.0322033898305083,0.01106813786827432,0.0028901734104047616,0.0,-0.003459868658213461,0.008773142254391963,0.0,-0.05882352941176838,-3.6637359812630166e-15
2022-12-18,-0.03958960809322154,-0.017288807987860463,-0.0168680092623007,-0.0207587670640329,-0.02097741718226287,-0.024036987024040002,-0.00979114007832882,-0.026201187874997034,-0.027189485666132218,0.0,0.0019735035694672387,0.05348630447941849,0.02274694038557512,-0.02717985335770634,0.04799769288797595,-0.0623975147746223,-0.016841665417539065,-0.048128342245989386,-0.003945841161196062,0.020866773675762396,0.02298850574712663,0.0322033898305083,0.020172910662824117,0.028571428571428692,-0.0004655387313283743,0.018950529590822107,0.0,-0.05882352941176838,-3.6637359812630166e-15
2022-12-25,-0.030806521831751033,0.0019853766008677692,0.008997946335172147,0.00011839048410489106,-0.0009392744770532202,0.013735360602371793,0.007743324401839002,-0.019785206171345715,-0.019387375323151823,0.006960556844547661,-0.005340392960925033,0.05340118038740882,0.0036367165408695,-0.0168680092623007,0.05693502876982448,-0.0410684994129904,-0.013572285005074902,0.0,-0.006327388074236995,-0.011006289308176154,0.020866773675762396,0.02298850574712663,-0.01836158192090398,0.0,-0.019148690101828958,0.0018471482829933716,0.0,-0.05882352941176838,-3.6637359812630166e-15
2023-01-01,-0.002085895182463715,-0.003456730532936936,-0.00180755749340622,-0.004022246385938066,-0.0012536504579694352,0.007363765907083097,-0.0018294563341690884,-0.0012841344578928826,-0.0029891693889630977,0.018433179723502224,-0.0045359915183845745,0.05323093220338948,0.011289058790523443,0.008997946335172147,-0.01351263870948749,-0.03426681335966064,0.011476242510864987,-0.004213483146067454,0.028915662650602192,0.014308426073131875,-0.011006289308176154,0.020866773675762396,0.018705035971223083,0.0,-0.006854017842103377,-0.0014826861658080448,-0.007671685578917176,-2.6645352591003757e-15,-3.6637359812630166e-15
